study,mech,batch,epochs,lr,eps,seed,mechanism,clip,noise_scale,ledger_mode,ledger_clip,ledger_eps_param,ledger_batch,ledger_shards,ledger_epochs,ledger_sensitivity_in_clip_norm,ledger_per_update_eps_actual,ledger_per_update_delta,ledger_per_record_total_eps,ledger_per_record_total_delta,accuracy,balanced_accuracy,roc_auc,log_loss,seconds,sigma,ledger_noise_multiplier,mode,arm,arch,convention,test_inputs,ledger_feature_eps,ledger_record_eps_basic,ledger_mechanism,ledger_noise_scale,ledger_noise_std,ledger_record_eps,ledger_accountant,shards,noise_std,draws,base_accuracy,base_roc_auc
S2,laplace,1.0,10.0,0.001,0.2,101,laplace,l2,5.0,literal,l2,0.2,1.0,1.0,10.0,2.0,21.707141681944215,0.0,217.07141681944216,0.0,0.6217798594847775,0.5,0.6876096855631935,0.819442727947673,9.210159063339233,,,,,,,,,,,,,,,,,,,
S2,gaussian,1.0,10.0,0.01,0.2,101,gaussian,l2,1.1,literal,l2,0.2,1.0,1.0,10.0,2.0,9.806223865289986,1.0000000000000002e-06,98.06223865289986,1e-05,0.7997658079625293,0.8080582812964614,0.8758636371586994,2.9726387051082734,8.772282361984253,1.1,1.1,,,,,,,,,,,,,,,,,
S2,laplace,1.0,10.0,0.001,0.2,202,laplace,l2,5.0,literal,l2,0.2,1.0,1.0,10.0,2.0,21.707141681944215,0.0,217.07141681944216,0.0,0.6358313817330211,0.5191822194236005,0.8513523756216731,0.607943927955578,9.674545049667358,,,,,,,,,,,,,,,,,,,
S2,laplace,1.0,10.0,0.001,0.2,303,laplace,l2,5.0,literal,l2,0.2,1.0,1.0,10.0,2.0,21.707141681944215,0.0,217.07141681944216,0.0,0.6370023419203747,0.521942943100523,0.8521219965833493,0.608149113116945,8.94177770614624,,,,,,,,,,,,,,,,,,,
S2,gaussian,1.0,10.0,0.01,0.2,202,gaussian,l2,1.1,literal,l2,0.2,1.0,1.0,10.0,2.0,9.806223865289986,1.0000000000000002e-06,98.06223865289986,1e-05,0.7810304449648712,0.7796522712564062,0.847087392792383,3.268570884802985,8.249507665634155,1.1,1.1,,,,,,,,,,,,,,,,,
S2,laplace,1.0,10.0,0.001,0.2,404,laplace,l2,5.0,literal,l2,0.2,1.0,1.0,10.0,2.0,21.707141681944215,0.0,217.07141681944216,0.0,0.6217798594847775,0.5,0.8333129267169253,0.6631052446560043,8.90446949005127,,,,,,,,,,,,,,,,,,,
S2,gaussian,1.0,10.0,0.01,0.2,303,gaussian,l2,1.1,literal,l2,0.2,1.0,1.0,10.0,2.0,9.806223865289986,1.0000000000000002e-06,98.06223865289986,1e-05,0.7377049180327869,0.7205576253695055,0.7757458618297155,3.8581518136866073,8.271008491516113,1.1,1.1,,,,,,,,,,,,,,,,,
S2,laplace,1.0,10.0,0.001,0.2,505,laplace,l2,5.0,literal,l2,0.2,1.0,1.0,10.0,2.0,21.707141681944215,0.0,217.07141681944216,0.0,0.6264637002341921,0.5061919504643962,0.8724353256021409,0.5991192348912082,9.3426353931427,,,,,,,,,,,,,,,,,,,
S2,gaussian,1.0,10.0,0.01,0.2,404,gaussian,l2,1.1,literal,l2,0.2,1.0,1.0,10.0,2.0,9.806223865289986,1.0000000000000002e-06,98.06223865289986,1e-05,0.7693208430913349,0.7587150828217104,0.7906543527312799,3.466975378857384,8.481988668441772,1.1,1.1,,,,,,,,,,,,,,,,,
S3,,1.0,10.0,0.001,0.2,101,laplace,l1,10.0,per_update,l1,0.2,1.0,1.0,10.0,2.0,0.2,0.0,2.0,0.0,0.6100702576112412,0.494828380356008,0.5072210269775469,0.6818610289629817,9.17365026473999,,,per_update,laplace_l1,,,,,,,,,,,,,,,
S2,gaussian,1.0,10.0,0.01,0.2,505,gaussian,l2,1.1,literal,l2,0.2,1.0,1.0,10.0,2.0,9.806223865289986,1.0000000000000002e-06,98.06223865289986,1e-05,0.7131147540983607,0.6825925731577198,0.7323613953461254,4.342346490320399,8.515559673309326,1.1,1.1,,,,,,,,,,,,,,,,,
S3,,1.0,10.0,0.001,0.2,202,laplace,l1,10.0,per_update,l1,0.2,1.0,1.0,10.0,2.0,0.2,0.0,2.0,0.0,0.48009367681498827,0.5534216065254529,0.5734200906053768,0.7698264300666663,9.080777645111084,,,per_update,laplace_l1,,,,,,,,,,,,,,,
S3,,1.0,10.0,0.001,0.2,303,laplace,l1,10.0,per_update,l1,0.2,1.0,1.0,10.0,2.0,0.2,0.0,2.0,0.0,0.6194379391100703,0.5781573408429682,0.6313632202806784,0.6533160147114907,8.809667110443115,,,per_update,laplace_l1,,,,,,,,,,,,,,,
S3,,1.0,10.0,0.001,0.2,404,laplace,l1,10.0,per_update,l1,0.2,1.0,1.0,10.0,2.0,0.2,0.0,2.0,0.0,0.4484777517564403,0.4716056508836065,0.466827587413199,0.7643535048449834,11.447488784790039,,,per_update,laplace_l1,,,,,,,,,,,,,,,
S3,,1.0,10.0,0.001,0.2,505,laplace,l1,10.0,per_update,l1,0.2,1.0,1.0,10.0,2.0,0.2,0.0,2.0,0.0,0.43208430913348944,0.5069324191169182,0.5801367826345525,0.741547859356267,10.30596375465393,,,per_update,laplace_l1,,,,,,,,,,,,,,,
S3,,1.0,10.0,0.001,0.2,101,gaussian,l1,37.97759970789102,per_update,l1,0.2,1.0,1.0,10.0,2.0,0.2,1.0000000000000002e-06,2.0,1e-05,0.6217798594847775,0.5048509442432935,0.6029747016261158,0.6796812246782802,8.405895948410034,,,per_update,gaussian_l1,,,,,,,,,,,,,,,
S3,,1.0,10.0,0.001,0.2,202,gaussian,l1,37.97759970789102,per_update,l1,0.2,1.0,1.0,10.0,2.0,0.2,1.0000000000000002e-06,2.0,1e-05,0.531615925058548,0.5524071061668795,0.5838799391299784,0.6982166780288188,8.589896202087402,,,per_update,gaussian_l1,,,,,,,,,,,,,,,
S3,,1.0,10.0,0.001,0.2,303,gaussian,l1,37.97759970789102,per_update,l1,0.2,1.0,1.0,10.0,2.0,0.2,1.0000000000000002e-06,2.0,1e-05,0.41569086651053866,0.5155789940121157,0.47914735326185187,1.0231308198748488,9.195523262023926,,,per_update,gaussian_l1,,,,,,,,,,,,,,,
S3,,1.0,10.0,0.001,0.2,404,gaussian,l1,37.97759970789102,per_update,l1,0.2,1.0,1.0,10.0,2.0,0.2,1.0000000000000002e-06,2.0,1e-05,0.446135831381733,0.5400611032399877,0.584247258225324,0.8136406342152974,8.927943229675293,,,per_update,gaussian_l1,,,,,,,,,,,,,,,
S3,,1.0,10.0,0.001,0.2,505,gaussian,l1,37.97759970789102,per_update,l1,0.2,1.0,1.0,10.0,2.0,0.2,1.0000000000000002e-06,2.0,1e-05,0.6100702576112412,0.5051366368730067,0.43930197710960683,0.7041532855673501,8.593277215957642,,,per_update,gaussian_l1,,,,,,,,,,,,,,,
S3,,1.0,10.0,0.001,0.2,101,gaussian,l2,37.97759970789102,per_update,l2,0.2,1.0,1.0,10.0,2.0,0.2,1.0000000000000002e-06,2.0,1e-05,0.6217798594847775,0.5006063680304117,0.6380682513861923,0.7239245074457233,8.712332010269165,,,per_update,gaussian_l2,,,,,,,,,,,,,,,
S3,,1.0,10.0,0.001,0.2,202,gaussian,l2,37.97759970789102,per_update,l2,0.2,1.0,1.0,10.0,2.0,0.2,1.0000000000000002e-06,2.0,1e-05,0.639344262295082,0.5832502492522433,0.6263956668007673,0.644351210662759,8.421902894973755,,,per_update,gaussian_l2,,,,,,,,,,,,,,,
S3,,1.0,10.0,0.001,0.2,303,gaussian,l2,37.97759970789102,per_update,l2,0.2,1.0,1.0,10.0,2.0,0.2,1.0000000000000002e-06,2.0,1e-05,0.49765807962529274,0.541472075003061,0.5131039629649065,0.8669728756066145,8.360188722610474,,,per_update,gaussian_l2,,,,,,,,,,,,,,,
S3,,1.0,10.0,0.001,0.2,404,gaussian,l2,37.97759970789102,per_update,l2,0.2,1.0,1.0,10.0,2.0,0.2,1.0000000000000002e-06,2.0,1e-05,0.563231850117096,0.6057237643793765,0.649414330109088,0.7006963430245138,8.496510028839111,,,per_update,gaussian_l2,,,,,,,,,,,,,,,
S3,,1.0,10.0,0.001,0.2,505,gaussian,l2,37.97759970789102,per_update,l2,0.2,1.0,1.0,10.0,2.0,0.2,1.0000000000000002e-06,2.0,1e-05,0.6217798594847775,0.5018191040912351,0.483228676543469,0.7177912206465742,8.89234471321106,,,per_update,gaussian_l2,,,,,,,,,,,,,,,
S3,,1.0,10.0,0.01,0.2,101,laplace,l1,10.0,per_update,l1,0.2,1.0,1.0,10.0,2.0,0.2,0.0,2.0,0.0,0.5655737704918032,0.47723787701223813,0.47763143318582274,6.9098667308061135,9.29750370979309,,,per_update,laplace_l1,,,,,,,,,,,,,,,
S3,,1.0,10.0,0.01,0.2,202,laplace,l1,10.0,per_update,l1,0.2,1.0,1.0,10.0,2.0,0.2,0.0,2.0,0.0,0.5480093676814989,0.5091975535382157,0.5158267886399281,7.017877689416465,9.47253704071045,,,per_update,laplace_l1,,,,,,,,,,,,,,,
S3,,1.0,10.0,0.01,0.2,303,laplace,l1,10.0,per_update,l1,0.2,1.0,1.0,10.0,2.0,0.2,0.0,2.0,0.0,0.6510538641686182,0.6763452333059301,0.71284975482908,5.50018725936712,9.593149900436401,,,per_update,laplace_l1,,,,,,,,,,,,,,,
S3,,1.0,10.0,0.01,0.2,404,laplace,l1,10.0,per_update,l1,0.2,1.0,1.0,10.0,2.0,0.2,0.0,2.0,0.0,0.45784543325526933,0.5070315369680433,0.4602858092389498,8.609469155986469,9.428393363952637,,,per_update,laplace_l1,,,,,,,,,,,,,,,
S3,,1.0,10.0,0.01,0.2,505,laplace,l1,10.0,per_update,l1,0.2,1.0,1.0,10.0,2.0,0.2,0.0,2.0,0.0,0.39227166276346603,0.4967466022983681,0.5476873473147809,9.717421157295535,9.238359451293945,,,per_update,laplace_l1,,,,,,,,,,,,,,,
S3,,1.0,10.0,0.01,0.2,101,gaussian,l1,37.97759970789102,per_update,l1,0.2,1.0,1.0,10.0,2.0,0.2,1.0000000000000002e-06,2.0,1e-05,0.6088992974238876,0.504801385317731,0.5203483117897768,6.249207818900294,8.718563795089722,,,per_update,gaussian_l1,,,,,,,,,,,,,,,
S3,,1.0,10.0,0.01,0.2,202,gaussian,l1,37.97759970789102,per_update,l1,0.2,1.0,1.0,10.0,2.0,0.2,1.0000000000000002e-06,2.0,1e-05,0.5175644028103045,0.4731944517325217,0.45597126748409744,7.628777938882953,8.700282573699951,,,per_update,gaussian_l1,,,,,,,,,,,,,,,
S3,,1.0,10.0,0.01,0.2,303,gaussian,l1,37.97759970789102,per_update,l1,0.2,1.0,1.0,10.0,2.0,0.2,1.0000000000000002e-06,2.0,1e-05,0.3981264637002342,0.5008483321963932,0.5310122264784594,9.636963459673344,8.429677486419678,,,per_update,gaussian_l1,,,,,,,,,,,,,,,
S3,,1.0,10.0,0.01,0.2,505,gaussian,l1,37.97759970789102,per_update,l1,0.2,1.0,1.0,10.0,2.0,0.2,1.0000000000000002e-06,2.0,1e-05,0.5210772833723654,0.4366053885128241,0.42484826223085126,7.567319776432914,8.61810827255249,,,per_update,gaussian_l1,,,,,,,,,,,,,,,
S3,,1.0,10.0,0.01,0.2,404,gaussian,l1,37.97759970789102,per_update,l1,0.2,1.0,1.0,10.0,2.0,0.2,1.0000000000000002e-06,2.0,1e-05,0.4168618266978923,0.5080314611720395,0.5413175677645425,9.16020813947439,8.978992938995361,,,per_update,gaussian_l1,,,,,,,,,,,,,,,
S3,,1.0,10.0,0.01,0.2,101,gaussian,l2,37.97759970789102,per_update,l2,0.2,1.0,1.0,10.0,2.0,0.2,1.0000000000000002e-06,2.0,1e-05,0.6276346604215457,0.5374519715706682,0.5356037151702785,5.920929056107773,8.602343797683716,,,per_update,gaussian_l2,,,,,,,,,,,,,,,
S3,,1.0,10.0,0.01,0.2,202,gaussian,l2,37.97759970789102,per_update,l2,0.2,1.0,1.0,10.0,2.0,0.2,1.0000000000000002e-06,2.0,1e-05,0.5011709601873536,0.47517097829319055,0.4750135558237568,7.7514677966315455,8.646056175231934,,,per_update,gaussian_l2,,,,,,,,,,,,,,,
S3,,1.0,10.0,0.01,0.2,303,gaussian,l2,37.97759970789102,per_update,l2,0.2,1.0,1.0,10.0,2.0,0.2,1.0000000000000002e-06,2.0,1e-05,0.45901639344262296,0.5237387253444346,0.5546751558190924,8.585264366255045,8.719213724136353,,,per_update,gaussian_l2,,,,,,,,,,,,,,,
S3,,1.0,10.0,0.01,0.2,404,gaussian,l2,37.97759970789102,per_update,l2,0.2,1.0,1.0,10.0,2.0,0.2,1.0000000000000002e-06,2.0,1e-05,0.5362997658079626,0.5719391533003328,0.5896141983406505,7.298387003947364,8.764747619628906,,,per_update,gaussian_l2,,,,,,,,,,,,,,,
S3,,1.0,10.0,0.01,0.2,505,gaussian,l2,37.97759970789102,per_update,l2,0.2,1.0,1.0,10.0,2.0,0.2,1.0000000000000002e-06,2.0,1e-05,0.5,0.44694279733897724,0.4427477800516579,7.854663158672921,8.711495637893677,,,per_update,gaussian_l2,,,,,,,,,,,,,,,
S3,,1.0,10.0,0.001,0.5,101,laplace,l1,4.0,per_update,l1,0.5,1.0,1.0,10.0,2.0,0.5,0.0,5.0,0.0,0.6194379391100703,0.5011486009806837,0.5200305516199939,0.6825669790664649,9.127543210983276,,,per_update,laplace_l1,,,,,,,,,,,,,,,
S3,,1.0,10.0,0.001,0.5,202,laplace,l1,4.0,per_update,l1,0.5,1.0,1.0,10.0,2.0,0.5,0.0,5.0,0.0,0.5058548009367682,0.5650417169544,0.5947012762880948,0.737839263223536,9.991085767745972,,,per_update,laplace_l1,,,,,,,,,,,,,,,
S3,,1.0,10.0,0.001,0.5,303,laplace,l1,4.0,per_update,l1,0.5,1.0,1.0,10.0,2.0,0.5,0.0,5.0,0.0,0.6346604215456675,0.5716009865141418,0.6560493956726312,0.6376091828740433,9.74077033996582,,,per_update,laplace_l1,,,,,,,,,,,,,,,
S3,,1.0,10.0,0.001,0.5,404,laplace,l1,4.0,per_update,l1,0.5,1.0,1.0,10.0,2.0,0.5,0.0,5.0,0.0,0.4765807962529274,0.48571536851434005,0.48024348008605766,0.743333120666697,10.040257692337036,,,per_update,laplace_l1,,,,,,,,,,,,,,,
S3,,1.0,10.0,0.001,0.5,505,laplace,l1,4.0,per_update,l1,0.5,1.0,1.0,10.0,2.0,0.5,0.0,5.0,0.0,0.49882903981264637,0.5569665273186288,0.5982053838484547,0.7172331108638352,9.880787134170532,,,per_update,laplace_l1,,,,,,,,,,,,,,,
S3,,1.0,10.0,0.001,0.5,202,gaussian,l1,16.11523696145003,per_update,l1,0.5,1.0,1.0,10.0,2.0,0.5,1.0000000000000002e-06,5.0,1e-05,0.5433255269320844,0.5539405176284014,0.5882819378122941,0.6913916883218901,8.893805265426636,,,per_update,gaussian_l1,,,,,,,,,,,,,,,
S3,,1.0,10.0,0.001,0.5,101,gaussian,l1,16.11523696145003,per_update,l1,0.5,1.0,1.0,10.0,2.0,0.5,1.0000000000000002e-06,5.0,1e-05,0.6206088992974239,0.5020902205663711,0.6055692571408582,0.6823397714292618,9.367529153823853,,,per_update,gaussian_l1,,,,,,,,,,,,,,,
S3,,1.0,10.0,0.001,0.5,303,gaussian,l1,16.11523696145003,per_update,l1,0.5,1.0,1.0,10.0,2.0,0.5,1.0000000000000002e-06,5.0,1e-05,0.4168618266978923,0.5128824054153329,0.4816777736964545,1.0094376143290709,9.587586879730225,,,per_update,gaussian_l1,,,,,,,,,,,,,,,
S3,,1.0,10.0,0.001,0.5,404,gaussian,l1,16.11523696145003,per_update,l1,0.5,1.0,1.0,10.0,2.0,0.5,1.0000000000000002e-06,5.0,1e-05,0.4531615925058548,0.5420726125716419,0.590159346521838,0.8022253902066254,9.50441837310791,,,per_update,gaussian_l1,,,,,,,,,,,,,,,
S3,,1.0,10.0,0.001,0.5,101,gaussian,l2,16.11523696145003,per_update,l2,0.5,1.0,1.0,10.0,2.0,0.5,1.0000000000000002e-06,5.0,1e-05,0.6217798594847775,0.5,0.681820036965128,0.8028706758617942,9.171895265579224,,,per_update,gaussian_l2,,,,,,,,,,,,,,,
S3,,1.0,10.0,0.001,0.5,505,gaussian,l1,16.11523696145003,per_update,l1,0.5,1.0,1.0,10.0,2.0,0.5,1.0000000000000002e-06,5.0,1e-05,0.6135831381733021,0.5055360235084221,0.44305096406686373,0.7039183434436664,9.256774663925171,,,per_update,gaussian_l1,,,,,,,,,,,,,,,
S3,,1.0,10.0,0.001,0.5,202,gaussian,l2,16.11523696145003,per_update,l2,0.5,1.0,1.0,10.0,2.0,0.5,1.0000000000000002e-06,5.0,1e-05,0.6440281030444965,0.5312308687971175,0.6838723595295982,0.626726421483521,8.528805494308472,,,per_update,gaussian_l2,,,,,,,,,,,,,,,
S3,,1.0,10.0,0.001,0.5,303,gaussian,l2,16.11523696145003,per_update,l2,0.5,1.0,1.0,10.0,2.0,0.5,1.0000000000000002e-06,5.0,1e-05,0.5386416861826698,0.5083346451872452,0.5529784914263058,0.7269196655887628,8.884780883789062,,,per_update,gaussian_l2,,,,,,,,,,,,,,,
S3,,1.0,10.0,0.001,0.5,404,gaussian,l2,16.11523696145003,per_update,l2,0.5,1.0,1.0,10.0,2.0,0.5,1.0000000000000002e-06,5.0,1e-05,0.6686182669789227,0.6419600846583058,0.7201436625795129,0.5968917366181635,9.03366756439209,,,per_update,gaussian_l2,,,,,,,,,,,,,,,
S3,,1.0,10.0,0.001,0.5,505,gaussian,l2,16.11523696145003,per_update,l2,0.5,1.0,1.0,10.0,2.0,0.5,1.0000000000000002e-06,5.0,1e-05,0.6217798594847775,0.5,0.5514100971937987,0.7862403968952264,8.785261154174805,,,per_update,gaussian_l2,,,,,,,,,,,,,,,
S3,,1.0,10.0,0.01,0.5,202,laplace,l1,4.0,per_update,l1,0.5,1.0,1.0,10.0,2.0,0.5,0.0,5.0,0.0,0.5597189695550351,0.5204328534863246,0.5256773539032027,6.931477156068702,9.408598184585571,,,per_update,laplace_l1,,,,,,,,,,,,,,,
S3,,1.0,10.0,0.01,0.5,101,laplace,l1,4.0,per_update,l1,0.5,1.0,1.0,10.0,2.0,0.5,0.0,5.0,0.0,0.5737704918032787,0.4801910059295797,0.4760688694151465,6.761788007530418,9.85153341293335,,,per_update,laplace_l1,,,,,,,,,,,,,,,
S3,,1.0,10.0,0.01,0.5,303,laplace,l1,4.0,per_update,l1,0.5,1.0,1.0,10.0,2.0,0.5,0.0,5.0,0.0,0.6651053864168618,0.6882510363645904,0.7209540967740055,5.307542025402776,9.798992156982422,,,per_update,laplace_l1,,,,,,,,,,,,,,,
S3,,1.0,10.0,0.01,0.5,404,laplace,l1,4.0,per_update,l1,0.5,1.0,1.0,10.0,2.0,0.5,0.0,5.0,0.0,0.46252927400468385,0.5114043833412045,0.46592678106032775,8.522261994335757,9.819056272506714,,,per_update,laplace_l1,,,,,,,,,,,,,,,
S3,,1.0,10.0,0.01,0.5,101,gaussian,l1,16.11523696145003,per_update,l1,0.5,1.0,1.0,10.0,2.0,0.5,1.0000000000000002e-06,5.0,1e-05,0.6124121779859485,0.5094453481660282,0.5219546040241848,6.224178330196187,9.1579909324646,,,per_update,gaussian_l1,,,,,,,,,,,,,,,
S3,,1.0,10.0,0.01,0.5,505,laplace,l1,4.0,per_update,l1,0.5,1.0,1.0,10.0,2.0,0.5,0.0,5.0,0.0,0.3946135831381733,0.4937788972264493,0.549375266014821,9.588474049532358,9.630942583084106,,,per_update,laplace_l1,,,,,,,,,,,,,,,
S3,,1.0,10.0,0.01,0.5,202,gaussian,l1,16.11523696145003,per_update,l1,0.5,1.0,1.0,10.0,2.0,0.5,1.0000000000000002e-06,5.0,1e-05,0.5210772833723654,0.47783841458081894,0.45650183951070766,7.6127419245455075,8.930763006210327,,,per_update,gaussian_l1,,,,,,,,,,,,,,,
S3,,1.0,10.0,0.01,0.5,303,gaussian,l1,16.11523696145003,per_update,l1,0.5,1.0,1.0,10.0,2.0,0.5,1.0000000000000002e-06,5.0,1e-05,0.405152224824356,0.5058916816801059,0.5321258446881578,9.561652775134739,8.90842604637146,,,per_update,gaussian_l1,,,,,,,,,,,,,,,
S3,,1.0,10.0,0.01,0.5,404,gaussian,l1,16.11523696145003,per_update,l1,0.5,1.0,1.0,10.0,2.0,0.5,1.0000000000000002e-06,5.0,1e-05,0.43676814988290397,0.5228262580679015,0.5503081399077621,8.990535829861026,9.004945516586304,,,per_update,gaussian_l1,,,,,,,,,,,,,,,
S3,,1.0,10.0,0.01,0.5,505,gaussian,l1,16.11523696145003,per_update,l1,0.5,1.0,1.0,10.0,2.0,0.5,1.0000000000000002e-06,5.0,1e-05,0.5175644028103045,0.4362060018774087,0.4227930244354655,7.68474527800325,9.047563076019287,,,per_update,gaussian_l1,,,,,,,,,,,,,,,
S3,,1.0,10.0,0.01,0.5,101,gaussian,l2,16.11523696145003,per_update,l2,0.5,1.0,1.0,10.0,2.0,0.5,1.0000000000000002e-06,5.0,1e-05,0.6463700234192038,0.5737407660060754,0.5782302216158542,5.650741674454602,8.992570161819458,,,per_update,gaussian_l2,,,,,,,,,,,,,,,
S3,,1.0,10.0,0.01,0.5,202,gaussian,l2,16.11523696145003,per_update,l2,0.5,1.0,1.0,10.0,2.0,0.5,1.0000000000000002e-06,5.0,1e-05,0.5070257611241218,0.5035274294076834,0.5046789456192825,7.6963810721198955,9.063850402832031,,,per_update,gaussian_l2,,,,,,,,,,,,,,,
S3,,1.0,10.0,0.01,0.5,303,gaussian,l2,16.11523696145003,per_update,l2,0.5,1.0,1.0,10.0,2.0,0.5,1.0000000000000002e-06,5.0,1e-05,0.5058548009367682,0.529872371190522,0.5742829989563474,7.769659906998887,8.96159029006958,,,per_update,gaussian_l2,,,,,,,,,,,,,,,
S3,,1.0,10.0,0.01,0.5,404,gaussian,l2,16.11523696145003,per_update,l2,0.5,1.0,1.0,10.0,2.0,0.5,1.0000000000000002e-06,5.0,1e-05,0.5936768149882904,0.5938237917825471,0.6129739436660778,6.314740878809457,8.737943410873413,,,per_update,gaussian_l2,,,,,,,,,,,,,,,
S3,,1.0,10.0,0.01,0.5,505,gaussian,l2,16.11523696145003,per_update,l2,0.5,1.0,1.0,10.0,2.0,0.5,1.0000000000000002e-06,5.0,1e-05,0.5140515222482436,0.4800714814620466,0.4700051891110295,7.720317820304149,8.641066551208496,,,per_update,gaussian_l2,,,,,,,,,,,,,,,
S3,,1.0,10.0,0.001,1.0,101,laplace,l1,2.0,per_update,l1,1.0,1.0,1.0,10.0,2.0,1.0,0.0,10.0,0.0,0.6206088992974239,0.500271116475136,0.5391194836543003,0.688277139511849,9.452856540679932,,,per_update,laplace_l1,,,,,,,,,,,,,,,
S3,,1.0,10.0,0.001,1.0,202,laplace,l1,2.0,per_update,l1,1.0,1.0,1.0,10.0,2.0,1.0,0.0,10.0,0.0,0.5655737704918032,0.5979051150641642,0.6291418143231126,0.6914539203700115,9.756996870040894,,,per_update,laplace_l1,,,,,,,,,,,,,,,
S3,,1.0,10.0,0.001,1.0,303,laplace,l1,2.0,per_update,l1,1.0,1.0,1.0,10.0,2.0,1.0,0.0,10.0,0.0,0.6428571428571429,0.5551503384583093,0.6924489688828253,0.6185760275616691,9.968528985977173,,,per_update,laplace_l1,,,,,,,,,,,,,,,
S3,,1.0,10.0,0.001,1.0,404,laplace,l1,2.0,per_update,l1,1.0,1.0,1.0,10.0,2.0,1.0,0.0,10.0,0.0,0.509367681498829,0.49025146781876594,0.5048596899360398,0.7127624467059441,9.527509450912476,,,per_update,laplace_l1,,,,,,,,,,,,,,,
S3,,1.0,10.0,0.001,1.0,505,laplace,l1,2.0,per_update,l1,1.0,1.0,1.0,10.0,2.0,1.0,0.0,10.0,0.0,0.5925058548009368,0.609860477048387,0.6292001189414214,0.6818006436217402,9.892961263656616,,,per_update,laplace_l1,,,,,,,,,,,,,,,
S3,,1.0,10.0,0.001,1.0,101,gaussian,l1,8.44935777865368,per_update,l1,1.0,1.0,1.0,10.0,2.0,1.0,1.0000000000000002e-06,10.0,1e-05,0.6217798594847775,0.5024254721216468,0.6098721379720488,0.6870177937264753,9.037803888320923,,,per_update,gaussian_l1,,,,,,,,,,,,,,,
S3,,1.0,10.0,0.001,1.0,202,gaussian,l1,8.44935777865368,per_update,l1,1.0,1.0,1.0,10.0,2.0,1.0,1.0000000000000002e-06,10.0,1e-05,0.5644028103044496,0.5611877816841873,0.5947829027537271,0.681396372757477,9.276175022125244,,,per_update,gaussian_l1,,,,,,,,,,,,,,,
S3,,1.0,10.0,0.001,1.0,303,gaussian,l1,8.44935777865368,per_update,l1,1.0,1.0,1.0,10.0,2.0,1.0,1.0000000000000002e-06,10.0,1e-05,0.4215456674473068,0.5117979395147889,0.4858232320582113,0.9884564973845165,9.006901025772095,,,per_update,gaussian_l1,,,,,,,,,,,,,,,
S3,,1.0,10.0,0.001,1.0,404,gaussian,l1,8.44935777865368,per_update,l1,1.0,1.0,1.0,10.0,2.0,1.0,1.0000000000000002e-06,10.0,1e-05,0.4765807962529274,0.5590859001941544,0.5992140537451971,0.7848175032153637,9.249354600906372,,,per_update,gaussian_l1,,,,,,,,,,,,,,,
S3,,1.0,10.0,0.001,1.0,505,gaussian,l1,8.44935777865368,per_update,l1,1.0,1.0,1.0,10.0,2.0,1.0,1.0000000000000002e-06,10.0,1e-05,0.6217798594847775,0.509701888486587,0.4486423769626793,0.7040638910361744,9.111087083816528,,,per_update,gaussian_l1,,,,,,,,,,,,,,,
S3,,1.0,10.0,0.001,1.0,101,gaussian,l2,8.44935777865368,per_update,l2,1.0,1.0,1.0,10.0,2.0,1.0,1.0000000000000002e-06,10.0,1e-05,0.6217798594847775,0.5,0.7486954341653402,0.8590159108011424,9.453431606292725,,,per_update,gaussian_l2,,,,,,,,,,,,,,,
S3,,1.0,10.0,0.001,1.0,202,gaussian,l2,8.44935777865368,per_update,l2,1.0,1.0,1.0,10.0,2.0,1.0,1.0000000000000002e-06,10.0,1e-05,0.6276346604215457,0.5077399380804953,0.7465556546734068,0.6737663219154851,10.854207277297974,,,per_update,gaussian_l2,,,,,,,,,,,,,,,
S3,,1.0,10.0,0.001,1.0,303,gaussian,l2,8.44935777865368,per_update,l2,1.0,1.0,1.0,10.0,2.0,1.0,1.0000000000000002e-06,10.0,1e-05,0.6053864168618267,0.5050083667127273,0.6226000361488633,0.6753415828100148,10.174179077148438,,,per_update,gaussian_l2,,,,,,,,,,,,,,,
S3,,1.0,10.0,0.001,1.0,404,gaussian,l2,8.44935777865368,per_update,l2,1.0,1.0,1.0,10.0,2.0,1.0,1.0000000000000002e-06,10.0,1e-05,0.6967213114754098,0.6239322966772198,0.800574883536525,0.5563926540354829,9.266286134719849,,,per_update,gaussian_l2,,,,,,,,,,,,,,,
S3,,1.0,10.0,0.001,1.0,505,gaussian,l2,8.44935777865368,per_update,l2,1.0,1.0,1.0,10.0,2.0,1.0,1.0000000000000002e-06,10.0,1e-05,0.6217798594847775,0.5,0.6402663354964346,0.8724698853732212,8.9266357421875,,,per_update,gaussian_l2,,,,,,,,,,,,,,,
S3,,1.0,10.0,0.01,1.0,101,laplace,l1,2.0,per_update,l1,1.0,1.0,1.0,10.0,2.0,1.0,0.0,10.0,0.0,0.5819672131147541,0.48375050287733296,0.4806574428760502,6.649354885739643,9.511786222457886,,,per_update,laplace_l1,,,,,,,,,,,,,,,
S3,,1.0,10.0,0.01,1.0,202,laplace,l1,2.0,per_update,l1,1.0,1.0,1.0,10.0,2.0,1.0,0.0,10.0,0.0,0.5679156908665105,0.5312687667990181,0.5402185257094214,6.756249363525859,9.670451641082764,,,per_update,laplace_l1,,,,,,,,,,,,,,,
S3,,1.0,10.0,0.01,1.0,303,laplace,l1,2.0,per_update,l1,1.0,1.0,1.0,10.0,2.0,1.0,0.0,10.0,0.0,0.6744730679156908,0.6969967291109129,0.7357343175152905,5.126279122659533,10.024404287338257,,,per_update,laplace_l1,,,,,,,,,,,,,,,
S3,,1.0,10.0,0.01,1.0,404,laplace,l1,2.0,per_update,l1,1.0,1.0,1.0,10.0,2.0,1.0,0.0,10.0,0.0,0.468384074941452,0.5136870091479946,0.4765848652871794,8.364753348985914,9.836532354354858,,,per_update,laplace_l1,,,,,,,,,,,,,,,
S3,,1.0,10.0,0.01,1.0,505,laplace,l1,2.0,per_update,l1,1.0,1.0,1.0,10.0,2.0,1.0,0.0,10.0,0.0,0.41217798594847777,0.5036586147988782,0.5547334604374012,9.39183097538476,10.012709140777588,,,per_update,laplace_l1,,,,,,,,,,,,,,,
S3,,1.0,10.0,0.01,1.0,101,gaussian,l1,8.44935777865368,per_update,l1,1.0,1.0,1.0,10.0,2.0,1.0,1.0000000000000002e-06,10.0,1e-05,0.6147540983606558,0.5125413233982263,0.522776699142339,6.153475939559331,9.153413772583008,,,per_update,gaussian_l1,,,,,,,,,,,,,,,
S3,,1.0,10.0,0.01,1.0,202,gaussian,l1,8.44935777865368,per_update,l1,1.0,1.0,1.0,10.0,2.0,1.0,1.0000000000000002e-06,10.0,1e-05,0.5199063231850117,0.47810953105595494,0.45770874510970017,7.593360813661654,9.39282512664795,,,per_update,gaussian_l1,,,,,,,,,,,,,,,
S3,,1.0,10.0,0.01,1.0,303,gaussian,l1,8.44935777865368,per_update,l1,1.0,1.0,1.0,10.0,2.0,1.0,1.0000000000000002e-06,10.0,1e-05,0.41217798594847777,0.5085095590421718,0.5344667751132567,9.438955926792918,9.13004732131958,,,per_update,gaussian_l1,,,,,,,,,,,,,,,
S3,,1.0,10.0,0.01,1.0,505,gaussian,l1,8.44935777865368,per_update,l1,1.0,1.0,1.0,10.0,2.0,1.0,1.0000000000000002e-06,10.0,1e-05,0.5117096018735363,0.43392337607061854,0.4257082553509064,7.748803543010667,8.994113683700562,,,per_update,gaussian_l1,,,,,,,,,,,,,,,
S3,,1.0,10.0,0.01,1.0,404,gaussian,l1,8.44935777865368,per_update,l1,1.0,1.0,1.0,10.0,2.0,1.0,1.0000000000000002e-06,10.0,1e-05,0.45784543325526933,0.5331053622757458,0.5623626197431099,8.545450091783929,9.162642002105713,,,per_update,gaussian_l1,,,,,,,,,,,,,,,
S3,,1.0,10.0,0.01,1.0,101,gaussian,l2,8.44935777865368,per_update,l2,1.0,1.0,1.0,10.0,2.0,1.0,1.0000000000000002e-06,10.0,1e-05,0.6744730679156908,0.6309026137960387,0.6557112288864402,5.138991324727331,9.131751298904419,,,per_update,gaussian_l2,,,,,,,,,,,,,,,
S3,,1.0,10.0,0.01,1.0,202,gaussian,l2,8.44935777865368,per_update,l2,1.0,1.0,1.0,10.0,2.0,1.0,1.0000000000000002e-06,10.0,1e-05,0.5269320843091335,0.5322686910030143,0.5510660999457767,7.393915302779918,9.201488256454468,,,per_update,gaussian_l2,,,,,,,,,,,,,,,
S3,,1.0,10.0,0.01,1.0,303,gaussian,l2,8.44935777865368,per_update,l2,1.0,1.0,1.0,10.0,2.0,1.0,1.0000000000000002e-06,10.0,1e-05,0.5690866510538641,0.5728370444222888,0.6024587057540828,6.781387731268377,8.99044156074524,,,per_update,gaussian_l2,,,,,,,,,,,,,,,
S3,,1.0,10.0,0.01,1.0,404,gaussian,l2,8.44935777865368,per_update,l2,1.0,1.0,1.0,10.0,2.0,1.0,1.0000000000000002e-06,10.0,1e-05,0.6311475409836066,0.6063709456426043,0.6217896019543709,5.784247388551847,9.012774229049683,,,per_update,gaussian_l2,,,,,,,,,,,,,,,
S3,,1.0,10.0,0.01,1.0,505,gaussian,l2,8.44935777865368,per_update,l2,1.0,1.0,1.0,10.0,2.0,1.0,1.0000000000000002e-06,10.0,1e-05,0.5269320843091335,0.49891844933037144,0.4945281115717176,7.454676410710193,8.772634983062744,,,per_update,gaussian_l2,,,,,,,,,,,,,,,
S3,,1.0,10.0,0.001,2.0,101,laplace,l1,1.0,per_update,l1,2.0,1.0,1.0,10.0,2.0,2.0,0.0,20.0,0.0,0.6217798594847775,0.5,0.5718691877583624,0.7141569116208614,9.40352725982666,,,per_update,laplace_l1,,,,,,,,,,,,,,,
S3,,1.0,10.0,0.001,2.0,202,laplace,l1,1.0,per_update,l1,2.0,1.0,1.0,10.0,2.0,2.0,0.0,20.0,0.0,0.6498829039812647,0.6353833237130713,0.6895395684292154,0.6230586084749663,9.692365646362305,,,per_update,laplace_l1,,,,,,,,,,,,,,,
S3,,1.0,10.0,0.001,2.0,303,laplace,l1,1.0,per_update,l1,2.0,1.0,1.0,10.0,2.0,2.0,0.0,20.0,0.0,0.6440281030444965,0.5348690769795876,0.7434072052847306,0.6055383549816683,9.944397211074829,,,per_update,laplace_l1,,,,,,,,,,,,,,,
S3,,1.0,10.0,0.001,2.0,404,laplace,l1,1.0,per_update,l1,2.0,1.0,1.0,10.0,2.0,2.0,0.0,20.0,0.0,0.5831381733021077,0.5071277395882527,0.561397678310099,0.6689240102944669,9.634571552276611,,,per_update,laplace_l1,,,,,,,,,,,,,,,
S3,,1.0,10.0,0.001,2.0,505,laplace,l1,1.0,per_update,l1,2.0,1.0,1.0,10.0,2.0,2.0,0.0,20.0,0.0,0.6721311475409836,0.6084028615906666,0.692950388600281,0.6302467414245435,9.413166284561157,,,per_update,laplace_l1,,,,,,,,,,,,,,,
S3,,1.0,10.0,0.001,2.0,101,gaussian,l1,4.46095254237284,per_update,l1,2.0,1.0,1.0,10.0,2.0,2.0,1.0000000000000002e-06,20.0,1e-05,0.6217798594847775,0.5018191040912351,0.6175391952796582,0.6973710710892017,9.122935771942139,,,per_update,gaussian_l1,,,,,,,,,,,,,,,
S3,,1.0,10.0,0.001,2.0,202,gaussian,l1,4.46095254237284,per_update,l1,2.0,1.0,1.0,10.0,2.0,2.0,1.0000000000000002e-06,20.0,1e-05,0.5913348946135831,0.567079463364293,0.605819966999586,0.6650606299255795,9.108086347579956,,,per_update,gaussian_l1,,,,,,,,,,,,,,,
S3,,1.0,10.0,0.001,2.0,303,gaussian,l1,4.46095254237284,per_update,l1,2.0,1.0,1.0,10.0,2.0,2.0,1.0000000000000002e-06,20.0,1e-05,0.4426229508196721,0.5214706756922216,0.4941258097053868,0.9509470739912848,8.671382427215576,,,per_update,gaussian_l1,,,,,,,,,,,,,,,
S3,,1.0,10.0,0.001,2.0,404,gaussian,l1,4.46095254237284,per_update,l1,2.0,1.0,1.0,10.0,2.0,2.0,1.0000000000000002e-06,20.0,1e-05,0.5163934426229508,0.58200544565135,0.6156617865701142,0.7541253801991854,9.023697137832642,,,per_update,gaussian_l1,,,,,,,,,,,,,,,
S3,,1.0,10.0,0.001,2.0,505,gaussian,l1,4.46095254237284,per_update,l1,2.0,1.0,1.0,10.0,2.0,2.0,1.0000000000000002e-06,20.0,1e-05,0.6229508196721312,0.5070052998898043,0.45928296980403815,0.7059926103646188,8.847045660018921,,,per_update,gaussian_l1,,,,,,,,,,,,,,,
S3,,1.0,10.0,0.001,2.0,101,gaussian,l2,4.46095254237284,per_update,l2,2.0,1.0,1.0,10.0,2.0,2.0,1.0000000000000002e-06,20.0,1e-05,0.629976580796253,0.5108359133126935,0.8524776547550332,0.7473624588135294,8.98721432685852,,,per_update,gaussian_l2,,,,,,,,,,,,,,,
S3,,1.0,10.0,0.001,2.0,202,gaussian,l2,4.46095254237284,per_update,l2,2.0,1.0,1.0,10.0,2.0,2.0,1.0000000000000002e-06,20.0,1e-05,0.6264637002341921,0.5061919504643962,0.8418545532991668,0.6669740443502967,9.744327306747437,,,per_update,gaussian_l2,,,,,,,,,,,,,,,
S3,,1.0,10.0,0.001,2.0,303,gaussian,l2,4.46095254237284,per_update,l2,2.0,1.0,1.0,10.0,2.0,2.0,1.0000000000000002e-06,20.0,1e-05,0.617096018735363,0.4968398896876622,0.7462174878872156,0.7335534454747377,9.66194224357605,,,per_update,gaussian_l2,,,,,,,,,,,,,,,
S3,,1.0,10.0,0.001,2.0,404,gaussian,l2,4.46095254237284,per_update,l2,2.0,1.0,1.0,10.0,2.0,2.0,1.0000000000000002e-06,20.0,1e-05,0.7517564402810304,0.6888049302385242,0.8853556290193746,0.48501078492226446,9.265703439712524,,,per_update,gaussian_l2,,,,,,,,,,,,,,,
S3,,1.0,10.0,0.001,2.0,505,gaussian,l2,4.46095254237284,per_update,l2,2.0,1.0,1.0,10.0,2.0,2.0,1.0000000000000002e-06,20.0,1e-05,0.6217798594847775,0.5,0.7666474261426248,0.8465973056888394,8.82262372970581,,,per_update,gaussian_l2,,,,,,,,,,,,,,,
S3,,1.0,10.0,0.01,2.0,101,laplace,l1,1.0,per_update,l1,2.0,1.0,1.0,10.0,2.0,2.0,0.0,20.0,0.0,0.5843091334894613,0.4844210059878843,0.4832403374671308,6.65022589959136,9.302841663360596,,,per_update,laplace_l1,,,,,,,,,,,,,,,
S3,,1.0,10.0,0.01,2.0,202,laplace,l1,1.0,per_update,l1,2.0,1.0,1.0,10.0,2.0,2.0,0.0,20.0,0.0,0.5913348946135831,0.5573775748777061,0.5574825231906619,6.400272219736102,9.657846212387085,,,per_update,laplace_l1,,,,,,,,,,,,,,,
S3,,1.0,10.0,0.01,2.0,303,laplace,l1,1.0,per_update,l1,2.0,1.0,1.0,10.0,2.0,2.0,0.0,20.0,0.0,0.7002341920374707,0.7231696722697405,0.760432153830905,4.677507184486444,9.607527494430542,,,per_update,laplace_l1,,,,,,,,,,,,,,,
S3,,1.0,10.0,0.01,2.0,404,laplace,l1,1.0,per_update,l1,2.0,1.0,1.0,10.0,2.0,2.0,0.0,20.0,0.0,0.4929742388758782,0.526790972112901,0.49214345268288706,7.951695225940656,9.989818572998047,,,per_update,laplace_l1,,,,,,,,,,,,,,,
S3,,1.0,10.0,0.01,2.0,505,laplace,l1,1.0,per_update,l1,2.0,1.0,1.0,10.0,2.0,2.0,0.0,20.0,0.0,0.43559718969555034,0.5127891180260389,0.567330173223021,8.924478482599906,9.50767731666565,,,per_update,laplace_l1,,,,,,,,,,,,,,,
S3,,1.0,10.0,0.01,2.0,101,gaussian,l1,4.46095254237284,per_update,l1,2.0,1.0,1.0,10.0,2.0,2.0,1.0000000000000002e-06,20.0,1e-05,0.6217798594847775,0.5230419851556442,0.5279833015573164,6.016941184811489,9.06755256652832,,,per_update,gaussian_l1,,,,,,,,,,,,,,,
S3,,1.0,10.0,0.01,2.0,202,gaussian,l1,4.46095254237284,per_update,l1,2.0,1.0,1.0,10.0,2.0,2.0,1.0000000000000002e-06,20.0,1e-05,0.5199063231850117,0.47992863514719,0.4607813984945748,7.549113348888123,9.108607769012451,,,per_update,gaussian_l1,,,,,,,,,,,,,,,
S3,,1.0,10.0,0.01,2.0,303,gaussian,l1,4.46095254237284,per_update,l1,2.0,1.0,1.0,10.0,2.0,2.0,1.0000000000000002e-06,20.0,1e-05,0.42271662763466045,0.511526823039653,0.5410260446729985,9.178224154587785,9.03378963470459,,,per_update,gaussian_l1,,,,,,,,,,,,,,,
S3,,1.0,10.0,0.01,2.0,404,gaussian,l1,4.46095254237284,per_update,l1,2.0,1.0,1.0,10.0,2.0,2.0,1.0000000000000002e-06,20.0,1e-05,0.4918032786885246,0.5519231778349163,0.5758717998052626,8.105992717999039,9.02583932876587,,,per_update,gaussian_l1,,,,,,,,,,,,,,,
S3,,1.0,10.0,0.01,2.0,505,gaussian,l1,4.46095254237284,per_update,l1,2.0,1.0,1.0,10.0,2.0,2.0,1.0000000000000002e-06,20.0,1e-05,0.5023419203747073,0.43366683575005976,0.43218881367593126,7.850944967120618,9.30049991607666,,,per_update,gaussian_l1,,,,,,,,,,,,,,,
S3,,1.0,10.0,0.01,2.0,101,gaussian,l2,4.46095254237284,per_update,l2,2.0,1.0,1.0,10.0,2.0,2.0,1.0000000000000002e-06,20.0,1e-05,0.702576112412178,0.6965536140117659,0.7501559648539761,4.646191809277384,8.33485221862793,,,per_update,gaussian_l2,,,,,,,,,,,,,,,
S3,,1.0,10.0,0.01,2.0,202,gaussian,l2,4.46095254237284,per_update,l2,2.0,1.0,1.0,10.0,2.0,2.0,1.0000000000000002e-06,20.0,1e-05,0.5831381733021077,0.594444735967536,0.6236874172803227,6.4352009172356635,8.972739696502686,,,per_update,gaussian_l2,,,,,,,,,,,,,,,
S3,,1.0,10.0,0.01,2.0,303,gaussian,l2,4.46095254237284,per_update,l2,2.0,1.0,1.0,10.0,2.0,2.0,1.0000000000000002e-06,20.0,1e-05,0.6182669789227166,0.6069277547474536,0.6353716627894095,6.001850499001862,8.761244535446167,,,per_update,gaussian_l2,,,,,,,,,,,,,,,
S3,,1.0,10.0,0.01,2.0,404,gaussian,l2,4.46095254237284,per_update,l2,2.0,1.0,1.0,10.0,2.0,2.0,1.0000000000000002e-06,20.0,1e-05,0.6557377049180327,0.6206876446683341,0.6499011736719665,5.328572288453564,8.852773904800415,,,per_update,gaussian_l2,,,,,,,,,,,,,,,
S3,,1.0,10.0,0.01,2.0,505,gaussian,l2,4.46095254237284,per_update,l2,2.0,1.0,1.0,10.0,2.0,2.0,1.0000000000000002e-06,20.0,1e-05,0.5644028103044496,0.5314757481940144,0.5377347489694659,6.792875198098461,8.72703242301941,,,per_update,gaussian_l2,,,,,,,,,,,,,,,
S3,,1.0,10.0,0.001,4.0,101,laplace,l1,0.5,per_update,l1,4.0,1.0,1.0,10.0,2.0,4.0,0.0,40.0,0.0,0.6217798594847775,0.5,0.6278474517966568,0.8089364475590998,9.710383415222168,,,per_update,laplace_l1,,,,,,,,,,,,,,,
S3,,1.0,10.0,0.001,4.0,202,laplace,l1,0.5,per_update,l1,4.0,1.0,1.0,10.0,2.0,4.0,0.0,40.0,0.0,0.6604215456674473,0.5668491601219733,0.7731250692367342,0.5721167956737552,9.496672868728638,,,per_update,laplace_l1,,,,,,,,,,,,,,,
S3,,1.0,10.0,0.001,4.0,303,laplace,l1,0.5,per_update,l1,4.0,1.0,1.0,10.0,2.0,4.0,0.0,40.0,0.0,0.6288056206088993,0.5098942937270061,0.7973914513768636,0.6640102235282879,9.739740133285522,,,per_update,laplace_l1,,,,,,,,,,,,,,,
S3,,1.0,10.0,0.001,4.0,404,laplace,l1,0.5,per_update,l1,4.0,1.0,1.0,10.0,2.0,4.0,0.0,40.0,0.0,0.6206088992974239,0.5020902205663711,0.6797210707060106,0.6543031558637251,9.602722883224487,,,per_update,laplace_l1,,,,,,,,,,,,,,,
S3,,1.0,10.0,0.001,4.0,505,laplace,l1,0.5,per_update,l1,4.0,1.0,1.0,10.0,2.0,4.0,0.0,40.0,0.0,0.6288056206088993,0.5105006617574178,0.8005340703037087,0.6027821412494355,9.531020879745483,,,per_update,laplace_l1,,,,,,,,,,,,,,,
S3,,1.0,10.0,0.001,4.0,101,gaussian,l1,2.3870371743159717,per_update,l1,4.0,1.0,1.0,10.0,2.0,4.0,1.0000000000000002e-06,40.0,1e-05,0.6229508196721312,0.5021543556465108,0.6310542058036417,0.7213727260619105,8.6779944896698,,,per_update,gaussian_l1,,,,,,,,,,,,,,,
S3,,1.0,10.0,0.001,4.0,202,gaussian,l1,2.3870371743159717,per_update,l1,4.0,1.0,1.0,10.0,2.0,4.0,1.0000000000000002e-06,40.0,1e-05,0.6440281030444965,0.5858039915341694,0.6273868453120172,0.6429492767253798,8.69415545463562,,,per_update,gaussian_l1,,,,,,,,,,,,,,,
S3,,1.0,10.0,0.001,4.0,303,gaussian,l1,2.3870371743159717,per_update,l1,4.0,1.0,1.0,10.0,2.0,4.0,1.0000000000000002e-06,40.0,1e-05,0.4882903981264637,0.5412155346825022,0.5089468436794878,0.8885927388374844,8.921804189682007,,,per_update,gaussian_l1,,,,,,,,,,,,,,,
S3,,1.0,10.0,0.001,4.0,404,gaussian,l1,2.3870371743159717,per_update,l1,4.0,1.0,1.0,10.0,2.0,4.0,1.0000000000000002e-06,40.0,1e-05,0.5573770491803278,0.6004092984205278,0.6433040061103241,0.7042044689502737,9.22376036643982,,,per_update,gaussian_l1,,,,,,,,,,,,,,,
S3,,1.0,10.0,0.001,4.0,505,gaussian,l1,2.3870371743159717,per_update,l1,4.0,1.0,1.0,10.0,2.0,4.0,1.0000000000000002e-06,40.0,1e-05,0.6217798594847775,0.5018191040912351,0.4801851754677488,0.715197680202892,8.770572662353516,,,per_update,gaussian_l1,,,,,,,,,,,,,,,
S3,,1.0,10.0,0.001,4.0,101,gaussian,l2,2.3870371743159717,per_update,l2,4.0,1.0,1.0,10.0,2.0,4.0,1.0000000000000002e-06,40.0,1e-05,0.8021077283372365,0.749911085457079,0.9367861328295815,0.38586285330999676,8.692847967147827,,,per_update,gaussian_l2,,,,,,,,,,,,,,,
S3,,1.0,10.0,0.001,4.0,202,gaussian,l2,2.3870371743159717,per_update,l2,4.0,1.0,1.0,10.0,2.0,4.0,1.0000000000000002e-06,40.0,1e-05,0.7950819672131147,0.7388040556692496,0.9226822456606787,0.4162581989318729,9.161818742752075,,,per_update,gaussian_l2,,,,,,,,,,,,,,,
S3,,1.0,10.0,0.001,4.0,303,gaussian,l2,2.3870371743159717,per_update,l2,4.0,1.0,1.0,10.0,2.0,4.0,1.0000000000000002e-06,40.0,1e-05,0.7084309133489461,0.6242529720779183,0.8923113699836164,0.5181902803709424,8.929033756256104,,,per_update,gaussian_l2,,,,,,,,,,,,,,,
S3,,1.0,10.0,0.001,4.0,404,gaussian,l2,2.3870371743159717,per_update,l2,4.0,1.0,1.0,10.0,2.0,4.0,1.0000000000000002e-06,40.0,1e-05,0.870023419203747,0.8578854081031759,0.9427273734352499,0.3013617781381052,9.321230411529541,,,per_update,gaussian_l2,,,,,,,,,,,,,,,
S3,,1.0,10.0,0.001,4.0,505,gaussian,l2,2.3870371743159717,per_update,l2,4.0,1.0,1.0,10.0,2.0,4.0,1.0000000000000002e-06,40.0,1e-05,0.629976580796253,0.5108359133126935,0.9002349676117846,0.6396391539473366,8.96198844909668,,,per_update,gaussian_l2,,,,,,,,,,,,,,,
S3,,1.0,10.0,0.01,4.0,101,laplace,l1,0.5,per_update,l1,4.0,1.0,1.0,10.0,2.0,4.0,0.0,40.0,0.0,0.5784543325526932,0.48698932442438764,0.4917178289692326,6.672944097917967,9.499329328536987,,,per_update,laplace_l1,,,,,,,,,,,,,,,
S3,,1.0,10.0,0.01,4.0,202,laplace,l1,0.5,per_update,l1,4.0,1.0,1.0,10.0,2.0,4.0,0.0,40.0,0.0,0.6147540983606558,0.5792418067435121,0.6004880096552447,6.009520857555935,9.480032682418823,,,per_update,laplace_l1,,,,,,,,,,,,,,,
S3,,1.0,10.0,0.01,4.0,303,laplace,l1,0.5,per_update,l1,4.0,1.0,1.0,10.0,2.0,4.0,0.0,40.0,0.0,0.734192037470726,0.761391264802085,0.7997731950347786,4.127615958103141,9.674497365951538,,,per_update,laplace_l1,,,,,,,,,,,,,,,
S3,,1.0,10.0,0.01,4.0,404,laplace,l1,0.5,per_update,l1,4.0,1.0,1.0,10.0,2.0,4.0,0.0,40.0,0.0,0.5187353629976581,0.525070985872791,0.5214152863048283,7.523563686187809,9.717846393585205,,,per_update,laplace_l1,,,,,,,,,,,,,,,
S3,,1.0,10.0,0.01,4.0,505,laplace,l1,0.5,per_update,l1,4.0,1.0,1.0,10.0,2.0,4.0,0.0,40.0,0.0,0.4964871194379391,0.5496259758735489,0.5916082162868121,7.89695544576399,9.814243793487549,,,per_update,laplace_l1,,,,,,,,,,,,,,,
S3,,1.0,10.0,0.01,4.0,101,gaussian,l1,2.3870371743159717,per_update,l1,4.0,1.0,1.0,10.0,2.0,4.0,1.0000000000000002e-06,40.0,1e-05,0.6276346604215457,0.5344201314186097,0.5318343215966137,5.9387543513659,8.938937664031982,,,per_update,gaussian_l1,,,,,,,,,,,,,,,
S3,,1.0,10.0,0.01,4.0,202,gaussian,l1,2.3870371743159717,per_update,l1,4.0,1.0,1.0,10.0,2.0,4.0,1.0000000000000002e-06,40.0,1e-05,0.5081967213114754,0.4777888556552564,0.47106633316424995,7.640190411137638,8.861010789871216,,,per_update,gaussian_l1,,,,,,,,,,,,,,,
S3,,1.0,10.0,0.01,4.0,303,gaussian,l1,2.3870371743159717,per_update,l1,4.0,1.0,1.0,10.0,2.0,4.0,1.0000000000000002e-06,40.0,1e-05,0.44730679156908665,0.5161416335787958,0.552106837382589,8.732781138920583,9.132766246795654,,,per_update,gaussian_l1,,,,,,,,,,,,,,,
S3,,1.0,10.0,0.01,4.0,404,gaussian,l1,2.3870371743159717,per_update,l1,4.0,1.0,1.0,10.0,2.0,4.0,1.0000000000000002e-06,40.0,1e-05,0.531615925058548,0.5687790429879951,0.5905266656171835,7.358675572540459,8.93285870552063,,,per_update,gaussian_l1,,,,,,,,,,,,,,,
S3,,1.0,10.0,0.01,4.0,505,gaussian,l1,2.3870371743159717,per_update,l1,4.0,1.0,1.0,10.0,2.0,4.0,1.0000000000000002e-06,40.0,1e-05,0.5023419203747073,0.44579419635829354,0.44155253537632716,7.84552783285318,9.07145619392395,,,per_update,gaussian_l1,,,,,,,,,,,,,,,
S3,,1.0,10.0,0.01,4.0,101,gaussian,l2,2.3870371743159717,per_update,l2,4.0,1.0,1.0,10.0,2.0,4.0,1.0000000000000002e-06,40.0,1e-05,0.7540983606557377,0.7658778051809484,0.8309253525971793,3.800897180622151,8.713941097259521,,,per_update,gaussian_l2,,,,,,,,,,,,,,,
S3,,1.0,10.0,0.01,4.0,202,gaussian,l2,2.3870371743159717,per_update,l2,4.0,1.0,1.0,10.0,2.0,4.0,1.0000000000000002e-06,40.0,1e-05,0.6615925058548009,0.6678415047255893,0.7231317742678397,5.187111210292322,8.876939296722412,,,per_update,gaussian_l2,,,,,,,,,,,,,,,
S3,,1.0,10.0,0.01,4.0,303,gaussian,l2,2.3870371743159717,per_update,l2,4.0,1.0,1.0,10.0,2.0,4.0,1.0000000000000002e-06,40.0,1e-05,0.667447306791569,0.6482948814375586,0.6868633864488407,5.147259645448759,8.998739957809448,,,per_update,gaussian_l2,,,,,,,,,,,,,,,
S3,,1.0,10.0,0.01,4.0,404,gaussian,l2,2.3870371743159717,per_update,l2,4.0,1.0,1.0,10.0,2.0,4.0,1.0000000000000002e-06,40.0,1e-05,0.6978922716627635,0.6691387824829604,0.7095176458927311,4.593660659134094,8.862144470214844,,,per_update,gaussian_l2,,,,,,,,,,,,,,,
S3,,1.0,10.0,0.01,4.0,505,gaussian,l2,2.3870371743159717,per_update,l2,4.0,1.0,1.0,10.0,2.0,4.0,1.0000000000000002e-06,40.0,1e-05,0.6241217798594848,0.5867747634290112,0.6125541504142543,5.8530639658717645,9.004546880722046,,,per_update,gaussian_l2,,,,,,,,,,,,,,,
S3,,1.0,10.0,0.001,8.0,101,laplace,l1,0.25,per_update,l1,8.0,1.0,1.0,10.0,2.0,8.0,0.0,80.0,0.0,0.6217798594847775,0.5,0.727775737116137,1.094520945801845,9.843401670455933,,,per_update,laplace_l1,,,,,,,,,,,,,,,
S3,,1.0,10.0,0.001,8.0,202,laplace,l1,0.25,per_update,l1,8.0,1.0,1.0,10.0,2.0,8.0,0.0,80.0,0.0,0.6217798594847775,0.5,0.8571420242197385,0.7337746323532924,9.559213161468506,,,per_update,laplace_l1,,,,,,,,,,,,,,,
S3,,1.0,10.0,0.001,8.0,303,laplace,l1,0.25,per_update,l1,8.0,1.0,1.0,10.0,2.0,8.0,0.0,80.0,0.0,0.6217798594847775,0.5,0.8503845189577466,0.9459992363681594,9.794974327087402,,,per_update,laplace_l1,,,,,,,,,,,,,,,
S3,,1.0,10.0,0.001,8.0,404,laplace,l1,0.25,per_update,l1,8.0,1.0,1.0,10.0,2.0,8.0,0.0,80.0,0.0,0.6217798594847775,0.5,0.83056677919458,0.8896274563948318,9.94292140007019,,,per_update,laplace_l1,,,,,,,,,,,,,,,
S3,,1.0,10.0,0.001,8.0,505,laplace,l1,0.25,per_update,l1,8.0,1.0,1.0,10.0,2.0,8.0,0.0,80.0,0.0,0.6217798594847775,0.5,0.8980135616542186,0.7809300599279556,9.457876205444336,,,per_update,laplace_l1,,,,,,,,,,,,,,,
S3,,1.0,10.0,0.001,8.0,101,gaussian,l1,1.305870768716432,per_update,l1,8.0,1.0,1.0,10.0,2.0,8.0,1.0000000000000002e-06,80.0,1e-05,0.6229508196721312,0.5015479876160991,0.6520496988566464,0.7779737618132102,9.270159244537354,,,per_update,gaussian_l1,,,,,,,,,,,,,,,
S3,,1.0,10.0,0.001,8.0,202,gaussian,l1,1.305870768716432,per_update,l1,8.0,1.0,1.0,10.0,2.0,8.0,1.0000000000000002e-06,80.0,1e-05,0.6627634660421545,0.5614559829284077,0.6627894095491303,0.6265540827904102,9.310471773147583,,,per_update,gaussian_l1,,,,,,,,,,,,,,,
S3,,1.0,10.0,0.001,8.0,303,gaussian,l1,1.305870768716432,per_update,l1,8.0,1.0,1.0,10.0,2.0,8.0,1.0000000000000002e-06,80.0,1e-05,0.5187353629976581,0.5293155620856728,0.5315573746596468,0.7985031257933184,8.724687337875366,,,per_update,gaussian_l1,,,,,,,,,,,,,,,
S3,,1.0,10.0,0.001,8.0,404,gaussian,l1,1.305870768716432,per_update,l1,8.0,1.0,1.0,10.0,2.0,8.0,1.0000000000000002e-06,80.0,1e-05,0.6311475409836066,0.6324447709503069,0.6852075352888702,0.6362813638156841,8.59825611114502,,,per_update,gaussian_l1,,,,,,,,,,,,,,,
S3,,1.0,10.0,0.001,8.0,505,gaussian,l1,1.305870768716432,per_update,l1,8.0,1.0,1.0,10.0,2.0,8.0,1.0000000000000002e-06,80.0,1e-05,0.6229508196721312,0.5015479876160991,0.5200013993108394,0.7492299791361602,9.046344518661499,,,per_update,gaussian_l1,,,,,,,,,,,,,,,
S3,,1.0,10.0,0.001,8.0,101,gaussian,l2,1.305870768716432,per_update,l2,8.0,1.0,1.0,10.0,2.0,8.0,1.0000000000000002e-06,80.0,1e-05,0.9016393442622951,0.9008938097986742,0.9602187589278945,0.25549191242306557,8.98426604270935,,,per_update,gaussian_l2,,,,,,,,,,,,,,,
S3,,1.0,10.0,0.001,8.0,202,gaussian,l2,1.305870768716432,per_update,l2,8.0,1.0,1.0,10.0,2.0,8.0,1.0000000000000002e-06,80.0,1e-05,0.8887587822014051,0.8917487304169363,0.9558225907074099,0.27850087944762425,8.657443761825562,,,per_update,gaussian_l2,,,,,,,,,,,,,,,
S3,,1.0,10.0,0.001,8.0,303,gaussian,l2,1.305870768716432,per_update,l2,8.0,1.0,1.0,10.0,2.0,8.0,1.0000000000000002e-06,80.0,1e-05,0.8957845433255269,0.8919411356573554,0.9549130386617924,0.26284595728379706,8.767592430114746,,,per_update,gaussian_l2,,,,,,,,,,,,,,,
S3,,1.0,10.0,0.001,8.0,404,gaussian,l2,1.305870768716432,per_update,l2,8.0,1.0,1.0,10.0,2.0,8.0,1.0000000000000002e-06,80.0,1e-05,0.9098360655737705,0.9056660428072507,0.9643817086751442,0.24417418999224066,8.761165142059326,,,per_update,gaussian_l2,,,,,,,,,,,,,,,
S3,,1.0,10.0,0.001,8.0,505,gaussian,l2,1.305870768716432,per_update,l2,8.0,1.0,1.0,10.0,2.0,8.0,1.0000000000000002e-06,80.0,1e-05,0.8899297423887588,0.872680204999038,0.9611399718971739,0.26326324574751336,8.378849267959595,,,per_update,gaussian_l2,,,,,,,,,,,,,,,
S3,,1.0,10.0,0.01,8.0,101,laplace,l1,0.25,per_update,l1,8.0,1.0,1.0,10.0,2.0,8.0,0.0,80.0,0.0,0.6065573770491803,0.5544594287313498,0.5532758449796809,6.151800984673573,10.149805307388306,,,per_update,laplace_l1,,,,,,,,,,,,,,,
S3,,1.0,10.0,0.01,8.0,202,laplace,l1,0.25,per_update,l1,8.0,1.0,1.0,10.0,2.0,8.0,0.0,80.0,0.0,0.6744730679156908,0.6418172383434492,0.6647338685697295,5.012491726332631,9.428119897842407,,,per_update,laplace_l1,,,,,,,,,,,,,,,
S3,,1.0,10.0,0.01,8.0,303,laplace,l1,0.25,per_update,l1,8.0,1.0,1.0,10.0,2.0,8.0,0.0,80.0,0.0,0.7634660421545667,0.7885699626267397,0.8446910729798907,3.646903439042992,9.546111822128296,,,per_update,laplace_l1,,,,,,,,,,,,,,,
S3,,1.0,10.0,0.01,8.0,404,laplace,l1,0.25,per_update,l1,8.0,1.0,1.0,10.0,2.0,8.0,0.0,80.0,0.0,0.5878220140515222,0.5709246529417595,0.5712540740352043,6.41707557609608,9.646338939666748,,,per_update,laplace_l1,,,,,,,,,,,,,,,
S3,,1.0,10.0,0.01,8.0,505,laplace,l1,0.25,per_update,l1,8.0,1.0,1.0,10.0,2.0,8.0,0.0,80.0,0.0,0.5749414519906323,0.5969489193238997,0.6249147294957234,6.535767490350438,9.594756126403809,,,per_update,laplace_l1,,,,,,,,,,,,,,,
S3,,1.0,10.0,0.01,8.0,101,gaussian,l1,1.305870768716432,per_update,l1,8.0,1.0,1.0,10.0,2.0,8.0,1.0000000000000002e-06,80.0,1e-05,0.6241217798594848,0.5394780570568996,0.5488242873718028,5.9467135867682845,8.860883474349976,,,per_update,gaussian_l1,,,,,,,,,,,,,,,
S3,,1.0,10.0,0.01,8.0,202,gaussian,l1,1.305870768716432,per_update,l1,8.0,1.0,1.0,10.0,2.0,8.0,1.0000000000000002e-06,80.0,1e-05,0.5175644028103045,0.5016937491618711,0.493029682881181,7.572023862515077,8.629671096801758,,,per_update,gaussian_l1,,,,,,,,,,,,,,,
S3,,1.0,10.0,0.01,8.0,303,gaussian,l1,1.305870768716432,per_update,l1,8.0,1.0,1.0,10.0,2.0,8.0,1.0000000000000002e-06,80.0,1e-05,0.48009367681498827,0.5212841009136333,0.5587273267915551,8.186691165885849,8.862329244613647,,,per_update,gaussian_l1,,,,,,,,,,,,,,,
S3,,1.0,10.0,0.01,8.0,404,gaussian,l1,1.305870768716432,per_update,l1,8.0,1.0,1.0,10.0,2.0,8.0,1.0000000000000002e-06,80.0,1e-05,0.5819672131147541,0.5941094844122603,0.6098983750502878,6.589644116813156,8.745134353637695,,,per_update,gaussian_l1,,,,,,,,,,,,,,,
S3,,1.0,10.0,0.01,8.0,505,gaussian,l1,1.305870768716432,per_update,l1,8.0,1.0,1.0,10.0,2.0,8.0,1.0000000000000002e-06,80.0,1e-05,0.5105386416861827,0.4693638383096325,0.4621136590229312,7.764087944525226,8.86226224899292,,,per_update,gaussian_l1,,,,,,,,,,,,,,,
S3,,1.0,10.0,0.01,8.0,101,gaussian,l2,1.305870768716432,per_update,l2,8.0,1.0,1.0,10.0,2.0,8.0,1.0000000000000002e-06,80.0,1e-05,0.7903981264637002,0.7999189565805507,0.870260563339222,3.190308943532614,8.736710786819458,,,per_update,gaussian_l2,,,,,,,,,,,,,,,
S3,,1.0,10.0,0.01,8.0,202,gaussian,l2,1.305870768716432,per_update,l2,8.0,1.0,1.0,10.0,2.0,8.0,1.0000000000000002e-06,80.0,1e-05,0.7611241217798594,0.7624320022388973,0.8224362001714156,3.540479089200827,9.007115364074707,,,per_update,gaussian_l2,,,,,,,,,,,,,,,
S3,,1.0,10.0,0.01,8.0,303,gaussian,l2,1.305870768716432,per_update,l2,8.0,1.0,1.0,10.0,2.0,8.0,1.0000000000000002e-06,80.0,1e-05,0.724824355971897,0.704742497653239,0.7571466885892031,4.184680163447353,9.312570810317993,,,per_update,gaussian_l2,,,,,,,,,,,,,,,
S3,,1.0,10.0,0.01,8.0,404,gaussian,l2,1.305870768716432,per_update,l2,8.0,1.0,1.0,10.0,2.0,8.0,1.0000000000000002e-06,80.0,1e-05,0.7540983606557377,0.7440485560861276,0.7778739803979873,3.7576428259438237,9.24475359916687,,,per_update,gaussian_l2,,,,,,,,,,,,,,,
S0,,32.0,120.0,0.001,,101,,,,,,,,,,,,,,,0.9672131147540983,0.9639327631141663,0.9942978083293977,0.14671106816442028,,,,,,report,,,,,,,,,,,,,,
S0,,32.0,120.0,0.001,,202,,,,,,,,,,,,,,,0.9695550351288056,0.9658160022855411,0.9948458717415006,0.14446274746075086,,,,,,report,,,,,,,,,,,,,,
S3,,1.0,10.0,0.01,8.0,505,gaussian,l2,1.305870768716432,per_update,l2,8.0,1.0,1.0,10.0,2.0,8.0,1.0000000000000002e-06,80.0,1e-05,0.6838407494145199,0.651775667150595,0.7042294170121215,4.691917747157897,8.971483945846558,,,per_update,gaussian_l2,,,,,,,,,,,,,,,
S0,,32.0,120.0,0.001,,303,,,,,,,,,,,,,,,0.9707259953161592,0.9685767259624635,0.9965658579816108,0.11626801469602989,,,,,,report,,,,,,,,,,,,,,
S0,,32.0,120.0,0.001,,404,,,,,,,,,,,,,,,0.9648711943793911,0.9602304198515564,0.9940762507798242,0.14784074161164018,,,,,,report,,,,,,,,,,,,,,
S0,,32.0,120.0,0.001,,505,,,,,,,,,,,,,,,0.9637002341920374,0.9605015363266924,0.9954464093100814,0.15378064064661248,,,,,,report,,,,,,,,,,,,,,
S0,,32.0,120.0,0.001,,101,,,,,,,,,,,,,,,0.9648711943793911,0.9644749960644383,0.993300799356317,0.1686005019137679,,,,,,keras_literal,,,,,,,,,,,,,,
S0,,32.0,120.0,0.001,,202,,,,,,,,,,,,,,,0.9718969555035128,0.9652737693352691,0.9947350929667138,0.14410921667711657,,,,,,keras_literal,,,,,,,,,,,,,,
S0,,32.0,120.0,0.001,,303,,,,,,,,,,,,,,,0.9754098360655737,0.9729495723356247,0.9978660509698973,0.08264868847799067,,,,,,keras_literal,,,,,,,,,,,,,,
S0,,32.0,120.0,0.001,,404,,,,,,,,,,,,,,,0.9730679156908665,0.9686408610426032,0.995667966859655,0.09216408762119954,,,,,,keras_literal,,,,,,,,,,,,,,
S0,,32.0,120.0,0.001,,505,,,,,,,,,,,,,,,0.9742388758782201,0.9701888486587023,0.9952773259169859,0.1144177606601264,,,,,,keras_literal,,,,,,,,,,,,,,
S8,laplace,,,,0.2,101,,,,,,,,,,,,,,,0.5070257611241218,0.4780599721303924,0.4695095998554046,1.215528546351791,,,,,,,per_feature,noisy,0.2,2.4000000000000004,laplace,5.0,7.0710678118654755,,,,,,,
S8,laplace,,,,0.2,101,,,,,,,,,,,,,,,0.5421545667447307,0.44263991650778656,0.3753126585156811,0.7018278497184722,,,,,,,per_feature,clean,0.2,2.4000000000000004,laplace,5.0,7.0710678118654755,,,,,,,
S8,laplace,,,,0.2,202,,,,,,,,,,,,,,,0.5351288056206089,0.4897442176394792,0.4894556097788506,1.1086456977668422,,,,,,,per_feature,noisy,0.2,2.4000000000000004,laplace,5.0,7.0710678118654755,,,,,,,
S8,laplace,,,,0.2,202,,,,,,,,,,,,,,,0.6217798594847775,0.5,0.5257502346760887,0.7637065905519412,,,,,,,per_feature,clean,0.2,2.4000000000000004,laplace,5.0,7.0710678118654755,,,,,,,
S8,laplace,,,,0.2,303,,,,,,,,,,,,,,,0.5526932084309133,0.5062939835464367,0.5036003101805694,1.1556622737412015,,,,,,,per_feature,noisy,0.2,2.4000000000000004,laplace,5.0,7.0710678118654755,,,,,,,
S8,laplace,,,,0.2,303,,,,,,,,,,,,,,,0.6217798594847775,0.5,0.5161183117314723,0.7681649695429522,,,,,,,per_feature,clean,0.2,2.4000000000000004,laplace,5.0,7.0710678118654755,,,,,,,
S8,laplace,,,,0.2,404,,,,,,,,,,,,,,,0.550351288056206,0.5201763131657658,0.5140251759341857,1.1265088147601368,,,,,,,per_feature,noisy,0.2,2.4000000000000004,laplace,5.0,7.0710678118654755,,,,,,,
S8,laplace,,,,0.2,404,,,,,,,,,,,,,,,0.6217798594847775,0.5,0.7424918227772822,0.6335519025468456,,,,,,,per_feature,clean,0.2,2.4000000000000004,laplace,5.0,7.0710678118654755,,,,,,,
S8,laplace,,,,0.2,505,,,,,,,,,,,,,,,0.5398126463700235,0.48987248779975867,0.4764711712814772,1.125003562861299,,,,,,,per_feature,noisy,0.2,2.4000000000000004,laplace,5.0,7.0710678118654755,,,,,,,
S8,laplace,,,,0.2,505,,,,,,,,,,,,,,,0.6217798594847775,0.5,0.415455388221301,0.6859316593691697,,,,,,,per_feature,clean,0.2,2.4000000000000004,laplace,5.0,7.0710678118654755,,,,,,,
S8,gaussian,,,,0.2,101,,,,,,,,,,,,,,,0.5526932084309133,0.513570399911377,0.5148589319760019,1.0805077829527057,,,,,,,per_feature,noisy,0.2,2.4000000000000004,gaussian,16.304133420877157,16.304133420877157,,,,,,,
S8,gaussian,,,,0.2,101,,,,,,,,,,,,,,,0.6217798594847775,0.5,0.5325718750182201,0.8400772840936517,,,,,,,per_feature,clean,0.2,2.4000000000000004,gaussian,16.304133420877157,16.304133420877157,,,,,,,
S8,gaussian,,,,0.2,202,,,,,,,,,,,,,,,0.5374707259953162,0.4843510404459137,0.47995195699451354,1.2453135092858567,,,,,,,per_feature,noisy,0.2,2.4000000000000004,gaussian,16.304133420877157,16.304133420877157,,,,,,,
S8,gaussian,,,,0.2,202,,,,,,,,,,,,,,,0.6217798594847775,0.5,0.5751517377691486,0.7090892077380596,,,,,,,per_feature,clean,0.2,2.4000000000000004,gaussian,16.304133420877157,16.304133420877157,,,,,,,
S8,gaussian,,,,0.2,303,,,,,,,,,,,,,,,0.531615925058548,0.48934483100406384,0.5028073673715695,1.1791933865724777,,,,,,,per_feature,noisy,0.2,2.4000000000000004,gaussian,16.304133420877157,16.304133420877157,,,,,,,
S8,gaussian,,,,0.2,303,,,,,,,,,,,,,,,0.37822014051522246,0.5,0.7146571979966533,0.7775115794413978,,,,,,,per_feature,clean,0.2,2.4000000000000004,gaussian,16.304133420877157,16.304133420877157,,,,,,,
S8,gaussian,,,,0.2,404,,,,,,,,,,,,,,,0.5386416861826698,0.4877181321532479,0.49624809781182766,1.1185731514602433,,,,,,,per_feature,noisy,0.2,2.4000000000000004,gaussian,16.304133420877157,16.304133420877157,,,,,,,
S8,gaussian,,,,0.2,404,,,,,,,,,,,,,,,0.6217798594847775,0.5,0.4481467877070543,0.6907757772010517,,,,,,,per_feature,clean,0.2,2.4000000000000004,gaussian,16.304133420877157,16.304133420877157,,,,,,,
S8,gaussian,,,,0.2,505,,,,,,,,,,,,,,,0.5281030444964872,0.49561549270317706,0.4884527703439389,1.179844583993621,,,,,,,per_feature,noisy,0.2,2.4000000000000004,gaussian,16.304133420877157,16.304133420877157,,,,,,,
S8,gaussian,,,,0.2,505,,,,,,,,,,,,,,,0.5843091334894613,0.5541533294852286,0.5876872307055442,0.6764497238516082,,,,,,,per_feature,clean,0.2,2.4000000000000004,gaussian,16.304133420877157,16.304133420877157,,,,,,,
S8,laplace,,,,0.3,101,,,,,,,,,,,,,,,0.509367681498829,0.4841877875146491,0.47810370059412405,1.227136018737418,,,,,,,per_feature,noisy,0.3,3.5999999999999996,laplace,3.3333333333333335,4.714045207910317,,,,,,,
S8,laplace,,,,0.3,101,,,,,,,,,,,,,,,0.6252927400468384,0.5131331152740608,0.5909347979453453,0.6511783567328325,,,,,,,per_feature,clean,0.3,3.5999999999999996,laplace,3.3333333333333335,4.714045207910317,,,,,,,
S8,laplace,,,,0.3,202,,,,,,,,,,,,,,,0.5163934426229508,0.47710377639012785,0.4759930734113449,1.1937812482359014,,,,,,,per_feature,noisy,0.3,3.5999999999999996,laplace,3.3333333333333335,4.714045207910317,,,,,,,
S8,laplace,,,,0.3,202,,,,,,,,,,,,,,,0.6217798594847775,0.5,0.6740946750392098,1.020669399234003,,,,,,,per_feature,clean,0.3,3.5999999999999996,laplace,3.3333333333333335,4.714045207910317,,,,,,,
S8,laplace,,,,0.3,303,,,,,,,,,,,,,,,0.5327868852459017,0.49513739483304475,0.49575833901803357,1.1031426483344413,,,,,,,per_feature,noisy,0.3,3.5999999999999996,laplace,3.3333333333333335,4.714045207910317,,,,,,,
S8,laplace,,,,0.3,303,,,,,,,,,,,,,,,0.6229508196721312,0.5015479876160991,0.5894771824876248,0.7006648985385803,,,,,,,per_feature,clean,0.3,3.5999999999999996,laplace,3.3333333333333335,4.714045207910317,,,,,,,
S8,laplace,,,,0.3,404,,,,,,,,,,,,,,,0.5081967213114754,0.48809711217225515,0.4883361611073213,1.2169528364598605,,,,,,,per_feature,noisy,0.3,3.5999999999999996,laplace,3.3333333333333335,4.714045207910317,,,,,,,
S8,laplace,,,,0.3,404,,,,,,,,,,,,,,,0.544496487119438,0.4554377802265718,0.46301446537580243,0.6855247343518792,,,,,,,per_feature,clean,0.3,3.5999999999999996,laplace,3.3333333333333335,4.714045207910317,,,,,,,
S8,laplace,,,,0.3,505,,,,,,,,,,,,,,,0.5351288056206089,0.49459516188277275,0.4798994828380355,1.1345083656128243,,,,,,,per_feature,noisy,0.3,3.5999999999999996,laplace,3.3333333333333335,4.714045207910317,,,,,,,
S8,laplace,,,,0.3,505,,,,,,,,,,,,,,,0.6229508196721312,0.509430772011451,0.5773848046503763,0.6699137175753053,,,,,,,per_feature,clean,0.3,3.5999999999999996,laplace,3.3333333333333335,4.714045207910317,,,,,,,
S8,gaussian,,,,0.3,101,,,,,,,,,,,,,,,0.5257611241217799,0.48524310110603863,0.4816836041582853,1.1965486484030528,,,,,,,per_feature,noisy,0.3,3.5999999999999996,gaussian,11.238044464492786,11.238044464492786,,,,,,,
S8,gaussian,,,,0.3,101,,,,,,,,,,,,,,,0.6217798594847775,0.5,0.7349646965536141,0.8917042951604041,,,,,,,per_feature,clean,0.3,3.5999999999999996,gaussian,11.238044464492786,11.238044464492786,,,,,,,
S8,gaussian,,,,0.3,202,,,,,,,,,,,,,,,0.5737704918032787,0.5135412476022225,0.49107647816783573,1.193100460879978,,,,,,,per_feature,noisy,0.3,3.5999999999999996,gaussian,11.238044464492786,11.238044464492786,,,,,,,
S8,gaussian,,,,0.3,202,,,,,,,,,,,,,,,0.4964871194379391,0.46230897949426575,0.4401240722277612,0.6984393874275436,,,,,,,per_feature,clean,0.3,3.5999999999999996,gaussian,11.238044464492786,11.238044464492786,,,,,,,
S8,gaussian,,,,0.3,303,,,,,,,,,,,,,,,0.5339578454332553,0.5003235906316139,0.4993207511967023,1.2189860334195397,,,,,,,per_feature,noisy,0.3,3.5999999999999996,gaussian,11.238044464492786,11.238044464492786,,,,,,,
S8,gaussian,,,,0.3,303,,,,,,,,,,,,,,,0.6217798594847775,0.5,0.34092459463714125,0.6763616822345063,,,,,,,per_feature,clean,0.3,3.5999999999999996,gaussian,11.238044464492786,11.238044464492786,,,,,,,
S8,gaussian,,,,0.3,404,,,,,,,,,,,,,,,0.563231850117096,0.5196195040609166,0.5202637700932291,1.08612659720383,,,,,,,per_feature,noisy,0.3,3.5999999999999996,gaussian,11.238044464492786,11.238044464492786,,,,,,,
S8,gaussian,,,,0.3,404,,,,,,,,,,,,,,,0.6217798594847775,0.5,0.5499408208124166,0.6598247360962218,,,,,,,per_feature,clean,0.3,3.5999999999999996,gaussian,11.238044464492786,11.238044464492786,,,,,,,
S8,gaussian,,,,0.3,505,,,,,,,,,,,,,,,0.5339578454332553,0.49365354229708536,0.48219085433757214,1.1609818924138784,,,,,,,per_feature,noisy,0.3,3.5999999999999996,gaussian,11.238044464492786,11.238044464492786,,,,,,,
S8,gaussian,,,,0.3,505,,,,,,,,,,,,,,,0.3946135831381733,0.5131826741996234,0.5726329782582078,0.7319823547071705,,,,,,,per_feature,clean,0.3,3.5999999999999996,gaussian,11.238044464492786,11.238044464492786,,,,,,,
S8,laplace,,,,0.4,101,,,,,,,,,,,,,,,0.5257611241217799,0.5004023018663308,0.4904351273664387,1.1670619488411362,,,,,,,per_feature,noisy,0.4,4.800000000000001,laplace,2.5,3.5355339059327378,,,,,,,
S8,laplace,,,,0.4,101,,,,,,,,,,,,,,,0.6217798594847775,0.5,0.5850052182633386,0.7875159573352463,,,,,,,per_feature,clean,0.4,4.800000000000001,laplace,2.5,3.5355339059327378,,,,,,,
S8,laplace,,,,0.4,202,,,,,,,,,,,,,,,0.5351288056206089,0.501871578247713,0.49313463119413686,1.2124018546367619,,,,,,,per_feature,noisy,0.4,4.800000000000001,laplace,2.5,3.5355339059327378,,,,,,,
S8,laplace,,,,0.4,202,,,,,,,,,,,,,,,0.6217798594847775,0.5,0.6583174453248442,0.7973521706166692,,,,,,,per_feature,clean,0.4,4.800000000000001,laplace,2.5,3.5355339059327378,,,,,,,
S8,laplace,,,,0.4,303,,,,,,,,,,,,,,,0.5620608899297423,0.5229224606881111,0.51021788435862,1.069595809122846,,,,,,,per_feature,noisy,0.4,4.800000000000001,laplace,2.5,3.5355339059327378,,,,,,,
S8,laplace,,,,0.4,303,,,,,,,,,,,,,,,0.5644028103044496,0.47568988939613904,0.42685977156250543,0.7419214165586896,,,,,,,per_feature,clean,0.4,4.800000000000001,laplace,2.5,3.5355339059327378,,,,,,,
S8,laplace,,,,0.4,404,,,,,,,,,,,,,,,0.5573770491803278,0.5197623503757733,0.5017112405473637,1.1908253172387864,,,,,,,per_feature,noisy,0.4,4.800000000000001,laplace,2.5,3.5355339059327378,,,,,,,
S8,laplace,,,,0.4,404,,,,,,,,,,,,,,,0.6252927400468384,0.5046439628482973,0.6294508288001492,0.6576903903763376,,,,,,,per_feature,clean,0.4,4.800000000000001,laplace,2.5,3.5355339059327378,,,,,,,
S8,laplace,,,,0.4,505,,,,,,,,,,,,,,,0.5515222482435597,0.5017141557782792,0.5086261682787894,1.0602964674912825,,,,,,,per_feature,noisy,0.4,4.800000000000001,laplace,2.5,3.5355339059327378,,,,,,,
S8,laplace,,,,0.4,505,,,,,,,,,,,,,,,0.5456674473067916,0.4569857678426708,0.286065779270376,0.7393290030074453,,,,,,,per_feature,clean,0.4,4.800000000000001,laplace,2.5,3.5355339059327378,,,,,,,
S8,gaussian,,,,0.4,101,,,,,,,,,,,,,,,0.5035128805620609,0.4764478494341537,0.4752467742969921,1.2079052505431367,,,,,,,per_feature,noisy,0.4,4.800000000000001,gaussian,8.629573588246668,8.629573588246668,,,,,,,
S8,gaussian,,,,0.4,101,,,,,,,,,,,,,,,0.6217798594847775,0.5,0.8168593634301773,0.6343276245401092,,,,,,,per_feature,clean,0.4,4.800000000000001,gaussian,8.629573588246668,8.629573588246668,,,,,,,
S8,gaussian,,,,0.4,202,,,,,,,,,,,,,,,0.550351288056206,0.4862197034627113,0.4889017159049168,1.2267406026256746,,,,,,,per_feature,noisy,0.4,4.800000000000001,gaussian,8.629573588246668,8.629573588246668,,,,,,,
S8,gaussian,,,,0.4,202,,,,,,,,,,,,,,,0.6217798594847775,0.5,0.4743605440986981,0.7322186098863235,,,,,,,per_feature,clean,0.4,4.800000000000001,gaussian,8.629573588246668,8.629573588246668,,,,,,,
S8,gaussian,,,,0.4,303,,,,,,,,,,,,,,,0.5327868852459017,0.49149918665057457,0.5125442386291418,1.1203066106395185,,,,,,,per_feature,noisy,0.4,4.800000000000001,gaussian,8.629573588246668,8.629573588246668,,,,,,,
S8,gaussian,,,,0.4,303,,,,,,,,,,,,,,,0.6217798594847775,0.5006063680304117,0.6221569210497164,0.6549949548762778,,,,,,,per_feature,clean,0.4,4.800000000000001,gaussian,8.629573588246668,8.629573588246668,,,,,,,
S8,gaussian,,,,0.4,404,,,,,,,,,,,,,,,0.5597189695550351,0.5131564371213844,0.5192142869636703,1.1544885080568474,,,,,,,per_feature,noisy,0.4,4.800000000000001,gaussian,8.629573588246668,8.629573588246668,,,,,,,
S8,gaussian,,,,0.4,404,,,,,,,,,,,,,,,0.6358313817330211,0.5234267956364823,0.723047232571292,0.6350723156870989,,,,,,,per_feature,clean,0.4,4.800000000000001,gaussian,8.629573588246668,8.629573588246668,,,,,,,
S8,gaussian,,,,0.4,505,,,,,,,,,,,,,,,0.5327868852459017,0.49513739483304475,0.47599890387317584,1.1967420469393377,,,,,,,per_feature,noisy,0.4,4.800000000000001,gaussian,8.629573588246668,8.629573588246668,,,,,,,
S8,gaussian,,,,0.4,505,,,,,,,,,,,,,,,0.6217798594847775,0.5,0.5357378157923889,0.7143841244555259,,,,,,,per_feature,clean,0.4,4.800000000000001,gaussian,8.629573588246668,8.629573588246668,,,,,,,
S8,laplace,,,,0.5,101,,,,,,,,,,,,,,,0.544496487119438,0.5172873193285641,0.5277734049314046,1.1056059858672065,,,,,,,per_feature,noisy,0.5,6.0,laplace,2.0,2.8284271247461903,,,,,,,
S8,laplace,,,,0.5,101,,,,,,,,,,,,,,,0.6217798594847775,0.5,0.6393509529889863,0.7392165170328084,,,,,,,per_feature,clean,0.5,6.0,laplace,2.0,2.8284271247461903,,,,,,,
S8,laplace,,,,0.5,202,,,,,,,,,,,,,,,0.5105386416861827,0.47664025467457277,0.483520199635013,1.189862140571358,,,,,,,per_feature,noisy,0.5,6.0,laplace,2.0,2.8284271247461903,,,,,,,
S8,laplace,,,,0.5,202,,,,,,,,,,,,,,,0.6217798594847775,0.5,0.5643362310728632,0.7242522244325341,,,,,,,per_feature,clean,0.5,6.0,laplace,2.0,2.8284271247461903,,,,,,,
S8,laplace,,,,0.5,303,,,,,,,,,,,,,,,0.544496487119438,0.5075854308419769,0.5050229428673045,1.1212168226903556,,,,,,,per_feature,noisy,0.5,6.0,laplace,2.0,2.8284271247461903,,,,,,,
S8,laplace,,,,0.5,303,,,,,,,,,,,,,,,0.6088992974238876,0.5157160098651414,0.5285313649694192,0.6780596045455168,,,,,,,per_feature,clean,0.5,6.0,laplace,2.0,2.8284271247461903,,,,,,,
S8,laplace,,,,0.5,404,,,,,,,,,,,,,,,0.550351288056206,0.5171444730137075,0.5180248727501706,1.1451197825710733,,,,,,,per_feature,noisy,0.5,6.0,laplace,2.0,2.8284271247461903,,,,,,,
S8,laplace,,,,0.5,404,,,,,,,,,,,,,,,0.617096018735363,0.5022972019613673,0.5909581197926689,0.6651146950529314,,,,,,,per_feature,clean,0.5,6.0,laplace,2.0,2.8284271247461903,,,,,,,
S8,laplace,,,,0.5,505,,,,,,,,,,,,,,,0.5327868852459017,0.4878609784681045,0.48742660906170376,1.1063035033888566,,,,,,,per_feature,noisy,0.5,6.0,laplace,2.0,2.8284271247461903,,,,,,,
S8,laplace,,,,0.5,505,,,,,,,,,,,,,,,0.5070257611241218,0.4216677453021054,0.28907429757511094,0.741691424961222,,,,,,,per_feature,clean,0.5,6.0,laplace,2.0,2.8284271247461903,,,,,,,
S8,gaussian,,,,0.5,101,,,,,,,,,,,,,,,0.5199063231850117,0.48235410726883676,0.491402984030365,1.181015090104047,,,,,,,per_feature,noisy,0.5,6.0,gaussian,7.031826675582501,7.031826675582501,,,,,,,
S8,gaussian,,,,0.5,101,,,,,,,,,,,,,,,0.6217798594847775,0.5,0.5965320413029916,0.7750089863851144,,,,,,,per_feature,clean,0.5,6.0,gaussian,7.031826675582501,7.031826675582501,,,,,,,
S8,gaussian,,,,0.5,202,,,,,,,,,,,,,,,0.5690866510538641,0.5061365610770029,0.5011631771352609,1.1844606356601703,,,,,,,per_feature,noisy,0.5,6.0,gaussian,7.031826675582501,7.031826675582501,,,,,,,
S8,gaussian,,,,0.5,202,,,,,,,,,,,,,,,0.6217798594847775,0.5,0.65729711450444,0.646839800930688,,,,,,,per_feature,clean,0.5,6.0,gaussian,7.031826675582501,7.031826675582501,,,,,,,
S8,gaussian,,,,0.5,303,,,,,,,,,,,,,,,0.572599531615925,0.5198760443814755,0.5272719852139488,1.0871908538478496,,,,,,,per_feature,noisy,0.5,6.0,gaussian,7.031826675582501,7.031826675582501,,,,,,,
S8,gaussian,,,,0.5,303,,,,,,,,,,,,,,,0.5210772833723654,0.46813652609423195,0.4736084145225143,0.6934023691625284,,,,,,,per_feature,clean,0.5,6.0,gaussian,7.031826675582501,7.031826675582501,,,,,,,
S8,gaussian,,,,0.5,404,,,,,,,,,,,,,,,0.563231850117096,0.5135558237567999,0.51140729857212,1.1253676349190576,,,,,,,per_feature,noisy,0.5,6.0,gaussian,7.031826675582501,7.031826675582501,,,,,,,
S8,gaussian,,,,0.5,404,,,,,,,,,,,,,,,0.6276346604215457,0.508346306110907,0.6769049576416949,0.6387663280225052,,,,,,,per_feature,clean,0.5,6.0,gaussian,7.031826675582501,7.031826675582501,,,,,,,
S8,gaussian,,,,0.5,505,,,,,,,,,,,,,,,0.5304449648711944,0.5035624121786686,0.47630208788838163,1.1978257122733158,,,,,,,per_feature,noisy,0.5,6.0,gaussian,7.031826675582501,7.031826675582501,,,,,,,
S8,gaussian,,,,0.5,505,,,,,,,,,,,,,,,0.6217798594847775,0.5,0.610356066304012,0.6649235298626367,,,,,,,per_feature,clean,0.5,6.0,gaussian,7.031826675582501,7.031826675582501,,,,,,,
S8,laplace,,,,1.0,101,,,,,,,,,,,,,,,0.5585480093676815,0.5388950108738113,0.5514742322739385,1.0758511540768485,,,,,,,per_feature,noisy,1.0,12.0,laplace,1.0,1.4142135623730951,,,,,,,
S8,laplace,,,,1.0,101,,,,,,,,,,,,,,,0.6850117096018735,0.6587809670403992,0.7190883489881233,0.595315517433463,,,,,,,per_feature,clean,1.0,12.0,laplace,1.0,1.4142135623730951,,,,,,,
S8,laplace,,,,1.0,202,,,,,,,,,,,,,,,0.5608899297423887,0.5140980567070718,0.5042008477491502,1.188905688705479,,,,,,,per_feature,noisy,1.0,12.0,laplace,1.0,1.4142135623730951,,,,,,,
S8,laplace,,,,1.0,202,,,,,,,,,,,,,,,0.6323185011709602,0.5472821302175346,0.5967652597762269,0.7912833097295746,,,,,,,per_feature,clean,1.0,12.0,laplace,1.0,1.4142135623730951,,,,,,,
S8,laplace,,,,1.0,303,,,,,,,,,,,,,,,0.5538641686182669,0.5339157964702383,0.5402331018639986,1.126502818955638,,,,,,,per_feature,noisy,1.0,12.0,laplace,1.0,1.4142135623730951,,,,,,,
S8,laplace,,,,1.0,303,,,,,,,,,,,,,,,0.6440281030444965,0.6130905529026954,0.6840764256936791,0.6130005129941541,,,,,,,per_feature,clean,1.0,12.0,laplace,1.0,1.4142135623730951,,,,,,,
S8,laplace,,,,1.0,404,,,,,,,,,,,,,,,0.5608899297423887,0.5280445214065406,0.5325951968655437,1.0977113413020199,,,,,,,per_feature,noisy,1.0,12.0,laplace,1.0,1.4142135623730951,,,,,,,
S8,laplace,,,,1.0,404,,,,,,,,,,,,,,,0.667447306791569,0.5676479333928041,0.710395130398279,0.6144952596212451,,,,,,,per_feature,clean,1.0,12.0,laplace,1.0,1.4142135623730951,,,,,,,
S8,laplace,,,,1.0,505,,,,,,,,,,,,,,,0.5351288056206089,0.5024779462781247,0.5155061132392297,1.1001704639083156,,,,,,,per_feature,noisy,1.0,12.0,laplace,1.0,1.4142135623730951,,,,,,,
S8,laplace,,,,1.0,505,,,,,,,,,,,,,,,0.4918032786885246,0.4567233970602812,0.4385498475334231,0.7921521643403399,,,,,,,per_feature,clean,1.0,12.0,laplace,1.0,1.4142135623730951,,,,,,,
S8,gaussian,,,,1.0,101,,,,,,,,,,,,,,,0.5491803278688525,0.5180219575192551,0.5283972643473089,1.0686705414736968,,,,,,,per_feature,noisy,1.0,12.0,gaussian,3.730631634815936,3.730631634815936,,,,,,,
S8,gaussian,,,,1.0,101,,,,,,,,,,,,,,,0.6229508196721312,0.5015479876160991,0.6746077556803275,0.7702140802811772,,,,,,,per_feature,clean,1.0,12.0,gaussian,3.730631634815936,3.730631634815936,,,,,,,
S8,gaussian,,,,1.0,202,,,,,,,,,,,,,,,0.5831381733021077,0.52410604443978,0.5192959134293027,1.1511818214408591,,,,,,,per_feature,noisy,1.0,12.0,gaussian,3.730631634815936,3.730631634815936,,,,,,,
S8,gaussian,,,,1.0,202,,,,,,,,,,,,,,,0.5398126463700235,0.4413630453668235,0.38472885437255483,0.7459291146487195,,,,,,,per_feature,clean,1.0,12.0,gaussian,3.730631634815936,3.730631634815936,,,,,,,
S8,gaussian,,,,1.0,303,,,,,,,,,,,,,,,0.550351288056206,0.5038043763446503,0.5053086354970178,1.198779761098745,,,,,,,per_feature,noisy,1.0,12.0,gaussian,3.730631634815936,3.730631634815936,,,,,,,
S8,gaussian,,,,1.0,303,,,,,,,,,,,,,,,0.6967213114754098,0.6724417391101549,0.7027630558616549,0.6338890317812335,,,,,,,per_feature,clean,1.0,12.0,gaussian,3.730631634815936,3.730631634815936,,,,,,,
S8,gaussian,,,,1.0,404,,,,,,,,,,,,,,,0.5491803278688525,0.5016500206981396,0.5031980083142386,1.1294167701705806,,,,,,,per_feature,noisy,1.0,12.0,gaussian,3.730631634815936,3.730631634815936,,,,,,,
S8,gaussian,,,,1.0,404,,,,,,,,,,,,,,,0.4215456674473068,0.5293826123967279,0.5489204899920123,0.8649356818249089,,,,,,,per_feature,clean,1.0,12.0,gaussian,3.730631634815936,3.730631634815936,,,,,,,
S8,gaussian,,,,1.0,505,,,,,,,,,,,,,,,0.5351288056206089,0.4958078979435961,0.4707339968398897,1.1881029290221734,,,,,,,per_feature,noisy,1.0,12.0,gaussian,3.730631634815936,3.730631634815936,,,,,,,
S8,gaussian,,,,1.0,505,,,,,,,,,,,,,,,0.6217798594847775,0.5,0.6157200911884231,0.6885199407055853,,,,,,,per_feature,clean,1.0,12.0,gaussian,3.730631634815936,3.730631634815936,,,,,,,
S8,laplace,,,,2.0,101,,,,,,,,,,,,,,,0.5925058548009368,0.5837866517406844,0.6112189746549824,1.0585617421601583,,,,,,,per_feature,noisy,2.0,24.0,laplace,0.5,0.7071067811865476,,,,,,,
S8,laplace,,,,2.0,101,,,,,,,,,,,,,,,0.7985948477751756,0.7877128847376,0.8712284200031485,0.45246853431862866,,,,,,,per_feature,clean,2.0,24.0,laplace,0.5,0.7071067811865476,,,,,,,
S8,laplace,,,,2.0,202,,,,,,,,,,,,,,,0.5796252927400468,0.5455359068991855,0.589570469876919,1.0708033152760745,,,,,,,per_feature,noisy,2.0,24.0,laplace,0.5,0.7071067811865476,,,,,,,
S8,laplace,,,,2.0,202,,,,,,,,,,,,,,,0.7166276346604216,0.6981511605534274,0.79948458717415,0.5320621591265147,,,,,,,per_feature,clean,2.0,24.0,laplace,0.5,0.7071067811865476,,,,,,,
S8,laplace,,,,2.0,303,,,,,,,,,,,,,,,0.6182669789227166,0.5984386023216899,0.6268795951327304,0.9404932494619007,,,,,,,per_feature,noisy,2.0,24.0,laplace,0.5,0.7071067811865476,,,,,,,
S8,laplace,,,,2.0,303,,,,,,,,,,,,,,,0.8231850117096019,0.8062741599762118,0.9012144851993726,0.41641076199501925,,,,,,,per_feature,clean,2.0,24.0,laplace,0.5,0.7071067811865476,,,,,,,
S8,laplace,,,,2.0,404,,,,,,,,,,,,,,,0.6030444964871194,0.57043197891705,0.601091462454741,1.0071203123335417,,,,,,,per_feature,noisy,2.0,24.0,laplace,0.5,0.7071067811865476,,,,,,,
S8,laplace,,,,2.0,404,,,,,,,,,,,,,,,0.7822014051522248,0.7205634558313364,0.8591068898567455,0.4830749394647486,,,,,,,per_feature,clean,2.0,24.0,laplace,0.5,0.7071067811865476,,,,,,,
S8,laplace,,,,2.0,505,,,,,,,,,,,,,,,0.5737704918032787,0.5347641286666317,0.5753208211622443,0.9712832496831272,,,,,,,per_feature,noisy,2.0,24.0,laplace,0.5,0.7071067811865476,,,,,,,
S8,laplace,,,,2.0,505,,,,,,,,,,,,,,,0.6908665105386417,0.6434789199652504,0.7672421332493746,0.5641170031703148,,,,,,,per_feature,clean,2.0,24.0,laplace,0.5,0.7071067811865476,,,,,,,
S8,gaussian,,,,2.0,101,,,,,,,,,,,,,,,0.5526932084309133,0.5232722883979639,0.5174126742579279,1.0903420781573758,,,,,,,per_feature,noisy,2.0,24.0,gaussian,1.993812445643537,1.993812445643537,,,,,,,
S8,gaussian,,,,2.0,101,,,,,,,,,,,,,,,0.5163934426229508,0.4813483526030097,0.4504906333630687,0.7736384178227599,,,,,,,per_feature,clean,2.0,24.0,gaussian,1.993812445643537,1.993812445643537,,,,,,,
S8,gaussian,,,,2.0,202,,,,,,,,,,,,,,,0.5644028103044496,0.520561123646604,0.5296799659501029,1.0776274655627103,,,,,,,per_feature,noisy,2.0,24.0,gaussian,1.993812445643537,1.993812445643537,,,,,,,
S8,gaussian,,,,2.0,202,,,,,,,,,,,,,,,0.5983606557377049,0.489656760712016,0.33937952225195755,0.8372964985575063,,,,,,,per_feature,clean,2.0,24.0,gaussian,1.993812445643537,1.993812445643537,,,,,,,
S8,gaussian,,,,2.0,303,,,,,,,,,,,,,,,0.5644028103044496,0.520561123646604,0.525044748794552,1.0477513337729512,,,,,,,per_feature,noisy,2.0,24.0,gaussian,1.993812445643537,1.993812445643537,,,,,,,
S8,gaussian,,,,2.0,303,,,,,,,,,,,,,,,0.45901639344262296,0.39640143895797986,0.28657302944966273,0.824934331425643,,,,,,,per_feature,clean,2.0,24.0,gaussian,1.993812445643537,1.993812445643537,,,,,,,
S8,gaussian,,,,2.0,404,,,,,,,,,,,,,,,0.5608899297423887,0.5153107927678952,0.5177216887349647,1.088223183552304,,,,,,,per_feature,noisy,2.0,24.0,gaussian,1.993812445643537,1.993812445643537,,,,,,,
S8,gaussian,,,,2.0,404,,,,,,,,,,,,,,,0.4637002341920375,0.41350801396978654,0.33146175508562037,0.7783795002055189,,,,,,,per_feature,clean,2.0,24.0,gaussian,1.993812445643537,1.993812445643537,,,,,,,
S8,gaussian,,,,2.0,505,,,,,,,,,,,,,,,0.5245901639344263,0.4776314331858227,0.4771241830065359,1.158385217469111,,,,,,,per_feature,noisy,2.0,24.0,gaussian,1.993812445643537,1.993812445643537,,,,,,,
S8,gaussian,,,,2.0,505,,,,,,,,,,,,,,,0.5702576112412178,0.4937380839936331,0.5180365336738323,0.6892311821016313,,,,,,,per_feature,clean,2.0,24.0,gaussian,1.993812445643537,1.993812445643537,,,,,,,
S8,laplace,,,,4.0,101,,,,,,,,,,,,,,,0.6733021077283372,0.6542157154268189,0.7327316296723865,0.8555488699933463,,,,,,,per_feature,noisy,4.0,48.0,laplace,0.25,0.3535533905932738,,,,,,,
S8,laplace,,,,4.0,101,,,,,,,,,,,,,,,0.8138173302107728,0.8005603073819477,0.8970107222193069,0.39226852407261914,,,,,,,per_feature,clean,4.0,48.0,laplace,0.25,0.3535533905932738,,,,,,,
S8,laplace,,,,4.0,202,,,,,,,,,,,,,,,0.7201405152224825,0.7052205955233715,0.7678251794324629,0.7475564818376647,,,,,,,per_feature,noisy,4.0,48.0,laplace,0.25,0.3535533905932738,,,,,,,
S8,laplace,,,,4.0,202,,,,,,,,,,,,,,,0.8548009367681498,0.8444316174284165,0.926116387679068,0.33478543276459993,,,,,,,per_feature,clean,4.0,48.0,laplace,0.25,0.3535533905932738,,,,,,,
S8,laplace,,,,4.0,303,,,,,,,,,,,,,,,0.7177985948477752,0.7039437243824083,0.7625194591663605,0.7631130744896929,,,,,,,per_feature,noisy,4.0,48.0,laplace,0.25,0.3535533905932738,,,,,,,
S8,laplace,,,,4.0,303,,,,,,,,,,,,,,,0.8641686182669789,0.8580282544180324,0.9354917703031258,0.32179852157342026,,,,,,,per_feature,clean,4.0,48.0,laplace,0.25,0.3535533905932738,,,,,,,
S8,laplace,,,,4.0,404,,,,,,,,,,,,,,,0.6955503512880562,0.6654364392203507,0.7433080874336055,0.8264251222025369,,,,,,,per_feature,noisy,4.0,48.0,laplace,0.25,0.3535533905932738,,,,,,,
S8,laplace,,,,4.0,404,,,,,,,,,,,,,,,0.8243559718969555,0.7914502107711952,0.9028878277448358,0.4063701589692219,,,,,,,per_feature,clean,4.0,48.0,laplace,0.25,0.3535533905932738,,,,,,,
S8,laplace,,,,4.0,505,,,,,,,,,,,,,,,0.6955503512880562,0.6660428072507623,0.7385329391941136,0.7712740718493055,,,,,,,per_feature,noisy,4.0,48.0,laplace,0.25,0.3535533905932738,,,,,,,
S8,laplace,,,,4.0,505,,,,,,,,,,,,,,,0.7728337236533958,0.7481998449097154,0.848244739465813,0.4599387346020648,,,,,,,per_feature,clean,4.0,48.0,laplace,0.25,0.3535533905932738,,,,,,,
S8,gaussian,,,,4.0,101,,,,,,,,,,,,,,,0.5526932084309133,0.5153895040026121,0.5266306344125519,1.1395776868845315,,,,,,,per_feature,noisy,4.0,48.0,gaussian,1.08116184952024,1.08116184952024,,,,,,,
S8,gaussian,,,,4.0,101,,,,,,,,,,,,,,,0.5772833723653396,0.4793776565041717,0.4906217021450269,0.8523571656253741,,,,,,,per_feature,clean,4.0,48.0,gaussian,1.08116184952024,1.08116184952024,,,,,,,
S8,gaussian,,,,4.0,202,,,,,,,,,,,,,,,0.5456674473067916,0.4970060578498423,0.5143341904112225,1.2044318573260577,,,,,,,per_feature,noisy,4.0,48.0,gaussian,1.08116184952024,1.08116184952024,,,,,,,
S8,gaussian,,,,4.0,202,,,,,,,,,,,,,,,0.46604215456674475,0.4220613014756899,0.4064531551544197,0.8418234891554193,,,,,,,per_feature,clean,4.0,48.0,gaussian,1.08116184952024,1.08116184952024,,,,,,,
S8,gaussian,,,,4.0,303,,,,,,,,,,,,,,,0.5784543325526932,0.5373178709485579,0.5482616478051227,1.1118090271161396,,,,,,,per_feature,noisy,4.0,48.0,gaussian,1.08116184952024,1.08116184952024,,,,,,,
S8,gaussian,,,,4.0,303,,,,,,,,,,,,,,,0.5913348946135831,0.5416120060870022,0.5728253834986269,0.6752657660172837,,,,,,,per_feature,clean,4.0,48.0,gaussian,1.08116184952024,1.08116184952024,,,,,,,
S8,gaussian,,,,4.0,404,,,,,,,,,,,,,,,0.6018735362997658,0.5676712552401275,0.5797111589208981,1.043157051307205,,,,,,,per_feature,noisy,4.0,48.0,gaussian,1.08116184952024,1.08116184952024,,,,,,,
S8,gaussian,,,,4.0,404,,,,,,,,,,,,,,,0.39344262295081966,0.40915848944394884,0.39714190761050183,0.98850784383637,,,,,,,per_feature,clean,4.0,48.0,gaussian,1.08116184952024,1.08116184952024,,,,,,,
S8,gaussian,,,,4.0,505,,,,,,,,,,,,,,,0.5679156908665105,0.5185350381603726,0.5316681534344335,1.0816068250939732,,,,,,,per_feature,noisy,4.0,48.0,gaussian,1.08116184952024,1.08116184952024,,,,,,,
S8,gaussian,,,,4.0,505,,,,,,,,,,,,,,,0.5655737704918032,0.4754187729210031,0.5009299586620256,0.7841716559025568,,,,,,,per_feature,clean,4.0,48.0,gaussian,1.08116184952024,1.08116184952024,,,,,,,
S8,laplace,,,,6.0,101,,,,,,,,,,,,,,,0.7423887587822015,0.7316005200771953,0.8002133949030104,0.8726115158503126,,,,,,,per_feature,noisy,6.0,72.0,laplace,0.16666666666666666,0.23570226039551584,,,,,,,
S8,laplace,,,,6.0,101,,,,,,,,,,,,,,,0.860655737704918,0.8552033956609704,0.936605388512824,0.3114706965560219,,,,,,,per_feature,clean,6.0,72.0,laplace,0.16666666666666666,0.23570226039551584,,,,,,,
S8,laplace,,,,6.0,202,,,,,,,,,,,,,,,0.7704918032786885,0.7608694384682211,0.8354118929760427,0.6756212578228957,,,,,,,per_feature,noisy,6.0,72.0,laplace,0.16666666666666666,0.23570226039551584,,,,,,,
S8,laplace,,,,6.0,202,,,,,,,,,,,,,,,0.8688524590163934,0.861794732760782,0.9414563327561176,0.30308538540892166,,,,,,,per_feature,clean,6.0,72.0,laplace,0.16666666666666666,0.23570226039551584,,,,,,,
S8,laplace,,,,6.0,303,,,,,,,,,,,,,,,0.775175644028103,0.767667756963029,0.8319660900339916,0.6637732208006649,,,,,,,per_feature,noisy,6.0,72.0,laplace,0.16666666666666666,0.23570226039551584,,,,,,,
S8,laplace,,,,6.0,303,,,,,,,,,,,,,,,0.892271662763466,0.8921481170523518,0.9532863398109764,0.2748689003100173,,,,,,,per_feature,clean,6.0,72.0,laplace,0.16666666666666666,0.23570226039551584,,,,,,,
S8,laplace,,,,6.0,404,,,,,,,,,,,,,,,0.7611241217798594,0.7521237457218987,0.8319194463393446,0.6658074764175649,,,,,,,per_feature,noisy,6.0,72.0,laplace,0.16666666666666666,0.23570226039551584,,,,,,,
S8,laplace,,,,6.0,404,,,,,,,,,,,,,,,0.8676814988290398,0.8529703287797427,0.9377656504171695,0.317773790237073,,,,,,,per_feature,clean,6.0,72.0,laplace,0.16666666666666666,0.23570226039551584,,,,,,,
S8,laplace,,,,6.0,505,,,,,,,,,,,,,,,0.775175644028103,0.7537212922635602,0.8234885985318897,0.6919180704087953,,,,,,,per_feature,noisy,6.0,72.0,laplace,0.16666666666666666,0.23570226039551584,,,,,,,
S8,laplace,,,,6.0,505,,,,,,,,,,,,,,,0.8442622950819673,0.8280742567618782,0.9084967320261438,0.38470619234115727,,,,,,,per_feature,clean,6.0,72.0,laplace,0.16666666666666666,0.23570226039551584,,,,,,,
S8,gaussian,,,,6.0,101,,,,,,,,,,,,,,,0.6065573770491803,0.5659804213091719,0.5956516415665285,0.9731313609219229,,,,,,,per_feature,noisy,6.0,72.0,gaussian,0.7636351799316785,0.7636351799316785,,,,,,,
S8,gaussian,,,,6.0,101,,,,,,,,,,,,,,,0.4613583138173302,0.4025292543422364,0.38564423688000327,0.8256583424909542,,,,,,,per_feature,clean,6.0,72.0,gaussian,0.7636351799316785,0.7636351799316785,,,,,,,
S8,gaussian,,,,6.0,202,,,,,,,,,,,,,,,0.5608899297423887,0.5177362648895419,0.553905534857416,1.123747595137875,,,,,,,per_feature,noisy,6.0,72.0,gaussian,0.7636351799316785,0.7636351799316785,,,,,,,
S8,gaussian,,,,6.0,202,,,,,,,,,,,,,,,0.5714285714285714,0.5541037705596661,0.5818567688746626,0.7235847909452277,,,,,,,per_feature,clean,6.0,72.0,gaussian,0.7636351799316785,0.7636351799316785,,,,,,,
S8,gaussian,,,,6.0,303,,,,,,,,,,,,,,,0.5901639344262295,0.5509786430183135,0.5666975681143703,1.0440728350157717,,,,,,,per_feature,noisy,6.0,72.0,gaussian,0.7636351799316785,0.7636351799316785,,,,,,,
S8,gaussian,,,,6.0,303,,,,,,,,,,,,,,,0.6510538641686182,0.6078256458694093,0.65399124264633,0.6632538738099043,,,,,,,per_feature,clean,6.0,72.0,gaussian,0.7636351799316785,0.7636351799316785,,,,,,,
S8,gaussian,,,,6.0,404,,,,,,,,,,,,,,,0.5925058548009368,0.5546809862809233,0.5923049564756024,1.0648310448692995,,,,,,,per_feature,noisy,6.0,72.0,gaussian,0.7636351799316785,0.7636351799316785,,,,,,,
S8,gaussian,,,,6.0,404,,,,,,,,,,,,,,,0.4718969555035129,0.46254511319841646,0.4450741343221797,0.8999614627077875,,,,,,,per_feature,clean,6.0,72.0,gaussian,0.7636351799316785,0.7636351799316785,,,,,,,
S8,gaussian,,,,6.0,505,,,,,,,,,,,,,,,0.5936768149882904,0.5501652935929054,0.5664060450228262,1.0715261475850035,,,,,,,per_feature,noisy,6.0,72.0,gaussian,0.7636351799316785,0.7636351799316785,,,,,,,
S8,gaussian,,,,6.0,505,,,,,,,,,,,,,,,0.5749414519906323,0.4993236664276177,0.5390553485741605,0.7596859723166867,,,,,,,per_feature,clean,6.0,72.0,gaussian,0.7636351799316785,0.7636351799316785,,,,,,,
S8,laplace,,,,8.0,101,,,,,,,,,,,,,,,0.7868852459016393,0.7782966888807263,0.8585704873683044,0.6917497337869755,,,,,,,per_feature,noisy,8.0,96.0,laplace,0.125,0.1767766952966369,,,,,,,
S8,laplace,,,,8.0,101,,,,,,,,,,,,,,,0.8747072599531616,0.8768110872062176,0.9487269186592271,0.28835819095071147,,,,,,,per_feature,clean,8.0,96.0,laplace,0.125,0.1767766952966369,,,,,,,
S8,laplace,,,,8.0,202,,,,,,,,,,,,,,,0.8138173302107728,0.8041985155644178,0.8783649052841475,0.5793013036315441,,,,,,,per_feature,noisy,8.0,96.0,laplace,0.125,0.1767766952966369,,,,,,,
S8,laplace,,,,8.0,202,,,,,,,,,,,,,,,0.8840749414519906,0.8764612594963648,0.947152693964889,0.2934016057578262,,,,,,,per_feature,clean,8.0,96.0,laplace,0.125,0.1767766952966369,,,,,,,
S8,laplace,,,,8.0,303,,,,,,,,,,,,,,,0.8185011709601874,0.8079649939071674,0.8717998052625748,0.6157419240191666,,,,,,,per_feature,noisy,8.0,96.0,laplace,0.125,0.1767766952966369,,,,,,,
S8,laplace,,,,8.0,303,,,,,,,,,,,,,,,0.9039812646370023,0.8997452088179905,0.9530531213377411,0.2762732785865717,,,,,,,per_feature,clean,8.0,96.0,laplace,0.125,0.1767766952966369,,,,,,,
S8,laplace,,,,8.0,404,,,,,,,,,,,,,,,0.8173302107728337,0.8058106382606567,0.882825208584772,0.5449988506230997,,,,,,,per_feature,noisy,8.0,96.0,laplace,0.125,0.1767766952966369,,,,,,,
S8,laplace,,,,8.0,404,,,,,,,,,,,,,,,0.8934426229508197,0.8833878481514521,0.9519803163608589,0.2751766244431765,,,,,,,per_feature,clean,8.0,96.0,laplace,0.125,0.1767766952966369,,,,,,,
S8,laplace,,,,8.0,505,,,,,,,,,,,,,,,0.8243559718969555,0.8017584672881939,0.888783940575933,0.5348536448454306,,,,,,,per_feature,noisy,8.0,96.0,laplace,0.125,0.1767766952966369,,,,,,,
S8,laplace,,,,8.0,505,,,,,,,,,,,,,,,0.8723653395784543,0.853098598940022,0.9526974631660574,0.2797500618955088,,,,,,,per_feature,clean,8.0,96.0,laplace,0.125,0.1767766952966369,,,,,,,
S8,gaussian,,,,8.0,101,,,,,,,,,,,,,,,0.6124121779859485,0.5712948872680205,0.6079131027968726,0.9777944639062052,,,,,,,per_feature,noisy,8.0,96.0,gaussian,0.6002290721989517,0.6002290721989517,,,,,,,
S8,gaussian,,,,8.0,101,,,,,,,,,,,,,,,0.6159250585480094,0.5765452181467294,0.632908292665862,0.6565653566599787,,,,,,,per_feature,clean,8.0,96.0,gaussian,0.6002290721989517,0.6002290721989517,,,,,,,
S8,gaussian,,,,8.0,202,,,,,,,,,,,,,,,0.5714285714285714,0.5298490493431984,0.5755890224064648,1.1009856519108947,,,,,,,per_feature,noisy,8.0,96.0,gaussian,0.6002290721989517,0.6002290721989517,,,,,,,
S8,gaussian,,,,8.0,202,,,,,,,,,,,,,,,0.5573770491803278,0.510666829919598,0.5643770443056795,0.7161145628257328,,,,,,,per_feature,clean,8.0,96.0,gaussian,0.6002290721989517,0.6002290721989517,,,,,,,
S8,gaussian,,,,8.0,303,,,,,,,,,,,,,,,0.6065573770491803,0.5714377335828771,0.6157142607265922,0.9599996124416433,,,,,,,per_feature,noisy,8.0,96.0,gaussian,0.6002290721989517,0.6002290721989517,,,,,,,
S8,gaussian,,,,8.0,303,,,,,,,,,,,,,,,0.6978922716627635,0.638820380962376,0.6987750199693319,0.605090582720037,,,,,,,per_feature,clean,8.0,96.0,gaussian,0.6002290721989517,0.6002290721989517,,,,,,,
S8,gaussian,,,,8.0,404,,,,,,,,,,,,,,,0.6088992974238876,0.5775655489671337,0.6301213319107006,0.9856379050146616,,,,,,,per_feature,noisy,8.0,96.0,gaussian,0.6002290721989517,0.6002290721989517,,,,,,,
S8,gaussian,,,,8.0,404,,,,,,,,,,,,,,,0.5269320843091335,0.5001311853911948,0.5174126742579279,0.8057597361208351,,,,,,,per_feature,clean,8.0,96.0,gaussian,0.6002290721989517,0.6002290721989517,,,,,,,
S8,gaussian,,,,8.0,505,,,,,,,,,,,,,,,0.6135831381733021,0.5692046667016495,0.618384612245136,1.006873374271887,,,,,,,per_feature,noisy,8.0,96.0,gaussian,0.6002290721989517,0.6002290721989517,,,,,,,
S8,gaussian,,,,8.0,505,,,,,,,,,,,,,,,0.6241217798594848,0.5528181537259567,0.6075049704687109,0.7021205149005703,,,,,,,per_feature,clean,8.0,96.0,gaussian,0.6002290721989517,0.6002290721989517,,,,,,,
S8,laplace,,,,2.4,101,,,,,,,,,,,,,,,0.5070257611241218,0.4780599721303924,0.4695095998554046,1.215528546351791,,,,,,,record,noisy,,,laplace,5.0,7.0710678118654755,2.4,,,,,,
S8,laplace,,,,2.4,101,,,,,,,,,,,,,,,0.5421545667447307,0.44263991650778656,0.3753126585156811,0.7018278497184722,,,,,,,record,clean,,,laplace,5.0,7.0710678118654755,2.4,,,,,,
S8,laplace,,,,2.4,202,,,,,,,,,,,,,,,0.5351288056206089,0.4897442176394792,0.4894556097788506,1.1086456977668422,,,,,,,record,noisy,,,laplace,5.0,7.0710678118654755,2.4,,,,,,
S8,laplace,,,,2.4,202,,,,,,,,,,,,,,,0.6217798594847775,0.5,0.5257502346760887,0.7637065905519412,,,,,,,record,clean,,,laplace,5.0,7.0710678118654755,2.4,,,,,,
S8,laplace,,,,2.4,303,,,,,,,,,,,,,,,0.5526932084309133,0.5062939835464367,0.5036003101805694,1.1556622737412015,,,,,,,record,noisy,,,laplace,5.0,7.0710678118654755,2.4,,,,,,
S8,laplace,,,,2.4,303,,,,,,,,,,,,,,,0.6217798594847775,0.5,0.5161183117314723,0.7681649695429522,,,,,,,record,clean,,,laplace,5.0,7.0710678118654755,2.4,,,,,,
S8,laplace,,,,2.4,404,,,,,,,,,,,,,,,0.550351288056206,0.5201763131657658,0.5140251759341857,1.1265088147601368,,,,,,,record,noisy,,,laplace,5.0,7.0710678118654755,2.4,,,,,,
S8,laplace,,,,2.4,404,,,,,,,,,,,,,,,0.6217798594847775,0.5,0.7424918227772822,0.6335519025468456,,,,,,,record,clean,,,laplace,5.0,7.0710678118654755,2.4,,,,,,
S8,laplace,,,,2.4,505,,,,,,,,,,,,,,,0.5398126463700235,0.48987248779975867,0.4764711712814772,1.125003562861299,,,,,,,record,noisy,,,laplace,5.0,7.0710678118654755,2.4,,,,,,
S8,laplace,,,,2.4,505,,,,,,,,,,,,,,,0.6217798594847775,0.5,0.415455388221301,0.6859316593691697,,,,,,,record,clean,,,laplace,5.0,7.0710678118654755,2.4,,,,,,
S8,gaussian,,,,2.4,101,,,,,,,,,,,,,,,0.5351288056206089,0.4964142659740078,0.5058916816801059,1.0930967411669987,,,,,,,record,noisy,,,gaussian,5.869502565866016,5.869502565866016,2.4,,,,,,
S8,gaussian,,,,2.4,101,,,,,,,,,,,,,,,0.6217798594847775,0.5,0.8678933958358841,0.805758310679493,,,,,,,record,clean,,,gaussian,5.869502565866016,5.869502565866016,2.4,,,,,,
S8,gaussian,,,,2.4,202,,,,,,,,,,,,,,,0.550351288056206,0.48743243952353466,0.505145382565753,1.2467140460406805,,,,,,,record,noisy,,,gaussian,5.869502565866016,5.869502565866016,2.4,,,,,,
S8,gaussian,,,,2.4,202,,,,,,,,,,,,,,,0.6217798594847775,0.5,0.3747529341799164,0.7238940270026076,,,,,,,record,clean,,,gaussian,5.869502565866016,5.869502565866016,2.4,,,,,,
S8,gaussian,,,,2.4,303,,,,,,,,,,,,,,,0.5409836065573771,0.49687778768956287,0.4909015643129092,1.2177082303785765,,,,,,,record,noisy,,,gaussian,5.869502565866016,5.869502565866016,2.4,,,,,,
S8,gaussian,,,,2.4,303,,,,,,,,,,,,,,,0.3770491803278688,0.4287196888865567,0.4261134724481526,0.7370771378363228,,,,,,,record,clean,,,gaussian,5.869502565866016,5.869502565866016,2.4,,,,,,
S8,gaussian,,,,2.4,404,,,,,,,,,,,,,,,0.5468384074941453,0.4985540454659414,0.5117046521254949,1.1146657333760899,,,,,,,record,noisy,,,gaussian,5.869502565866016,5.869502565866016,2.4,,,,,,
S8,gaussian,,,,2.4,404,,,,,,,,,,,,,,,0.6217798594847775,0.5,0.5059907995312309,0.7621934582822397,,,,,,,record,clean,,,gaussian,5.869502565866016,5.869502565866016,2.4,,,,,,
S8,gaussian,,,,2.4,505,,,,,,,,,,,,,,,0.5386416861826698,0.49378181245736474,0.4928081253316075,1.1426848451992366,,,,,,,record,noisy,,,gaussian,5.869502565866016,5.869502565866016,2.4,,,,,,
S8,gaussian,,,,2.4,505,,,,,,,,,,,,,,,0.6217798594847775,0.5,0.4035320937771481,0.7375352264896038,,,,,,,record,clean,,,gaussian,5.869502565866016,5.869502565866016,2.4,,,,,,
S8,laplace,,,,3.6,101,,,,,,,,,,,,,,,0.509367681498829,0.4841877875146491,0.47810370059412405,1.2271360187374176,,,,,,,record,noisy,,,laplace,3.333333333333333,4.714045207910317,3.6,,,,,,
S8,laplace,,,,3.6,101,,,,,,,,,,,,,,,0.6252927400468384,0.5131331152740608,0.5909347979453453,0.6511783567328324,,,,,,,record,clean,,,laplace,3.333333333333333,4.714045207910317,3.6,,,,,,
S8,laplace,,,,3.6,202,,,,,,,,,,,,,,,0.5163934426229508,0.47710377639012785,0.4759930734113449,1.1937812482359011,,,,,,,record,noisy,,,laplace,3.333333333333333,4.714045207910317,3.6,,,,,,
S8,laplace,,,,3.6,202,,,,,,,,,,,,,,,0.6217798594847775,0.5,0.6740946750392098,1.0206693992340024,,,,,,,record,clean,,,laplace,3.333333333333333,4.714045207910317,3.6,,,,,,
S8,laplace,,,,3.6,303,,,,,,,,,,,,,,,0.5327868852459017,0.49513739483304475,0.49575833901803357,1.103142648334441,,,,,,,record,noisy,,,laplace,3.333333333333333,4.714045207910317,3.6,,,,,,
S8,laplace,,,,3.6,303,,,,,,,,,,,,,,,0.6229508196721312,0.5015479876160991,0.5894771824876248,0.7006648985385805,,,,,,,record,clean,,,laplace,3.333333333333333,4.714045207910317,3.6,,,,,,
S8,laplace,,,,3.6,404,,,,,,,,,,,,,,,0.5081967213114754,0.48809711217225515,0.4883361611073213,1.2169528364598607,,,,,,,record,noisy,,,laplace,3.333333333333333,4.714045207910317,3.6,,,,,,
S8,laplace,,,,3.6,404,,,,,,,,,,,,,,,0.544496487119438,0.4554377802265718,0.46301446537580243,0.6855247343518794,,,,,,,record,clean,,,laplace,3.333333333333333,4.714045207910317,3.6,,,,,,
S8,laplace,,,,3.6,505,,,,,,,,,,,,,,,0.5351288056206089,0.49459516188277275,0.4798994828380355,1.134508365612825,,,,,,,record,noisy,,,laplace,3.333333333333333,4.714045207910317,3.6,,,,,,
S8,laplace,,,,3.6,505,,,,,,,,,,,,,,,0.6229508196721312,0.509430772011451,0.5773848046503763,0.6699137175753046,,,,,,,record,clean,,,laplace,3.333333333333333,4.714045207910317,3.6,,,,,,
S8,gaussian,,,,3.6,101,,,,,,,,,,,,,,,0.5456674473067916,0.5182289389142514,0.5098214129541201,1.1386834069400094,,,,,,,record,noisy,,,gaussian,4.105123837834924,4.105123837834924,3.6,,,,,,
S8,gaussian,,,,3.6,101,,,,,,,,,,,,,,,0.6323185011709602,0.550313970369593,0.6376892713671851,0.6371658201564728,,,,,,,record,clean,,,gaussian,4.105123837834924,4.105123837834924,3.6,,,,,,
S8,gaussian,,,,3.6,202,,,,,,,,,,,,,,,0.5737704918032787,0.5214240319975745,0.5110633013240978,1.1670479402646754,,,,,,,record,noisy,,,gaussian,4.105123837834924,4.105123837834924,3.6,,,,,,
S8,gaussian,,,,3.6,202,,,,,,,,,,,,,,,0.5831381733021077,0.47620297003725665,0.3760181443972177,0.7746285356276176,,,,,,,record,clean,,,gaussian,4.105123837834924,4.105123837834924,3.6,,,,,,
S8,gaussian,,,,3.6,303,,,,,,,,,,,,,,,0.5409836065573771,0.5023350999632681,0.5226892422148759,1.153859500987322,,,,,,,record,noisy,,,gaussian,4.105123837834924,4.105123837834924,3.6,,,,,,
S8,gaussian,,,,3.6,303,,,,,,,,,,,,,,,0.6826697892271663,0.6799397130246687,0.7365389212479521,0.633580674240418,,,,,,,record,clean,,,gaussian,4.105123837834924,4.105123837834924,3.6,,,,,,
S8,gaussian,,,,3.6,404,,,,,,,,,,,,,,,0.5538641686182669,0.4999591867671838,0.5098855480342598,1.0906857680230961,,,,,,,record,noisy,,,gaussian,4.105123837834924,4.105123837834924,3.6,,,,,,
S8,gaussian,,,,3.6,404,,,,,,,,,,,,,,,0.6217798594847775,0.5,0.3054637257817192,0.7179144059938434,,,,,,,record,clean,,,gaussian,4.105123837834924,4.105123837834924,3.6,,,,,,
S8,gaussian,,,,3.6,505,,,,,,,,,,,,,,,0.5468384074941453,0.5082559339525283,0.4814503856850501,1.1831449280228343,,,,,,,record,noisy,,,gaussian,4.105123837834924,4.105123837834924,3.6,,,,,,
S8,gaussian,,,,3.6,505,,,,,,,,,,,,,,,0.6217798594847775,0.5,0.6247339851789661,0.6813711653063605,,,,,,,record,clean,,,gaussian,4.105123837834924,4.105123837834924,3.6,,,,,,
S8,laplace,,,,4.8,101,,,,,,,,,,,,,,,0.5257611241217799,0.5004023018663308,0.4904351273664387,1.1670619488411362,,,,,,,record,noisy,,,laplace,2.5,3.5355339059327378,4.8,,,,,,
S8,laplace,,,,4.8,101,,,,,,,,,,,,,,,0.6217798594847775,0.5,0.5850052182633386,0.7875159573352463,,,,,,,record,clean,,,laplace,2.5,3.5355339059327378,4.8,,,,,,
S8,laplace,,,,4.8,202,,,,,,,,,,,,,,,0.5351288056206089,0.501871578247713,0.49313463119413686,1.2124018546367619,,,,,,,record,noisy,,,laplace,2.5,3.5355339059327378,4.8,,,,,,
S8,laplace,,,,4.8,202,,,,,,,,,,,,,,,0.6217798594847775,0.5,0.6583174453248442,0.7973521706166692,,,,,,,record,clean,,,laplace,2.5,3.5355339059327378,4.8,,,,,,
S8,laplace,,,,4.8,303,,,,,,,,,,,,,,,0.5620608899297423,0.5229224606881111,0.51021788435862,1.069595809122846,,,,,,,record,noisy,,,laplace,2.5,3.5355339059327378,4.8,,,,,,
S8,laplace,,,,4.8,303,,,,,,,,,,,,,,,0.5644028103044496,0.47568988939613904,0.42685977156250543,0.7419214165586896,,,,,,,record,clean,,,laplace,2.5,3.5355339059327378,4.8,,,,,,
S8,laplace,,,,4.8,404,,,,,,,,,,,,,,,0.5573770491803278,0.5197623503757733,0.5017112405473637,1.1908253172387864,,,,,,,record,noisy,,,laplace,2.5,3.5355339059327378,4.8,,,,,,
S8,laplace,,,,4.8,404,,,,,,,,,,,,,,,0.6252927400468384,0.5046439628482973,0.6294508288001492,0.6576903903763376,,,,,,,record,clean,,,laplace,2.5,3.5355339059327378,4.8,,,,,,
S8,laplace,,,,4.8,505,,,,,,,,,,,,,,,0.5515222482435597,0.5017141557782792,0.5086261682787894,1.0602964674912825,,,,,,,record,noisy,,,laplace,2.5,3.5355339059327378,4.8,,,,,,
S8,laplace,,,,4.8,505,,,,,,,,,,,,,,,0.5456674473067916,0.4569857678426708,0.286065779270376,0.7393290030074453,,,,,,,record,clean,,,laplace,2.5,3.5355339059327378,4.8,,,,,,
S8,gaussian,,,,4.8,101,,,,,,,,,,,,,,,0.5679156908665105,0.5288432946773713,0.5372362444829254,1.0759607297789682,,,,,,,record,noisy,,,gaussian,3.199615895298158,3.199615895298158,4.8,,,,,,
S8,gaussian,,,,4.8,101,,,,,,,,,,,,,,,0.6229508196721312,0.5015479876160991,0.6184079340924594,0.747387685434066,,,,,,,record,clean,,,gaussian,3.199615895298158,3.199615895298158,4.8,,,,,,
S8,gaussian,,,,4.8,202,,,,,,,,,,,,,,,0.5983606557377049,0.5399853072361862,0.5036877671080326,1.199642584990119,,,,,,,record,noisy,,,gaussian,3.199615895298158,3.199615895298158,4.8,,,,,,
S8,gaussian,,,,4.8,202,,,,,,,,,,,,,,,0.4929742388758782,0.47888789771037765,0.48600980683679956,0.7407641739949354,,,,,,,record,clean,,,gaussian,3.199615895298158,3.199615895298158,4.8,,,,,,
S8,gaussian,,,,4.8,303,,,,,,,,,,,,,,,0.550351288056206,0.5086553205879438,0.5155410960102149,1.208174839982007,,,,,,,record,noisy,,,gaussian,3.199615895298158,3.199615895298158,4.8,,,,,,
S8,gaussian,,,,4.8,303,,,,,,,,,,,,,,,0.6241217798594848,0.5291698005399008,0.5118037699766198,0.6695560225011222,,,,,,,record,clean,,,gaussian,3.199615895298158,3.199615895298158,4.8,,,,,,
S8,gaussian,,,,4.8,404,,,,,,,,,,,,,,,0.5667447306791569,0.5200188906963321,0.527709269851265,1.086460980104211,,,,,,,record,noisy,,,gaussian,3.199615895298158,3.199615895298158,4.8,,,,,,
S8,gaussian,,,,4.8,404,,,,,,,,,,,,,,,0.5327868852459017,0.4496597925521681,0.4527178697824655,0.6948460963734522,,,,,,,record,clean,,,gaussian,3.199615895298158,3.199615895298158,4.8,,,,,,
S8,gaussian,,,,4.8,505,,,,,,,,,,,,,,,0.5468384074941453,0.5106814060741751,0.49051092337024016,1.1724298254328736,,,,,,,record,noisy,,,gaussian,3.199615895298158,3.199615895298158,4.8,,,,,,
S8,gaussian,,,,4.8,505,,,,,,,,,,,,,,,0.629976580796253,0.5120486493735169,0.5921417035443377,0.6717194595299153,,,,,,,record,clean,,,gaussian,3.199615895298158,3.199615895298158,4.8,,,,,,
S8,laplace,,,,6.0,101,,,,,,,,,,,,,,,0.544496487119438,0.5172873193285641,0.5277734049314046,1.1056059858672065,,,,,,,record,noisy,,,laplace,2.0,2.8284271247461903,6.0,,,,,,
S8,laplace,,,,6.0,101,,,,,,,,,,,,,,,0.6217798594847775,0.5,0.6393509529889863,0.7392165170328084,,,,,,,record,clean,,,laplace,2.0,2.8284271247461903,6.0,,,,,,
S8,laplace,,,,6.0,202,,,,,,,,,,,,,,,0.5105386416861827,0.47664025467457277,0.483520199635013,1.189862140571358,,,,,,,record,noisy,,,laplace,2.0,2.8284271247461903,6.0,,,,,,
S8,laplace,,,,6.0,202,,,,,,,,,,,,,,,0.6217798594847775,0.5,0.5643362310728632,0.7242522244325341,,,,,,,record,clean,,,laplace,2.0,2.8284271247461903,6.0,,,,,,
S8,laplace,,,,6.0,303,,,,,,,,,,,,,,,0.544496487119438,0.5075854308419769,0.5050229428673045,1.1212168226903556,,,,,,,record,noisy,,,laplace,2.0,2.8284271247461903,6.0,,,,,,
S8,laplace,,,,6.0,303,,,,,,,,,,,,,,,0.6088992974238876,0.5157160098651414,0.5285313649694192,0.6780596045455168,,,,,,,record,clean,,,laplace,2.0,2.8284271247461903,6.0,,,,,,
S8,laplace,,,,6.0,404,,,,,,,,,,,,,,,0.550351288056206,0.5171444730137075,0.5180248727501706,1.1451197825710733,,,,,,,record,noisy,,,laplace,2.0,2.8284271247461903,6.0,,,,,,
S8,laplace,,,,6.0,404,,,,,,,,,,,,,,,0.617096018735363,0.5022972019613673,0.5909581197926689,0.6651146950529314,,,,,,,record,clean,,,laplace,2.0,2.8284271247461903,6.0,,,,,,
S8,laplace,,,,6.0,505,,,,,,,,,,,,,,,0.5327868852459017,0.4878609784681045,0.48742660906170376,1.1063035033888566,,,,,,,record,noisy,,,laplace,2.0,2.8284271247461903,6.0,,,,,,
S8,laplace,,,,6.0,505,,,,,,,,,,,,,,,0.5070257611241218,0.4216677453021054,0.28907429757511094,0.741691424961222,,,,,,,record,clean,,,laplace,2.0,2.8284271247461903,6.0,,,,,,
S8,gaussian,,,,6.0,101,,,,,,,,,,,,,,,0.5573770491803278,0.5185496143149498,0.5292193594654633,1.0600190582323754,,,,,,,record,noisy,,,gaussian,2.645309860177337,2.645309860177337,6.0,,,,,,
S8,gaussian,,,,6.0,101,,,,,,,,,,,,,,,0.6159250585480094,0.4977173741932099,0.585780669686846,0.6783638758006973,,,,,,,record,clean,,,gaussian,2.645309860177337,2.645309860177337,6.0,,,,,,
S8,gaussian,,,,6.0,202,,,,,,,,,,,,,,,0.5995316159250585,0.5451715030347554,0.5213657273792657,1.086871941630844,,,,,,,record,noisy,,,gaussian,2.645309860177337,2.645309860177337,6.0,,,,,,
S8,gaussian,,,,6.0,202,,,,,,,,,,,,,,,0.6206088992974239,0.4990583804143126,0.2942517476809338,0.9668007460004491,,,,,,,record,clean,,,gaussian,2.645309860177337,2.645309860177337,6.0,,,,,,
S8,gaussian,,,,6.0,303,,,,,,,,,,,,,,,0.5187353629976581,0.48262522374397276,0.49304134380484277,1.0966409048711374,,,,,,,record,noisy,,,gaussian,2.645309860177337,2.645309860177337,6.0,,,,,,
S8,gaussian,,,,6.0,303,,,,,,,,,,,,,,,0.48009367681498827,0.4388180487776437,0.37265396792079897,0.7326338466861468,,,,,,,record,clean,,,gaussian,2.645309860177337,2.645309860177337,6.0,,,,,,
S8,gaussian,,,,6.0,404,,,,,,,,,,,,,,,0.5573770491803278,0.5082413577979512,0.5120603102971787,1.1084955609593439,,,,,,,record,noisy,,,gaussian,2.645309860177337,2.645309860177337,6.0,,,,,,
S8,gaussian,,,,6.0,404,,,,,,,,,,,,,,,0.35714285714285715,0.34601167258458543,0.3021578539236093,0.7979292482290954,,,,,,,record,clean,,,gaussian,2.645309860177337,2.645309860177337,6.0,,,,,,
S8,gaussian,,,,6.0,505,,,,,,,,,,,,,,,0.5245901639344263,0.4903651618244681,0.4879746724738067,1.150733789174525,,,,,,,record,noisy,,,gaussian,2.645309860177337,2.645309860177337,6.0,,,,,,
S8,gaussian,,,,6.0,505,,,,,,,,,,,,,,,0.6159250585480094,0.5049937905581501,0.566913295202113,0.6889327068576135,,,,,,,record,clean,,,gaussian,2.645309860177337,2.645309860177337,6.0,,,,,,
S8,laplace,,,,12.0,101,,,,,,,,,,,,,,,0.5585480093676815,0.5388950108738113,0.5514742322739385,1.0758511540768485,,,,,,,record,noisy,,,laplace,1.0,1.4142135623730951,12.0,,,,,,
S8,laplace,,,,12.0,101,,,,,,,,,,,,,,,0.6850117096018735,0.6587809670403992,0.7190883489881233,0.595315517433463,,,,,,,record,clean,,,laplace,1.0,1.4142135623730951,12.0,,,,,,
S8,laplace,,,,12.0,202,,,,,,,,,,,,,,,0.5608899297423887,0.5140980567070718,0.5042008477491502,1.188905688705479,,,,,,,record,noisy,,,laplace,1.0,1.4142135623730951,12.0,,,,,,
S8,laplace,,,,12.0,202,,,,,,,,,,,,,,,0.6323185011709602,0.5472821302175346,0.5967652597762269,0.7912833097295746,,,,,,,record,clean,,,laplace,1.0,1.4142135623730951,12.0,,,,,,
S8,laplace,,,,12.0,303,,,,,,,,,,,,,,,0.5538641686182669,0.5339157964702383,0.5402331018639986,1.126502818955638,,,,,,,record,noisy,,,laplace,1.0,1.4142135623730951,12.0,,,,,,
S8,laplace,,,,12.0,303,,,,,,,,,,,,,,,0.6440281030444965,0.6130905529026954,0.6840764256936791,0.6130005129941541,,,,,,,record,clean,,,laplace,1.0,1.4142135623730951,12.0,,,,,,
S8,laplace,,,,12.0,404,,,,,,,,,,,,,,,0.5608899297423887,0.5280445214065406,0.5325951968655437,1.0977113413020199,,,,,,,record,noisy,,,laplace,1.0,1.4142135623730951,12.0,,,,,,
S8,laplace,,,,12.0,404,,,,,,,,,,,,,,,0.667447306791569,0.5676479333928041,0.710395130398279,0.6144952596212451,,,,,,,record,clean,,,laplace,1.0,1.4142135623730951,12.0,,,,,,
S8,laplace,,,,12.0,505,,,,,,,,,,,,,,,0.5351288056206089,0.5024779462781247,0.5155061132392297,1.1001704639083156,,,,,,,record,noisy,,,laplace,1.0,1.4142135623730951,12.0,,,,,,
S8,laplace,,,,12.0,505,,,,,,,,,,,,,,,0.4918032786885246,0.4567233970602812,0.4385498475334231,0.7921521643403399,,,,,,,record,clean,,,laplace,1.0,1.4142135623730951,12.0,,,,,,
S8,gaussian,,,,12.0,101,,,,,,,,,,,,,,,0.5644028103044496,0.528443908041956,0.5363849970556167,1.0664290206237552,,,,,,,record,noisy,,,gaussian,1.49525818580774,1.49525818580774,12.0,,,,,,
S8,gaussian,,,,12.0,101,,,,,,,,,,,,,,,0.5889929742388759,0.49788937281722084,0.5347641286666317,0.7620419946400486,,,,,,,record,clean,,,gaussian,1.49525818580774,1.49525818580774,12.0,,,,,,
S8,gaussian,,,,12.0,202,,,,,,,,,,,,,,,0.5667447306791569,0.5163806825138619,0.5261816888515739,1.105310304217202,,,,,,,record,noisy,,,gaussian,1.49525818580774,1.49525818580774,12.0,,,,,,
S8,gaussian,,,,12.0,202,,,,,,,,,,,,,,,0.6124121779859485,0.5045944039227347,0.47885583017030775,0.7445417446896709,,,,,,,record,clean,,,gaussian,1.49525818580774,1.49525818580774,12.0,,,,,,
S8,gaussian,,,,12.0,303,,,,,,,,,,,,,,,0.5831381733021077,0.5429034533825424,0.548739745675255,1.074393055687786,,,,,,,record,noisy,,,gaussian,1.49525818580774,1.49525818580774,12.0,,,,,,
S8,gaussian,,,,12.0,303,,,,,,,,,,,,,,,0.5409836065573771,0.49263321147668104,0.4556797443925533,0.7253560139094335,,,,,,,record,clean,,,gaussian,1.49525818580774,1.49525818580774,12.0,,,,,,
S8,gaussian,,,,12.0,404,,,,,,,,,,,,,,,0.5292740046838408,0.4904934319847475,0.5246424469282212,1.1115380597496607,,,,,,,record,noisy,,,gaussian,1.49525818580774,1.49525818580774,12.0,,,,,,
S8,gaussian,,,,12.0,404,,,,,,,,,,,,,,,0.4274004683840749,0.418880784546944,0.39434911639350956,0.8308584748226281,,,,,,,record,clean,,,gaussian,1.49525818580774,1.49525818580774,12.0,,,,,,
S8,gaussian,,,,12.0,505,,,,,,,,,,,,,,,0.5210772833723654,0.47905115064164233,0.4765178149761242,1.2189579451135404,,,,,,,record,noisy,,,gaussian,1.49525818580774,1.49525818580774,12.0,,,,,,
S8,gaussian,,,,12.0,505,,,,,,,,,,,,,,,0.6217798594847775,0.5230419851556442,0.497559951723776,0.7568933766833423,,,,,,,record,clean,,,gaussian,1.49525818580774,1.49525818580774,12.0,,,,,,
S8,laplace,,,,24.0,101,,,,,,,,,,,,,,,0.5925058548009368,0.5837866517406844,0.6112189746549824,1.0585617421601583,,,,,,,record,noisy,,,laplace,0.5,0.7071067811865476,24.0,,,,,,
S8,laplace,,,,24.0,101,,,,,,,,,,,,,,,0.7985948477751756,0.7877128847376,0.8712284200031485,0.45246853431862866,,,,,,,record,clean,,,laplace,0.5,0.7071067811865476,24.0,,,,,,
S8,laplace,,,,24.0,202,,,,,,,,,,,,,,,0.5796252927400468,0.5455359068991855,0.589570469876919,1.0708033152760745,,,,,,,record,noisy,,,laplace,0.5,0.7071067811865476,24.0,,,,,,
S8,laplace,,,,24.0,202,,,,,,,,,,,,,,,0.7166276346604216,0.6981511605534274,0.79948458717415,0.5320621591265147,,,,,,,record,clean,,,laplace,0.5,0.7071067811865476,24.0,,,,,,
S8,laplace,,,,24.0,303,,,,,,,,,,,,,,,0.6182669789227166,0.5984386023216899,0.6268795951327304,0.9404932494619007,,,,,,,record,noisy,,,laplace,0.5,0.7071067811865476,24.0,,,,,,
S8,laplace,,,,24.0,303,,,,,,,,,,,,,,,0.8231850117096019,0.8062741599762118,0.9012144851993726,0.41641076199501925,,,,,,,record,clean,,,laplace,0.5,0.7071067811865476,24.0,,,,,,
S8,laplace,,,,24.0,404,,,,,,,,,,,,,,,0.6030444964871194,0.57043197891705,0.601091462454741,1.0071203123335417,,,,,,,record,noisy,,,laplace,0.5,0.7071067811865476,24.0,,,,,,
S8,laplace,,,,24.0,404,,,,,,,,,,,,,,,0.7822014051522248,0.7205634558313364,0.8591068898567455,0.4830749394647486,,,,,,,record,clean,,,laplace,0.5,0.7071067811865476,24.0,,,,,,
S8,laplace,,,,24.0,505,,,,,,,,,,,,,,,0.5737704918032787,0.5347641286666317,0.5753208211622443,0.9712832496831272,,,,,,,record,noisy,,,laplace,0.5,0.7071067811865476,24.0,,,,,,
S8,laplace,,,,24.0,505,,,,,,,,,,,,,,,0.6908665105386417,0.6434789199652504,0.7672421332493746,0.5641170031703148,,,,,,,record,clean,,,laplace,0.5,0.7071067811865476,24.0,,,,,,
S8,gaussian,,,,24.0,101,,,,,,,,,,,,,,,0.5714285714285714,0.5389445697993738,0.568487519896451,1.022042618241388,,,,,,,record,noisy,,,gaussian,0.8762301370648291,0.8762301370648291,24.0,,,,,,
S8,gaussian,,,,24.0,101,,,,,,,,,,,,,,,0.5585480093676815,0.5116084495052853,0.5746328266662002,0.7167232365986018,,,,,,,record,clean,,,gaussian,0.8762301370648291,0.8762301370648291,24.0,,,,,,
S8,gaussian,,,,24.0,202,,,,,,,,,,,,,,,0.5409836065573771,0.4980905237503863,0.5182231084524205,1.1798017097747708,,,,,,,record,noisy,,,gaussian,0.8762301370648291,0.8762301370648291,24.0,,,,,,
S8,gaussian,,,,24.0,202,,,,,,,,,,,,,,,0.49414519906323184,0.4628512124445377,0.4521231626757155,0.9060499667353652,,,,,,,record,clean,,,gaussian,0.8762301370648291,0.8762301370648291,24.0,,,,,,
S8,gaussian,,,,24.0,303,,,,,,,,,,,,,,,0.5796252927400468,0.542504066747127,0.569764391037414,1.0231610156909217,,,,,,,record,noisy,,,gaussian,0.8762301370648291,0.8762301370648291,24.0,,,,,,
S8,gaussian,,,,24.0,303,,,,,,,,,,,,,,,0.6416861826697893,0.6530467078297272,0.7011713397818241,0.6399418386823748,,,,,,,record,clean,,,gaussian,0.8762301370648291,0.8762301370648291,24.0,,,,,,
S8,gaussian,,,,24.0,404,,,,,,,,,,,,,,,0.5960187353629977,0.5514421647338685,0.5564009725210334,1.1072805196181799,,,,,,,record,noisy,,,gaussian,0.8762301370648291,0.8762301370648291,24.0,,,,,,
S8,gaussian,,,,24.0,404,,,,,,,,,,,,,,,0.40398126463700235,0.4127821214718418,0.3615119553619842,0.9902930637817627,,,,,,,record,clean,,,gaussian,0.8762301370648291,0.8762301370648291,24.0,,,,,,
S8,gaussian,,,,24.0,505,,,,,,,,,,,,,,,0.5772833723653396,0.533344411210812,0.5543661413420558,1.0490814380652047,,,,,,,record,noisy,,,gaussian,0.8762301370648291,0.8762301370648291,24.0,,,,,,
S8,gaussian,,,,24.0,505,,,,,,,,,,,,,,,0.5936768149882904,0.516208683889851,0.5596660311463271,0.7273788572970208,,,,,,,record,clean,,,gaussian,0.8762301370648291,0.8762301370648291,24.0,,,,,,
S8,laplace,,,,48.0,101,,,,,,,,,,,,,,,0.6733021077283372,0.6542157154268189,0.7327316296723865,0.8555488699933463,,,,,,,record,noisy,,,laplace,0.25,0.3535533905932738,48.0,,,,,,
S8,laplace,,,,48.0,101,,,,,,,,,,,,,,,0.8138173302107728,0.8005603073819477,0.8970107222193069,0.39226852407261914,,,,,,,record,clean,,,laplace,0.25,0.3535533905932738,48.0,,,,,,
S8,laplace,,,,48.0,202,,,,,,,,,,,,,,,0.7201405152224825,0.7052205955233715,0.7678251794324629,0.7475564818376647,,,,,,,record,noisy,,,laplace,0.25,0.3535533905932738,48.0,,,,,,
S8,laplace,,,,48.0,202,,,,,,,,,,,,,,,0.8548009367681498,0.8444316174284165,0.926116387679068,0.33478543276459993,,,,,,,record,clean,,,laplace,0.25,0.3535533905932738,48.0,,,,,,
S8,laplace,,,,48.0,303,,,,,,,,,,,,,,,0.7177985948477752,0.7039437243824083,0.7625194591663605,0.7631130744896929,,,,,,,record,noisy,,,laplace,0.25,0.3535533905932738,48.0,,,,,,
S8,laplace,,,,48.0,303,,,,,,,,,,,,,,,0.8641686182669789,0.8580282544180324,0.9354917703031258,0.32179852157342026,,,,,,,record,clean,,,laplace,0.25,0.3535533905932738,48.0,,,,,,
S8,laplace,,,,48.0,404,,,,,,,,,,,,,,,0.6955503512880562,0.6654364392203507,0.7433080874336055,0.8264251222025369,,,,,,,record,noisy,,,laplace,0.25,0.3535533905932738,48.0,,,,,,
S8,laplace,,,,48.0,404,,,,,,,,,,,,,,,0.8243559718969555,0.7914502107711952,0.9028878277448358,0.4063701589692219,,,,,,,record,clean,,,laplace,0.25,0.3535533905932738,48.0,,,,,,
S8,laplace,,,,48.0,505,,,,,,,,,,,,,,,0.6955503512880562,0.6660428072507623,0.7385329391941136,0.7712740718493055,,,,,,,record,noisy,,,laplace,0.25,0.3535533905932738,48.0,,,,,,
S8,laplace,,,,48.0,505,,,,,,,,,,,,,,,0.7728337236533958,0.7481998449097154,0.848244739465813,0.4599387346020648,,,,,,,record,clean,,,laplace,0.25,0.3535533905932738,48.0,,,,,,
S8,gaussian,,,,48.0,101,,,,,,,,,,,,,,,0.6428571428571429,0.6145744054386548,0.6531924693754991,0.9107942658352819,,,,,,,record,noisy,,,gaussian,0.5335494229684961,0.5335494229684961,48.0,,,,,,
S8,gaussian,,,,48.0,101,,,,,,,,,,,,,,,0.6428571428571429,0.6079043571041262,0.6631625591063067,0.6397165947612131,,,,,,,record,clean,,,gaussian,0.5335494229684961,0.5335494229684961,48.0,,,,,,
S8,gaussian,,,,48.0,202,,,,,,,,,,,,,,,0.5971896955503513,0.5602665687149079,0.6143674240436585,0.9952978524798556,,,,,,,record,noisy,,,gaussian,0.5335494229684961,0.5335494229684961,48.0,,,,,,
S8,gaussian,,,,48.0,202,,,,,,,,,,,,,,,0.5784543325526932,0.5367115029181462,0.5513226402663355,0.7374783152992008,,,,,,,record,clean,,,gaussian,0.5335494229684961,0.5335494229684961,48.0,,,,,,
S8,gaussian,,,,48.0,303,,,,,,,,,,,,,,,0.629976580796253,0.5969401736311533,0.6329199535895238,1.0225633721417335,,,,,,,record,noisy,,,gaussian,0.5335494229684961,0.5335494229684961,48.0,,,,,,
S8,gaussian,,,,48.0,303,,,,,,,,,,,,,,,0.7365339578454333,0.6917230763848805,0.7880860342947766,0.5417688760329792,,,,,,,record,clean,,,gaussian,0.5335494229684961,0.5335494229684961,48.0,,,,,,
S8,gaussian,,,,48.0,404,,,,,,,,,,,,,,,0.6100702576112412,0.5791135365832327,0.637246156268038,0.998970122860744,,,,,,,record,noisy,,,gaussian,0.5335494229684961,0.5335494229684961,48.0,,,,,,
S8,gaussian,,,,48.0,404,,,,,,,,,,,,,,,0.5620608899297423,0.5496026540262254,0.5883402424306029,0.7399513944938971,,,,,,,record,clean,,,gaussian,0.5335494229684961,0.5335494229684961,48.0,,,,,,
S8,gaussian,,,,48.0,505,,,,,,,,,,,,,,,0.6241217798594848,0.5813174511553061,0.639560849614898,1.0149626830844223,,,,,,,record,noisy,,,gaussian,0.5335494229684961,0.5335494229684961,48.0,,,,,,
S8,gaussian,,,,48.0,505,,,,,,,,,,,,,,,0.6112412177985949,0.5406412341921604,0.6293458804871934,0.7219100476065854,,,,,,,record,clean,,,gaussian,0.5335494229684961,0.5335494229684961,48.0,,,,,,
S8,laplace,,,,72.0,101,,,,,,,,,,,,,,,0.7423887587822015,0.7316005200771953,0.8002133949030104,0.8726115158503126,,,,,,,record,noisy,,,laplace,0.16666666666666666,0.23570226039551584,72.0,,,,,,
S8,laplace,,,,72.0,101,,,,,,,,,,,,,,,0.860655737704918,0.8552033956609704,0.936605388512824,0.3114706965560219,,,,,,,record,clean,,,laplace,0.16666666666666666,0.23570226039551584,72.0,,,,,,
S8,laplace,,,,72.0,202,,,,,,,,,,,,,,,0.7704918032786885,0.7608694384682211,0.8354118929760427,0.6756212578228957,,,,,,,record,noisy,,,laplace,0.16666666666666666,0.23570226039551584,72.0,,,,,,
S8,laplace,,,,72.0,202,,,,,,,,,,,,,,,0.8688524590163934,0.861794732760782,0.9414563327561176,0.30308538540892166,,,,,,,record,clean,,,laplace,0.16666666666666666,0.23570226039551584,72.0,,,,,,
S8,laplace,,,,72.0,303,,,,,,,,,,,,,,,0.775175644028103,0.767667756963029,0.8319660900339916,0.6637732208006649,,,,,,,record,noisy,,,laplace,0.16666666666666666,0.23570226039551584,72.0,,,,,,
S8,laplace,,,,72.0,303,,,,,,,,,,,,,,,0.892271662763466,0.8921481170523518,0.9532863398109764,0.2748689003100173,,,,,,,record,clean,,,laplace,0.16666666666666666,0.23570226039551584,72.0,,,,,,
S8,laplace,,,,72.0,404,,,,,,,,,,,,,,,0.7611241217798594,0.7521237457218987,0.8319194463393446,0.6658074764175649,,,,,,,record,noisy,,,laplace,0.16666666666666666,0.23570226039551584,72.0,,,,,,
S8,laplace,,,,72.0,404,,,,,,,,,,,,,,,0.8676814988290398,0.8529703287797427,0.9377656504171695,0.317773790237073,,,,,,,record,clean,,,laplace,0.16666666666666666,0.23570226039551584,72.0,,,,,,
S8,laplace,,,,72.0,505,,,,,,,,,,,,,,,0.775175644028103,0.7537212922635602,0.8234885985318897,0.6919180704087953,,,,,,,record,noisy,,,laplace,0.16666666666666666,0.23570226039551584,72.0,,,,,,
S8,laplace,,,,72.0,505,,,,,,,,,,,,,,,0.8442622950819673,0.8280742567618782,0.9084967320261438,0.38470619234115727,,,,,,,record,clean,,,laplace,0.16666666666666666,0.23570226039551584,72.0,,,,,,
S8,gaussian,,,,72.0,101,,,,,,,,,,,,,,,0.6569086651053864,0.6392139371359605,0.6917551439249503,0.9543858397832392,,,,,,,record,noisy,,,gaussian,0.4059238869957547,0.4059238869957547,72.0,,,,,,
S8,gaussian,,,,72.0,101,,,,,,,,,,,,,,,0.6850117096018735,0.6781847440135733,0.7685364957758304,0.5819901349043205,,,,,,,record,clean,,,gaussian,0.4059238869957547,0.4059238869957547,72.0,,,,,,
S8,gaussian,,,,72.0,202,,,,,,,,,,,,,,,0.6182669789227166,0.5869176097438679,0.6478634272620735,1.018267982274486,,,,,,,record,noisy,,,gaussian,0.4059238869957547,0.4059238869957547,72.0,,,,,,
S8,gaussian,,,,72.0,202,,,,,,,,,,,,,,,0.6627634660421545,0.6366456186994571,0.7112580387492493,0.6284322056630356,,,,,,,record,clean,,,gaussian,0.4059238869957547,0.4059238869957547,72.0,,,,,,
S8,gaussian,,,,72.0,303,,,,,,,,,,,,,,,0.6569086651053864,0.6343629928926671,0.6996379283203022,0.8322161841741853,,,,,,,record,noisy,,,gaussian,0.4059238869957547,0.4059238869957547,72.0,,,,,,
S8,gaussian,,,,72.0,303,,,,,,,,,,,,,,,0.7330210772833724,0.7064828905097573,0.8047436637456052,0.5199519590292512,,,,,,,record,clean,,,gaussian,0.4059238869957547,0.4059238869957547,72.0,,,,,,
S8,gaussian,,,,72.0,404,,,,,,,,,,,,,,,0.6370023419203747,0.6092599394798062,0.6793654125343268,0.9329853321002917,,,,,,,record,noisy,,,gaussian,0.4059238869957547,0.4059238869957547,72.0,,,,,,
S8,gaussian,,,,72.0,404,,,,,,,,,,,,,,,0.65807962529274,0.6092307871706518,0.7091998857229481,0.6562378937901002,,,,,,,record,clean,,,gaussian,0.4059238869957547,0.4059238869957547,72.0,,,,,,
S8,gaussian,,,,72.0,505,,,,,,,,,,,,,,,0.6733021077283372,0.626929154058293,0.704821208887956,0.9310167769836445,,,,,,,record,noisy,,,gaussian,0.4059238869957547,0.4059238869957547,72.0,,,,,,
S8,gaussian,,,,72.0,505,,,,,,,,,,,,,,,0.7131147540983607,0.6583378519412523,0.7914618716948569,0.573715132595562,,,,,,,record,clean,,,gaussian,0.4059238869957547,0.4059238869957547,72.0,,,,,,
S8,laplace,,,,96.0,101,,,,,,,,,,,,,,,0.7868852459016393,0.7782966888807263,0.8585704873683044,0.6917497337869755,,,,,,,record,noisy,,,laplace,0.125,0.1767766952966369,96.0,,,,,,
S8,laplace,,,,96.0,101,,,,,,,,,,,,,,,0.8747072599531616,0.8768110872062176,0.9487269186592271,0.28835819095071147,,,,,,,record,clean,,,laplace,0.125,0.1767766952966369,96.0,,,,,,
S8,laplace,,,,96.0,202,,,,,,,,,,,,,,,0.8138173302107728,0.8041985155644178,0.8783649052841475,0.5793013036315441,,,,,,,record,noisy,,,laplace,0.125,0.1767766952966369,96.0,,,,,,
S8,laplace,,,,96.0,202,,,,,,,,,,,,,,,0.8840749414519906,0.8764612594963648,0.947152693964889,0.2934016057578262,,,,,,,record,clean,,,laplace,0.125,0.1767766952966369,96.0,,,,,,
S8,laplace,,,,96.0,303,,,,,,,,,,,,,,,0.8185011709601874,0.8079649939071674,0.8717998052625748,0.6157419240191666,,,,,,,record,noisy,,,laplace,0.125,0.1767766952966369,96.0,,,,,,
S8,laplace,,,,96.0,303,,,,,,,,,,,,,,,0.9039812646370023,0.8997452088179905,0.9530531213377411,0.2762732785865717,,,,,,,record,clean,,,laplace,0.125,0.1767766952966369,96.0,,,,,,
S8,laplace,,,,96.0,404,,,,,,,,,,,,,,,0.8173302107728337,0.8058106382606567,0.882825208584772,0.5449988506230997,,,,,,,record,noisy,,,laplace,0.125,0.1767766952966369,96.0,,,,,,
S8,laplace,,,,96.0,404,,,,,,,,,,,,,,,0.8934426229508197,0.8833878481514521,0.9519803163608589,0.2751766244431765,,,,,,,record,clean,,,laplace,0.125,0.1767766952966369,96.0,,,,,,
S8,laplace,,,,96.0,505,,,,,,,,,,,,,,,0.8243559718969555,0.8017584672881939,0.888783940575933,0.5348536448454306,,,,,,,record,noisy,,,laplace,0.125,0.1767766952966369,96.0,,,,,,
S8,laplace,,,,96.0,505,,,,,,,,,,,,,,,0.8723653395784543,0.853098598940022,0.9526974631660574,0.2797500618955088,,,,,,,record,clean,,,laplace,0.125,0.1767766952966369,96.0,,,,,,
S8,gaussian,,,,96.0,101,,,,,,,,,,,,,,,0.6920374707259953,0.6680688927369938,0.7296589762875119,0.8751841724693857,,,,,,,record,noisy,,,gaussian,0.3366302421361385,0.3366302421361385,96.0,,,,,,
S8,gaussian,,,,96.0,101,,,,,,,,,,,,,,,0.7576112412177985,0.7426288386303079,0.8322109694308887,0.49585378037485967,,,,,,,record,clean,,,gaussian,0.3366302421361385,0.3366302421361385,96.0,,,,,,
S8,gaussian,,,,96.0,202,,,,,,,,,,,,,,,0.6662763466042154,0.6364386373044609,0.703048748491368,0.8654534958872285,,,,,,,record,noisy,,,gaussian,0.3366302421361385,0.3366302421361385,96.0,,,,,,
S8,gaussian,,,,96.0,202,,,,,,,,,,,,,,,0.7271662763466042,0.7066257368246138,0.7762152140071015,0.5675465151608154,,,,,,,record,clean,,,gaussian,0.3366302421361385,0.3366302421361385,96.0,,,,,,
S8,gaussian,,,,96.0,303,,,,,,,,,,,,,,,0.6814988290398126,0.6535306361616904,0.7397340143312752,0.8224295368045919,,,,,,,record,noisy,,,gaussian,0.3366302421361385,0.3366302421361385,96.0,,,,,,
S8,gaussian,,,,96.0,303,,,,,,,,,,,,,,,0.8161592505854801,0.7957734982187938,0.8802831272265076,0.42141192777556485,,,,,,,record,clean,,,gaussian,0.3366302421361385,0.3366302421361385,96.0,,,,,,
S8,gaussian,,,,96.0,404,,,,,,,,,,,,,,,0.6908665105386417,0.6665209051208947,0.7301953787759529,0.8631904653572754,,,,,,,record,noisy,,,gaussian,0.3366302421361385,0.3366302421361385,96.0,,,,,,
S8,gaussian,,,,96.0,404,,,,,,,,,,,,,,,0.7681498829039812,0.7377633182324372,0.8087725128707444,0.527878383364679,,,,,,,record,clean,,,gaussian,0.3366302421361385,0.3366302421361385,96.0,,,,,,
S8,gaussian,,,,96.0,505,,,,,,,,,,,,,,,0.6990632318501171,0.6664421938861778,0.7496049862109577,0.8598923650701664,,,,,,,record,noisy,,,gaussian,0.3366302421361385,0.3366302421361385,96.0,,,,,,
S8,gaussian,,,,96.0,505,,,,,,,,,,,,,,,0.8067915690866511,0.7809641251683546,0.8803064490738312,0.42917363965897154,,,,,,,record,clean,,,gaussian,0.3366302421361385,0.3366302421361385,96.0,,,,,,
S0,,64.0,120.0,0.001,,101,,,,,,,,,,,,,,,0.9695550351288056,0.9664223703159527,0.9944260784896772,0.12203868111099798,,,,,,report,,,,,,,,,,,,,,
S0,,64.0,120.0,0.001,,202,,,,,,,,,,,,,,,0.9672131147540983,0.9609009229621078,0.9954114265390962,0.11311650066105408,,,,,,report,,,,,,,,,,,,,,
S0,,64.0,120.0,0.001,,303,,,,,,,,,,,,,,,0.9718969555035128,0.9689119775177393,0.9969098552296327,0.09236002943722703,,,,,,report,,,,,,,,,,,,,,
S0,,64.0,120.0,0.001,,404,,,,,,,,,,,,,,,0.968384074941452,0.966087118760677,0.9940529289325007,0.12930173667465167,,,,,,report,,,,,,,,,,,,,,
S0,,64.0,120.0,0.001,,505,,,,,,,,,,,,,,,0.9637002341920374,0.9598951682962807,0.9958137284054269,0.1113522596851017,,,,,,report,,,,,,,,,,,,,,
S0,,64.0,120.0,0.001,,101,,,,,,,,,,,,,,,0.968384074941452,0.9636616466390303,0.9939071673867287,0.13729336785847226,,,,,,keras_literal,,,,,,,,,,,,,,
S0,,64.0,120.0,0.001,,202,,,,,,,,,,,,,,,0.968384074941452,0.964268014669442,0.9941170640126404,0.12143175907184514,,,,,,keras_literal,,,,,,,,,,,,,,
S0,,64.0,120.0,0.001,,303,,,,,,,,,,,,,,,0.9765807962529274,0.9744975599517238,0.9974579186417356,0.07790524901327128,,,,,,keras_literal,,,,,,,,,,,,,,
S0,,64.0,120.0,0.001,,404,,,,,,,,,,,,,,,0.9718969555035128,0.9676992414569158,0.9950732597529051,0.0948273465859179,,,,,,keras_literal,,,,,,,,,,,,,,
S2,laplace,32.0,10.0,0.001,0.2,101,laplace,l2,5.0,literal,l2,0.2,32.0,1.0,10.0,0.0625,0.6783481775607567,0.0,6.783481775607568,0.0,0.44730679156908665,0.4615685108417438,0.44214141202124624,0.6961311216539886,0.3364145755767822,,,,,,,,,,,,,,,,,,,
S0,,64.0,120.0,0.001,,505,,,,,,,,,,,,,,,0.968384074941452,0.9654807507302654,0.995318139149802,0.09479252884038329,,,,,,keras_literal,,,,,,,,,,,,,,
S2,laplace,32.0,10.0,0.001,0.2,202,laplace,l2,5.0,literal,l2,0.2,32.0,1.0,10.0,0.0625,0.6783481775607567,0.0,6.783481775607568,0.0,0.5386416861826698,0.6144490505092909,0.6498399538227423,0.6940318258955861,0.35097408294677734,,,,,,,,,,,,,,,,,,,
S2,gaussian,32.0,10.0,0.01,0.2,101,gaussian,l2,0.034375,literal,l2,0.2,32.0,1.0,10.0,0.0625,9.806223865289986,1.0000000000000002e-06,98.06223865289986,1e-05,0.9180327868852459,0.9110446438462391,0.9754129424591723,0.3146431648967514,0.45598483085632324,1.1,1.1,,,,,,,,,,,,,,,,,
S2,laplace,32.0,10.0,0.001,0.2,303,laplace,l2,5.0,literal,l2,0.2,32.0,1.0,10.0,0.0625,0.6783481775607567,0.0,6.783481775607568,0.0,0.6007025761124122,0.51640108913027,0.5784401182417659,0.6813967290126896,0.38410496711730957,,,,,,,,,,,,,,,,,,,
S2,gaussian,32.0,10.0,0.01,0.2,202,gaussian,l2,0.034375,literal,l2,0.2,32.0,1.0,10.0,0.0625,9.806223865289986,1.0000000000000002e-06,98.06223865289986,1e-05,0.9262295081967213,0.9236996612501676,0.9777976013480028,0.31024139370344234,0.3351132869720459,1.1,1.1,,,,,,,,,,,,,,,,,
S2,laplace,32.0,10.0,0.001,0.2,404,laplace,l2,5.0,literal,l2,0.2,32.0,1.0,10.0,0.0625,0.6783481775607567,0.0,6.783481775607568,0.0,0.4238875878220141,0.4706290485269338,0.45950452735361164,0.7043022338671057,0.34743762016296387,,,,,,,,,,,,,,,,,,,
S2,gaussian,32.0,10.0,0.01,0.2,303,gaussian,l2,0.034375,literal,l2,0.2,32.0,1.0,10.0,0.0625,9.806223865289986,1.0000000000000002e-06,98.06223865289986,1e-05,0.9180327868852459,0.9116510118766508,0.9736638039099076,0.36616972950892257,0.37101197242736816,1.1,1.1,,,,,,,,,,,,,,,,,
S2,laplace,32.0,10.0,0.001,0.2,505,laplace,l2,5.0,literal,l2,0.2,32.0,1.0,10.0,0.0625,0.6783481775607567,0.0,6.783481775607568,0.0,0.6206088992974239,0.5014838525359594,0.47378332837744075,0.6828926332240536,0.38279294967651367,,,,,,,,,,,,,,,,,,,
S2,gaussian,32.0,10.0,0.01,0.2,404,gaussian,l2,0.034375,literal,l2,0.2,32.0,1.0,10.0,0.0625,9.806223865289986,1.0000000000000002e-06,98.06223865289986,1e-05,0.9391100702576113,0.9346638447231406,0.9815699101525832,0.28345358462355796,0.38777875900268555,1.1,1.1,,,,,,,,,,,,,,,,,
S3,,32.0,10.0,0.001,0.2,101,laplace,l1,0.3125,per_update,l1,0.2,32.0,1.0,10.0,0.0625,0.2,0.0,2.0,0.0,0.4601873536299766,0.4646499099193647,0.44582043343653255,0.6954675990967044,0.3373706340789795,,,per_update,laplace_l1,,,,,,,,,,,,,,,
S3,,32.0,10.0,0.001,0.2,202,laplace,l1,0.3125,per_update,l1,0.2,32.0,1.0,10.0,0.0625,0.2,0.0,2.0,0.0,0.531615925058548,0.6094057010255782,0.648324033746713,0.6948891561599582,0.3601350784301758,,,per_update,laplace_l1,,,,,,,,,,,,,,,
S3,,32.0,10.0,0.001,0.2,303,laplace,l1,0.3125,per_update,l1,0.2,32.0,1.0,10.0,0.0625,0.2,0.0,2.0,0.0,0.5983606557377049,0.5145178499588953,0.5762420341315235,0.6814592088375194,0.3917105197906494,,,per_update,laplace_l1,,,,,,,,,,,,,,,
S3,,32.0,10.0,0.001,0.2,404,laplace,l1,0.3125,per_update,l1,0.2,32.0,1.0,10.0,0.0625,0.2,0.0,2.0,0.0,0.4180327868852459,0.4653145825680852,0.4557613708581857,0.7046567175221735,0.36020445823669434,,,per_update,laplace_l1,,,,,,,,,,,,,,,
S3,,32.0,10.0,0.001,0.2,505,laplace,l1,0.3125,per_update,l1,0.2,32.0,1.0,10.0,0.0625,0.2,0.0,2.0,0.0,0.6217798594847775,0.5024254721216468,0.4771183525447051,0.6825238573178087,0.32855939865112305,,,per_update,laplace_l1,,,,,,,,,,,,,,,
S3,,32.0,10.0,0.001,0.2,101,gaussian,l1,1.1867999908715943,per_update,l1,0.2,32.0,1.0,10.0,0.0625,0.2,1.0000000000000002e-06,2.0,1e-05,0.6510538641686182,0.6096447499606444,0.6519855637765068,0.6826175748860371,0.3041372299194336,,,per_update,gaussian_l1,,,,,,,,,,,,,,,
S3,,32.0,10.0,0.001,0.2,202,gaussian,l1,1.1867999908715943,per_update,l1,0.2,32.0,1.0,10.0,0.0625,0.2,1.0000000000000002e-06,2.0,1e-05,0.4133489461358314,0.5258231154489748,0.6895395684292154,0.7021015065589129,0.32322263717651367,,,per_update,gaussian_l1,,,,,,,,,,,,,,,
S3,,32.0,10.0,0.001,0.2,303,gaussian,l1,1.1867999908715943,per_update,l1,0.2,32.0,1.0,10.0,0.0625,0.2,1.0000000000000002e-06,2.0,1e-05,0.4637002341920375,0.5068886906531866,0.532431943934279,0.6973490548838568,0.33507871627807617,,,per_update,gaussian_l1,,,,,,,,,,,,,,,
S3,,32.0,10.0,0.001,0.2,404,gaussian,l1,1.1867999908715943,per_update,l1,0.2,32.0,1.0,10.0,0.0625,0.2,1.0000000000000002e-06,2.0,1e-05,0.405152224824356,0.5101362578929877,0.6561193612146018,0.6973572799541563,0.3174455165863037,,,per_update,gaussian_l1,,,,,,,,,,,,,,,
S3,,32.0,10.0,0.001,0.2,505,gaussian,l1,1.1867999908715943,per_update,l1,0.2,32.0,1.0,10.0,0.0625,0.2,1.0000000000000002e-06,2.0,1e-05,0.40046838407494145,0.47059406575594853,0.4305038102068065,0.7013144912461761,0.3481104373931885,,,per_update,gaussian_l1,,,,,,,,,,,,,,,
S3,,32.0,10.0,0.001,0.2,101,gaussian,l2,1.1867999908715943,per_update,l2,0.2,32.0,1.0,10.0,0.0625,0.2,1.0000000000000002e-06,2.0,1e-05,0.6241217798594848,0.5030959752321982,0.7276124841848723,0.6597751022407342,0.33637166023254395,,,per_update,gaussian_l2,,,,,,,,,,,,,,,
S3,,32.0,10.0,0.001,0.2,202,gaussian,l2,1.1867999908715943,per_update,l2,0.2,32.0,1.0,10.0,0.0625,0.2,1.0000000000000002e-06,2.0,1e-05,0.7459016393442623,0.7095642895873782,0.7984875782010693,0.6572483418138462,0.3256223201751709,,,per_update,gaussian_l2,,,,,,,,,,,,,,,
S3,,32.0,10.0,0.001,0.2,303,gaussian,l2,1.1867999908715943,per_update,l2,0.2,32.0,1.0,10.0,0.0625,0.2,1.0000000000000002e-06,2.0,1e-05,0.6557377049180327,0.5491362170797549,0.7074449167118527,0.6650026816682868,0.34084200859069824,,,per_update,gaussian_l2,,,,,,,,,,,,,,,
S3,,32.0,10.0,0.001,0.2,404,gaussian,l2,1.1867999908715943,per_update,l2,0.2,32.0,1.0,10.0,0.0625,0.2,1.0000000000000002e-06,2.0,1e-05,0.6943793911007026,0.6093153288671995,0.7602514095141476,0.657080326511884,0.3382143974304199,,,per_update,gaussian_l2,,,,,,,,,,,,,,,
S3,,32.0,10.0,0.001,0.2,505,gaussian,l2,1.1867999908715943,per_update,l2,0.2,32.0,1.0,10.0,0.0625,0.2,1.0000000000000002e-06,2.0,1e-05,0.6217798594847775,0.5,0.6327100569636122,0.6688978106537175,0.33873701095581055,,,per_update,gaussian_l2,,,,,,,,,,,,,,,
S3,,32.0,10.0,0.01,0.2,101,laplace,l1,0.3125,per_update,l1,0.2,32.0,1.0,10.0,0.0625,0.2,0.0,2.0,0.0,0.5702576112412178,0.5125354929363956,0.5185262924676263,1.265496058126751,0.3657224178314209,,,per_update,laplace_l1,,,,,,,,,,,,,,,
S3,,32.0,10.0,0.01,0.2,202,laplace,l1,0.3125,per_update,l1,0.2,32.0,1.0,10.0,0.0625,0.2,0.0,2.0,0.0,0.6147540983606558,0.6198684647810953,0.6810504160034516,0.7985945551599569,0.3485527038574219,,,per_update,laplace_l1,,,,,,,,,,,,,,,
S3,,32.0,10.0,0.01,0.2,303,laplace,l1,0.3125,per_update,l1,0.2,32.0,1.0,10.0,0.0625,0.2,0.0,2.0,0.0,0.6194379391100703,0.5563280917481473,0.6510643508072274,0.7442355739771952,0.3524289131164551,,,per_update,laplace_l1,,,,,,,,,,,,,,,
S3,,32.0,10.0,0.01,0.2,404,laplace,l1,0.3125,per_update,l1,0.2,32.0,1.0,10.0,0.0625,0.2,0.0,2.0,0.0,0.617096018735363,0.4974462577180738,0.5256452863631328,1.5491055388506905,0.3398411273956299,,,per_update,laplace_l1,,,,,,,,,,,,,,,
S3,,32.0,10.0,0.01,0.2,505,laplace,l1,0.3125,per_update,l1,0.2,32.0,1.0,10.0,0.0625,0.2,0.0,2.0,0.0,0.6217798594847775,0.5,0.5837749908170227,2.506453478797439,0.34709763526916504,,,per_update,laplace_l1,,,,,,,,,,,,,,,
S3,,32.0,10.0,0.01,0.2,101,gaussian,l1,1.1867999908715943,per_update,l1,0.2,32.0,1.0,10.0,0.0625,0.2,1.0000000000000002e-06,2.0,1e-05,0.5304449648711944,0.4768822188405544,0.4123885652982573,1.378727404608595,0.31985926628112793,,,per_update,gaussian_l1,,,,,,,,,,,,,,,
S2,gaussian,32.0,10.0,0.01,0.2,505,gaussian,l2,0.034375,literal,l2,0.2,32.0,1.0,10.0,0.0625,9.806223865289986,1.0000000000000002e-06,98.06223865289986,1e-05,0.9098360655737705,0.8996023625031339,0.9745966778028486,0.32363247115452937,0.33820152282714844,1.1,1.1,,,,,,,,,,,,,,,,,
S3,,32.0,10.0,0.01,0.2,202,gaussian,l1,1.1867999908715943,per_update,l1,0.2,32.0,1.0,10.0,0.0625,0.2,1.0000000000000002e-06,2.0,1e-05,0.5679156908665105,0.5512789118026039,0.5801950872528613,0.8995998843085172,0.30890655517578125,,,per_update,gaussian_l1,,,,,,,,,,,,,,,
S3,,32.0,10.0,0.01,0.2,303,gaussian,l1,1.1867999908715943,per_update,l1,0.2,32.0,1.0,10.0,0.0625,0.2,1.0000000000000002e-06,2.0,1e-05,0.43676814988290397,0.5313154104936652,0.5156052310903547,1.6081582871120566,0.3698887825012207,,,per_update,gaussian_l1,,,,,,,,,,,,,,,
S3,,32.0,10.0,0.01,0.2,404,gaussian,l1,1.1867999908715943,per_update,l1,0.2,32.0,1.0,10.0,0.0625,0.2,1.0000000000000002e-06,2.0,1e-05,0.6557377049180327,0.5824864587523978,0.7035151854378385,0.7423440272587755,0.3510620594024658,,,per_update,gaussian_l1,,,,,,,,,,,,,,,
S3,,32.0,10.0,0.01,0.2,505,gaussian,l1,1.1867999908715943,per_update,l1,0.2,32.0,1.0,10.0,0.0625,0.2,1.0000000000000002e-06,2.0,1e-05,0.5245901639344263,0.5176517231929941,0.5648609726376427,0.8540548803100991,0.3540840148925781,,,per_update,gaussian_l1,,,,,,,,,,,,,,,
S3,,32.0,10.0,0.01,0.2,101,gaussian,l2,1.1867999908715943,per_update,l2,0.2,32.0,1.0,10.0,0.0625,0.2,1.0000000000000002e-06,2.0,1e-05,0.6475409836065574,0.5425448799799432,0.6757272043518567,1.3449718820211911,0.31464195251464844,,,per_update,gaussian_l2,,,,,,,,,,,,,,,
S3,,32.0,10.0,0.01,0.2,202,gaussian,l2,1.1867999908715943,per_update,l2,0.2,32.0,1.0,10.0,0.0625,0.2,1.0000000000000002e-06,2.0,1e-05,0.7423887587822015,0.6746019252184965,0.8398780267384979,0.6703972759211756,0.32909321784973145,,,per_update,gaussian_l2,,,,,,,,,,,,,,,
S3,,32.0,10.0,0.01,0.2,303,gaussian,l2,1.1867999908715943,per_update,l2,0.2,32.0,1.0,10.0,0.0625,0.2,1.0000000000000002e-06,2.0,1e-05,0.7330210772833724,0.6840472733845249,0.8055074542454508,0.6344804103962071,0.3114476203918457,,,per_update,gaussian_l2,,,,,,,,,,,,,,,
S3,,32.0,10.0,0.01,0.2,404,gaussian,l2,1.1867999908715943,per_update,l2,0.2,32.0,1.0,10.0,0.0625,0.2,1.0000000000000002e-06,2.0,1e-05,0.7107728337236534,0.6212852670059995,0.8901249467970358,0.8143576522571464,0.31503915786743164,,,per_update,gaussian_l2,,,,,,,,,,,,,,,
S3,,32.0,10.0,0.01,0.2,505,gaussian,l2,1.1867999908715943,per_update,l2,0.2,32.0,1.0,10.0,0.0625,0.2,1.0000000000000002e-06,2.0,1e-05,0.7271662763466042,0.6526589821179736,0.81648038341117,0.641558506120254,0.3392975330352783,,,per_update,gaussian_l2,,,,,,,,,,,,,,,
S3,,32.0,10.0,0.001,0.5,101,laplace,l1,0.125,per_update,l1,0.5,32.0,1.0,10.0,0.0625,0.5,0.0,5.0,0.0,0.5913348946135831,0.4924961956236554,0.5011456857497683,0.6859229513248514,0.3481156826019287,,,per_update,laplace_l1,,,,,,,,,,,,,,,
S3,,32.0,10.0,0.001,0.5,202,laplace,l1,0.125,per_update,l1,0.5,32.0,1.0,10.0,0.0625,0.5,0.0,5.0,0.0,0.6124121779859485,0.6470908910694817,0.6760653711380478,0.6824580337043159,0.4420933723449707,,,per_update,laplace_l1,,,,,,,,,,,,,,,
S3,,32.0,10.0,0.001,0.5,303,laplace,l1,0.125,per_update,l1,0.5,32.0,1.0,10.0,0.0625,0.5,0.0,5.0,0.0,0.6194379391100703,0.5114568574976823,0.625474453831488,0.673516013035431,0.34616971015930176,,,per_update,laplace_l1,,,,,,,,,,,,,,,
S3,,32.0,10.0,0.001,0.5,404,laplace,l1,0.125,per_update,l1,0.5,32.0,1.0,10.0,0.0625,0.5,0.0,5.0,0.0,0.5081967213114754,0.502043576871724,0.48886090267210064,0.6946865753586726,0.35483813285827637,,,per_update,laplace_l1,,,,,,,,,,,,,,,
S3,,32.0,10.0,0.001,0.5,505,laplace,l1,0.125,per_update,l1,0.5,32.0,1.0,10.0,0.0625,0.5,0.0,5.0,0.0,0.6217798594847775,0.5,0.5381574574522048,0.6737900208781216,0.3431670665740967,,,per_update,laplace_l1,,,,,,,,,,,,,,,
S3,,32.0,10.0,0.001,0.5,101,gaussian,l1,0.5036011550453134,per_update,l1,0.5,32.0,1.0,10.0,0.0625,0.5,1.0000000000000002e-06,5.0,1e-05,0.6697892271662763,0.600455942115175,0.6639321800679832,0.6795496338850459,0.35344672203063965,,,per_update,gaussian_l1,,,,,,,,,,,,,,,
S3,,32.0,10.0,0.001,0.5,202,gaussian,l1,0.5036011550453134,per_update,l1,0.5,32.0,1.0,10.0,0.0625,0.5,1.0000000000000002e-06,5.0,1e-05,0.4332552693208431,0.5387988082536018,0.702897156483765,0.6975267958338569,0.31449198722839355,,,per_update,gaussian_l1,,,,,,,,,,,,,,,
S3,,32.0,10.0,0.001,0.5,303,gaussian,l1,0.5036011550453134,per_update,l1,0.5,32.0,1.0,10.0,0.0625,0.5,1.0000000000000002e-06,5.0,1e-05,0.4929742388758782,0.5134508754438439,0.5445126608478658,0.6938821851991359,0.31397104263305664,,,per_update,gaussian_l1,,,,,,,,,,,,,,,
S3,,32.0,10.0,0.001,0.5,404,gaussian,l1,0.5036011550453134,per_update,l1,0.5,32.0,1.0,10.0,0.0625,0.5,1.0000000000000002e-06,5.0,1e-05,0.4426229508196721,0.5323853002396319,0.6681884172045268,0.6936749408772179,0.35348963737487793,,,per_update,gaussian_l1,,,,,,,,,,,,,,,
S3,,32.0,10.0,0.001,0.5,505,gaussian,l1,0.5036011550453134,per_update,l1,0.5,32.0,1.0,10.0,0.0625,0.5,1.0000000000000002e-06,5.0,1e-05,0.45433255269320844,0.48116469305533693,0.45436789048060494,0.6974965596603635,0.33361291885375977,,,per_update,gaussian_l1,,,,,,,,,,,,,,,
S3,,32.0,10.0,0.001,0.5,101,gaussian,l2,0.5036011550453134,per_update,l2,0.5,32.0,1.0,10.0,0.0625,0.5,1.0000000000000002e-06,5.0,1e-05,0.6217798594847775,0.5,0.7374368123699079,0.6398699571672096,0.31543707847595215,,,per_update,gaussian_l2,,,,,,,,,,,,,,,
S3,,32.0,10.0,0.001,0.5,202,gaussian,l2,0.5036011550453134,per_update,l2,0.5,32.0,1.0,10.0,0.0625,0.5,1.0000000000000002e-06,5.0,1e-05,0.639344262295082,0.5232198142414861,0.8603779305358777,0.6077630668851208,0.3203248977661133,,,per_update,gaussian_l2,,,,,,,,,,,,,,,
S3,,32.0,10.0,0.001,0.5,303,gaussian,l2,0.5036011550453134,per_update,l2,0.5,32.0,1.0,10.0,0.0625,0.5,1.0000000000000002e-06,5.0,1e-05,0.6217798594847775,0.5,0.8574277168494516,0.635169757227778,0.32383060455322266,,,per_update,gaussian_l2,,,,,,,,,,,,,,,
S3,,32.0,10.0,0.001,0.5,404,gaussian,l2,0.5036011550453134,per_update,l2,0.5,32.0,1.0,10.0,0.0625,0.5,1.0000000000000002e-06,5.0,1e-05,0.6229508196721312,0.5015479876160991,0.815541679056398,0.6161147744899194,0.32444214820861816,,,per_update,gaussian_l2,,,,,,,,,,,,,,,
S3,,32.0,10.0,0.001,0.5,505,gaussian,l2,0.5036011550453134,per_update,l2,0.5,32.0,1.0,10.0,0.0625,0.5,1.0000000000000002e-06,5.0,1e-05,0.6217798594847775,0.5,0.7498498656078548,0.6390375346453115,0.376598596572876,,,per_update,gaussian_l2,,,,,,,,,,,,,,,
S3,,32.0,10.0,0.01,0.5,101,laplace,l1,0.125,per_update,l1,0.5,32.0,1.0,10.0,0.0625,0.5,0.0,5.0,0.0,0.6510538641686182,0.5526461551019456,0.6253345227475468,1.4220468187773379,0.41109585762023926,,,per_update,laplace_l1,,,,,,,,,,,,,,,
S3,,32.0,10.0,0.01,0.5,202,laplace,l1,0.125,per_update,l1,0.5,32.0,1.0,10.0,0.0625,0.5,0.0,5.0,0.0,0.7201405152224825,0.6536793129383779,0.7964061033274445,0.6880304488285165,0.35074496269226074,,,per_update,laplace_l1,,,,,,,,,,,,,,,
S3,,32.0,10.0,0.01,0.5,303,laplace,l1,0.125,per_update,l1,0.5,32.0,1.0,10.0,0.0625,0.5,0.0,5.0,0.0,0.6405152224824356,0.5375015304962306,0.7204293552092261,0.8574412585408158,0.32559657096862793,,,per_update,laplace_l1,,,,,,,,,,,,,,,
S3,,32.0,10.0,0.01,0.5,404,laplace,l1,0.125,per_update,l1,0.5,32.0,1.0,10.0,0.0625,0.5,0.0,5.0,0.0,0.6217798594847775,0.5,0.5970975961005871,1.798747694537716,0.3487706184387207,,,per_update,laplace_l1,,,,,,,,,,,,,,,
S3,,32.0,10.0,0.01,0.5,505,laplace,l1,0.125,per_update,l1,0.5,32.0,1.0,10.0,0.0625,0.5,0.0,5.0,0.0,0.6217798594847775,0.5,0.6447557911062135,2.656783640174631,0.3448202610015869,,,per_update,laplace_l1,,,,,,,,,,,,,,,
S3,,32.0,10.0,0.01,0.5,101,gaussian,l1,0.5036011550453134,per_update,l1,0.5,32.0,1.0,10.0,0.0625,0.5,1.0000000000000002e-06,5.0,1e-05,0.5737704918032787,0.4995947829027537,0.42741949589827005,1.3570142400536211,0.3209829330444336,,,per_update,gaussian_l1,,,,,,,,,,,,,,,
S3,,32.0,10.0,0.01,0.5,202,gaussian,l1,0.5036011550453134,per_update,l1,0.5,32.0,1.0,10.0,0.0625,0.5,1.0000000000000002e-06,5.0,1e-05,0.617096018735363,0.5756677336411817,0.618530373790908,0.8203744901808643,0.3252723217010498,,,per_update,gaussian_l1,,,,,,,,,,,,,,,
S3,,32.0,10.0,0.01,0.5,303,gaussian,l1,0.5036011550453134,per_update,l1,0.5,32.0,1.0,10.0,0.0625,0.5,1.0000000000000002e-06,5.0,1e-05,0.4648711943793911,0.5417869199419286,0.5456262790575642,1.2622117560376578,0.31185436248779297,,,per_update,gaussian_l1,,,,,,,,,,,,,,,
S3,,32.0,10.0,0.01,0.5,404,gaussian,l1,0.5036011550453134,per_update,l1,0.5,32.0,1.0,10.0,0.0625,0.5,1.0000000000000002e-06,5.0,1e-05,0.6533957845433255,0.5642312827599074,0.7278223808107841,0.7883660884109933,0.323530912399292,,,per_update,gaussian_l1,,,,,,,,,,,,,,,
S3,,32.0,10.0,0.01,0.5,505,gaussian,l1,0.5036011550453134,per_update,l1,0.5,32.0,1.0,10.0,0.0625,0.5,1.0000000000000002e-06,5.0,1e-05,0.5831381733021077,0.5453289255041892,0.606554605190277,0.7779375187957417,0.3252449035644531,,,per_update,gaussian_l1,,,,,,,,,,,,,,,
S3,,32.0,10.0,0.01,0.5,101,gaussian,l2,0.5036011550453134,per_update,l2,0.5,32.0,1.0,10.0,0.0625,0.5,1.0000000000000002e-06,5.0,1e-05,0.8161592505854801,0.7775824573064433,0.9064269180761808,0.5108004886432107,0.3144412040710449,,,per_update,gaussian_l2,,,,,,,,,,,,,,,
S3,,32.0,10.0,0.01,0.5,202,gaussian,l2,0.5036011550453134,per_update,l2,0.5,32.0,1.0,10.0,0.0625,0.5,1.0000000000000002e-06,5.0,1e-05,0.8501170960187353,0.8376332989336085,0.9234693580078477,0.3977536182229196,0.3446359634399414,,,per_update,gaussian_l2,,,,,,,,,,,,,,,
S3,,32.0,10.0,0.01,0.5,303,gaussian,l2,0.5036011550453134,per_update,l2,0.5,32.0,1.0,10.0,0.0625,0.5,1.0000000000000002e-06,5.0,1e-05,0.8501170960187353,0.8412715071160787,0.9185076349897676,0.4294843971164629,0.3124828338623047,,,per_update,gaussian_l2,,,,,,,,,,,,,,,
S3,,32.0,10.0,0.01,0.5,404,gaussian,l2,0.5036011550453134,per_update,l2,0.5,32.0,1.0,10.0,0.0625,0.5,1.0000000000000002e-06,5.0,1e-05,0.8723653395784543,0.8415776063622,0.9567438036766893,0.34094669567352975,0.3238663673400879,,,per_update,gaussian_l2,,,,,,,,,,,,,,,
S3,,32.0,10.0,0.01,0.5,505,gaussian,l2,0.5036011550453134,per_update,l2,0.5,32.0,1.0,10.0,0.0625,0.5,1.0000000000000002e-06,5.0,1e-05,0.7985948477751756,0.7482989627608403,0.9183093992875175,0.4615069091439056,0.3597908020019531,,,per_update,gaussian_l2,,,,,,,,,,,,,,,
S3,,32.0,10.0,0.001,1.0,101,laplace,l1,0.0625,per_update,l1,1.0,32.0,1.0,10.0,0.0625,1.0,0.0,10.0,0.0,0.6217798594847775,0.5,0.5761312553567368,0.6722240180119436,0.37330102920532227,,,per_update,laplace_l1,,,,,,,,,,,,,,,
S3,,32.0,10.0,0.001,1.0,202,laplace,l1,0.0625,per_update,l1,1.0,32.0,1.0,10.0,0.0625,1.0,0.0,10.0,0.0,0.6604215456674473,0.6323369074064357,0.7155434281949473,0.6636216037808289,0.3336496353149414,,,per_update,laplace_l1,,,,,,,,,,,,,,,
S3,,32.0,10.0,0.001,1.0,303,laplace,l1,0.0625,per_update,l1,1.0,32.0,1.0,10.0,0.0625,1.0,0.0,10.0,0.0,0.6229508196721312,0.5015479876160991,0.7016086244191402,0.6618724251955185,0.34554457664489746,,,per_update,laplace_l1,,,,,,,,,,,,,,,
S3,,32.0,10.0,0.001,1.0,404,laplace,l1,0.0625,per_update,l1,1.0,32.0,1.0,10.0,0.0625,1.0,0.0,10.0,0.0,0.5995316159250585,0.5197040457574644,0.5404138461807559,0.6797467696644521,0.3259007930755615,,,per_update,laplace_l1,,,,,,,,,,,,,,,
S3,,32.0,10.0,0.001,1.0,505,laplace,l1,0.0625,per_update,l1,1.0,32.0,1.0,10.0,0.0625,1.0,0.0,10.0,0.0,0.6217798594847775,0.5,0.6107641986321736,0.661782383607971,0.36528444290161133,,,per_update,laplace_l1,,,,,,,,,,,,,,,
S3,,32.0,10.0,0.001,1.0,101,gaussian,l1,0.2640424305829275,per_update,l1,1.0,32.0,1.0,10.0,0.0625,1.0,1.0000000000000002e-06,10.0,1e-05,0.6615925058548009,0.5629398354643671,0.6819599680490692,0.6749714422896463,0.3452763557434082,,,per_update,gaussian_l1,,,,,,,,,,,,,,,
S3,,32.0,10.0,0.001,1.0,202,gaussian,l1,0.2640424305829275,per_update,l1,1.0,32.0,1.0,10.0,0.0625,1.0,1.0000000000000002e-06,10.0,1e-05,0.49063231850117095,0.58008722370899,0.7220443931363804,0.69052756398464,0.3734395503997803,,,per_update,gaussian_l1,,,,,,,,,,,,,,,
S3,,32.0,10.0,0.001,1.0,303,gaussian,l1,0.2640424305829275,per_update,l1,1.0,32.0,1.0,10.0,0.0625,1.0,1.0000000000000002e-06,10.0,1e-05,0.5620608899297423,0.5453580778133436,0.5639397596683633,0.688650188491163,0.37342262268066406,,,per_update,gaussian_l1,,,,,,,,,,,,,,,
S3,,32.0,10.0,0.001,1.0,404,gaussian,l1,0.2640424305829275,per_update,l1,1.0,32.0,1.0,10.0,0.0625,1.0,1.0000000000000002e-06,10.0,1e-05,0.5187353629976581,0.5820695807314897,0.6844554057126865,0.6880164553990165,0.3428056240081787,,,per_update,gaussian_l1,,,,,,,,,,,,,,,
S3,,32.0,10.0,0.001,1.0,505,gaussian,l1,0.2640424305829275,per_update,l1,1.0,32.0,1.0,10.0,0.0625,1.0,1.0000000000000002e-06,10.0,1e-05,0.5421545667447307,0.506308559701014,0.49197436928979144,0.6917555943743442,0.3489406108856201,,,per_update,gaussian_l1,,,,,,,,,,,,,,,
S3,,32.0,10.0,0.001,1.0,101,gaussian,l2,0.2640424305829275,per_update,l2,1.0,32.0,1.0,10.0,0.0625,1.0,1.0000000000000002e-06,10.0,1e-05,0.6217798594847775,0.5,0.7542460338283394,0.6258936386960705,0.33406567573547363,,,per_update,gaussian_l2,,,,,,,,,,,,,,,
S3,,32.0,10.0,0.001,1.0,202,gaussian,l2,0.2640424305829275,per_update,l2,1.0,32.0,1.0,10.0,0.0625,1.0,1.0000000000000002e-06,10.0,1e-05,0.6252927400468384,0.5046439628482973,0.9078670421484086,0.5591192963157569,0.36220550537109375,,,per_update,gaussian_l2,,,,,,,,,,,,,,,
S3,,32.0,10.0,0.001,1.0,303,gaussian,l2,0.2640424305829275,per_update,l2,1.0,32.0,1.0,10.0,0.0625,1.0,1.0000000000000002e-06,10.0,1e-05,0.6217798594847775,0.5,0.8949059254983587,0.6081186462574865,0.37317585945129395,,,per_update,gaussian_l2,,,,,,,,,,,,,,,
S3,,32.0,10.0,0.001,1.0,404,gaussian,l2,0.2640424305829275,per_update,l2,1.0,32.0,1.0,10.0,0.0625,1.0,1.0000000000000002e-06,10.0,1e-05,0.6217798594847775,0.5,0.8588095363033705,0.5991278454821983,0.34447455406188965,,,per_update,gaussian_l2,,,,,,,,,,,,,,,
S3,,32.0,10.0,0.001,1.0,505,gaussian,l2,0.2640424305829275,per_update,l2,1.0,32.0,1.0,10.0,0.0625,1.0,1.0000000000000002e-06,10.0,1e-05,0.6217798594847775,0.5,0.8306075924273961,0.6255382457960985,0.34970641136169434,,,per_update,gaussian_l2,,,,,,,,,,,,,,,
S3,,32.0,10.0,0.01,1.0,101,laplace,l1,0.0625,per_update,l1,1.0,32.0,1.0,10.0,0.0625,1.0,0.0,10.0,0.0,0.6533957845433255,0.5424020336650865,0.7504970468710825,1.7519001629077835,0.4241924285888672,,,per_update,laplace_l1,,,,,,,,,,,,,,,
S3,,32.0,10.0,0.01,1.0,202,laplace,l1,0.0625,per_update,l1,1.0,32.0,1.0,10.0,0.0625,1.0,0.0,10.0,0.0,0.7002341920374707,0.6122043227044014,0.8729250843959349,0.822810501658511,0.371335506439209,,,per_update,laplace_l1,,,,,,,,,,,,,,,
S3,,32.0,10.0,0.01,1.0,303,laplace,l1,0.0625,per_update,l1,1.0,32.0,1.0,10.0,0.0625,1.0,0.0,10.0,0.0,0.6358313817330211,0.5185758513931888,0.7932693148624302,1.2179355256998945,0.403897762298584,,,per_update,laplace_l1,,,,,,,,,,,,,,,
S3,,32.0,10.0,0.01,1.0,404,laplace,l1,0.0625,per_update,l1,1.0,32.0,1.0,10.0,0.0625,1.0,0.0,10.0,0.0,0.6217798594847775,0.5,0.6910438275815827,1.8448094440889167,0.3788340091705322,,,per_update,laplace_l1,,,,,,,,,,,,,,,
S3,,32.0,10.0,0.01,1.0,505,laplace,l1,0.0625,per_update,l1,1.0,32.0,1.0,10.0,0.0625,1.0,0.0,10.0,0.0,0.6229508196721312,0.5015479876160991,0.7335187420195554,2.4946691485759325,0.34565114974975586,,,per_update,laplace_l1,,,,,,,,,,,,,,,
S3,,32.0,10.0,0.01,1.0,101,gaussian,l1,0.2640424305829275,per_update,l1,1.0,32.0,1.0,10.0,0.0625,1.0,1.0000000000000002e-06,10.0,1e-05,0.5983606557377049,0.5005713852594263,0.4573472564761855,1.4798129772919046,0.3264424800872803,,,per_update,gaussian_l1,,,,,,,,,,,,,,,
S3,,32.0,10.0,0.01,1.0,202,gaussian,l1,0.2640424305829275,per_update,l1,1.0,32.0,1.0,10.0,0.0625,1.0,1.0000000000000002e-06,10.0,1e-05,0.6814988290398126,0.6122976100936955,0.6748934483100406,0.8182493247558597,0.3808748722076416,,,per_update,gaussian_l1,,,,,,,,,,,,,,,
S3,,32.0,10.0,0.01,1.0,303,gaussian,l1,0.2640424305829275,per_update,l1,1.0,32.0,1.0,10.0,0.0625,1.0,1.0000000000000002e-06,10.0,1e-05,0.5386416861826698,0.5623013998938856,0.5935235229982567,0.9172968429663564,0.3240079879760742,,,per_update,gaussian_l1,,,,,,,,,,,,,,,
S3,,32.0,10.0,0.01,1.0,404,gaussian,l1,0.2640424305829275,per_update,l1,1.0,32.0,1.0,10.0,0.0625,1.0,1.0000000000000002e-06,10.0,1e-05,0.6627634660421545,0.559030510806761,0.7591319608426184,0.9191593891642333,0.3297739028930664,,,per_update,gaussian_l1,,,,,,,,,,,,,,,
S3,,32.0,10.0,0.01,1.0,505,gaussian,l1,0.2640424305829275,per_update,l1,1.0,32.0,1.0,10.0,0.0625,1.0,1.0000000000000002e-06,10.0,1e-05,0.6522248243559718,0.5723851836303954,0.6639321800679832,0.7883040133258487,0.3159804344177246,,,per_update,gaussian_l1,,,,,,,,,,,,,,,
S3,,32.0,10.0,0.01,1.0,101,gaussian,l2,0.2640424305829275,per_update,l2,1.0,32.0,1.0,10.0,0.0625,1.0,1.0000000000000002e-06,10.0,1e-05,0.8805620608899297,0.8645408802831273,0.9464238862360288,0.42001993199288135,0.3227865695953369,,,per_update,gaussian_l2,,,,,,,,,,,,,,,
S3,,32.0,10.0,0.01,1.0,202,gaussian,l2,0.2640424305829275,per_update,l2,1.0,32.0,1.0,10.0,0.0625,1.0,1.0000000000000002e-06,10.0,1e-05,0.8875878220140515,0.8841370624967204,0.952901529330138,0.36733142687435905,0.3383018970489502,,,per_update,gaussian_l2,,,,,,,,,,,,,,,
S3,,32.0,10.0,0.01,1.0,303,gaussian,l2,0.2640424305829275,per_update,l2,1.0,32.0,1.0,10.0,0.0625,1.0,1.0000000000000002e-06,10.0,1e-05,0.8864168618266979,0.8807699707893862,0.94828380356008,0.3899786814234808,0.31215882301330566,,,per_update,gaussian_l2,,,,,,,,,,,,,,,
S3,,32.0,10.0,0.01,1.0,404,gaussian,l2,0.2640424305829275,per_update,l2,1.0,32.0,1.0,10.0,0.0625,1.0,1.0000000000000002e-06,10.0,1e-05,0.8934426229508197,0.8748986957256885,0.967734224227901,0.3162173220433631,0.3271596431732178,,,per_update,gaussian_l2,,,,,,,,,,,,,,,
S3,,32.0,10.0,0.01,1.0,505,gaussian,l2,0.2640424305829275,per_update,l2,1.0,32.0,1.0,10.0,0.0625,1.0,1.0000000000000002e-06,10.0,1e-05,0.8536299765807962,0.8277244290520251,0.9473334382816463,0.37748950651555774,0.36644887924194336,,,per_update,gaussian_l2,,,,,,,,,,,,,,,
S3,,32.0,10.0,0.001,2.0,101,laplace,l1,0.03125,per_update,l1,2.0,32.0,1.0,10.0,0.0625,2.0,0.0,20.0,0.0,0.6217798594847775,0.5,0.6708762601085632,0.6520190368725975,0.3552870750427246,,,per_update,laplace_l1,,,,,,,,,,,,,,,
S3,,32.0,10.0,0.001,2.0,202,laplace,l1,0.03125,per_update,l1,2.0,32.0,1.0,10.0,0.0625,2.0,0.0,20.0,0.0,0.6615925058548009,0.5550570510690152,0.7774804242244029,0.6320354088310522,0.3402559757232666,,,per_update,laplace_l1,,,,,,,,,,,,,,,
S3,,32.0,10.0,0.001,2.0,303,laplace,l1,0.03125,per_update,l1,2.0,32.0,1.0,10.0,0.0625,2.0,0.0,20.0,0.0,0.6217798594847775,0.5,0.802003346685091,0.6439525097088358,0.36347103118896484,,,per_update,laplace_l1,,,,,,,,,,,,,,,
S3,,32.0,10.0,0.001,2.0,404,laplace,l1,0.03125,per_update,l1,2.0,32.0,1.0,10.0,0.0625,2.0,0.0,20.0,0.0,0.6264637002341921,0.5067983184948079,0.6279698914951053,0.6552585110333524,0.3522830009460449,,,per_update,laplace_l1,,,,,,,,,,,,,,,
S3,,32.0,10.0,0.001,2.0,505,laplace,l1,0.03125,per_update,l1,2.0,32.0,1.0,10.0,0.0625,2.0,0.0,20.0,0.0,0.6217798594847775,0.5,0.6914519599097444,0.6458088797040045,0.3865549564361572,,,per_update,laplace_l1,,,,,,,,,,,,,,,
S3,,32.0,10.0,0.001,2.0,101,gaussian,l1,0.13940476694915124,per_update,l1,2.0,32.0,1.0,10.0,0.0625,2.0,1.0000000000000002e-06,20.0,1e-05,0.6288056206088993,0.5092879256965944,0.7066578043646837,0.6672159438577242,0.33957409858703613,,,per_update,gaussian_l1,,,,,,,,,,,,,,,
S3,,32.0,10.0,0.001,2.0,202,gaussian,l1,0.13940476694915124,per_update,l1,2.0,32.0,1.0,10.0,0.0625,2.0,1.0000000000000002e-06,20.0,1e-05,0.6182669789227166,0.666351821727799,0.7528933666835751,0.6780763796576034,0.3186306953430176,,,per_update,gaussian_l1,,,,,,,,,,,,,,,
S3,,32.0,10.0,0.001,2.0,303,gaussian,l1,0.13940476694915124,per_update,l1,2.0,32.0,1.0,10.0,0.0625,2.0,1.0000000000000002e-06,20.0,1e-05,0.6334894613583139,0.5700529988980427,0.6046946878662259,0.6795694783903686,0.32379150390625,,,per_update,gaussian_l1,,,,,,,,,,,,,,,
S3,,32.0,10.0,0.001,2.0,404,gaussian,l1,0.13940476694915124,per_update,l1,2.0,32.0,1.0,10.0,0.0625,2.0,1.0000000000000002e-06,20.0,1e-05,0.6686182669789227,0.6619702296618915,0.7114795962988227,0.677824318590182,0.31343913078308105,,,per_update,gaussian_l1,,,,,,,,,,,,,,,
S3,,32.0,10.0,0.001,2.0,505,gaussian,l1,0.13940476694915124,per_update,l1,2.0,32.0,1.0,10.0,0.0625,2.0,1.0000000000000002e-06,20.0,1e-05,0.6147540983606558,0.5004139627899926,0.5556430124830187,0.6818479930980657,0.30962300300598145,,,per_update,gaussian_l1,,,,,,,,,,,,,,,
S3,,32.0,10.0,0.001,2.0,101,gaussian,l2,0.13940476694915124,per_update,l2,2.0,32.0,1.0,10.0,0.0625,2.0,1.0000000000000002e-06,20.0,1e-05,0.6217798594847775,0.5,0.8433238296805491,0.6105176689253522,0.3261091709136963,,,per_update,gaussian_l2,,,,,,,,,,,,,,,
S3,,32.0,10.0,0.001,2.0,202,gaussian,l2,0.13940476694915124,per_update,l2,2.0,32.0,1.0,10.0,0.0625,2.0,1.0000000000000002e-06,20.0,1e-05,0.6908665105386417,0.5913312693498451,0.9483595995638815,0.4744780270046621,0.31023406982421875,,,per_update,gaussian_l2,,,,,,,,,,,,,,,
S3,,32.0,10.0,0.001,2.0,303,gaussian,l2,0.13940476694915124,per_update,l2,2.0,32.0,1.0,10.0,0.0625,2.0,1.0000000000000002e-06,20.0,1e-05,0.6217798594847775,0.5,0.9328039273990892,0.5740414299071434,0.321519136428833,,,per_update,gaussian_l2,,,,,,,,,,,,,,,
S3,,32.0,10.0,0.001,2.0,404,gaussian,l2,0.13940476694915124,per_update,l2,2.0,32.0,1.0,10.0,0.0625,2.0,1.0000000000000002e-06,20.0,1e-05,0.6475409836065574,0.5340557275541795,0.9228338376682816,0.5525487942254895,0.30757808685302734,,,per_update,gaussian_l2,,,,,,,,,,,,,,,
S3,,32.0,10.0,0.001,2.0,505,gaussian,l2,0.13940476694915124,per_update,l2,2.0,32.0,1.0,10.0,0.0625,2.0,1.0000000000000002e-06,20.0,1e-05,0.6217798594847775,0.5,0.9181228245089293,0.5946056357162245,0.3239278793334961,,,per_update,gaussian_l2,,,,,,,,,,,,,,,
S3,,32.0,10.0,0.01,2.0,101,laplace,l1,0.03125,per_update,l1,2.0,32.0,1.0,10.0,0.0625,2.0,0.0,20.0,0.0,0.6873536299765808,0.5879000425623714,0.8657419554202889,1.3661639517942534,0.39833927154541016,,,per_update,laplace_l1,,,,,,,,,,,,,,,
S3,,32.0,10.0,0.01,2.0,202,laplace,l1,0.03125,per_update,l1,2.0,32.0,1.0,10.0,0.0625,2.0,0.0,20.0,0.0,0.8114754098360656,0.76532682653793,0.9283144717893104,0.5225790730478166,0.3496994972229004,,,per_update,laplace_l1,,,,,,,,,,,,,,,
S3,,32.0,10.0,0.01,2.0,303,laplace,l1,0.03125,per_update,l1,2.0,32.0,1.0,10.0,0.0625,2.0,0.0,20.0,0.0,0.6639344262295082,0.5575466582708016,0.8758636371586994,1.1493555857961433,0.32935357093811035,,,per_update,laplace_l1,,,,,,,,,,,,,,,
S3,,32.0,10.0,0.01,2.0,404,laplace,l1,0.03125,per_update,l1,2.0,32.0,1.0,10.0,0.0625,2.0,0.0,20.0,0.0,0.6241217798594848,0.5043087112930215,0.8061196527376934,1.505726210370141,0.39325451850891113,,,per_update,laplace_l1,,,,,,,,,,,,,,,
S3,,32.0,10.0,0.01,2.0,505,laplace,l1,0.03125,per_update,l1,2.0,32.0,1.0,10.0,0.0625,2.0,0.0,20.0,0.0,0.6604215456674473,0.5516899593616811,0.8650889436952302,1.4807480243730315,0.34000420570373535,,,per_update,laplace_l1,,,,,,,,,,,,,,,
S3,,32.0,10.0,0.01,2.0,101,gaussian,l1,0.13940476694915124,per_update,l1,2.0,32.0,1.0,10.0,0.0625,2.0,1.0000000000000002e-06,20.0,1e-05,0.6182669789227166,0.4996006133645846,0.5165555963687883,2.0038530121080274,0.3143730163574219,,,per_update,gaussian_l1,,,,,,,,,,,,,,,
S3,,32.0,10.0,0.01,2.0,202,gaussian,l1,0.13940476694915124,per_update,l1,2.0,32.0,1.0,10.0,0.0625,2.0,1.0000000000000002e-06,20.0,1e-05,0.6557377049180327,0.5485298490493432,0.756834758881251,1.0719973522104809,0.31615543365478516,,,per_update,gaussian_l1,,,,,,,,,,,,,,,
S3,,32.0,10.0,0.01,2.0,303,gaussian,l1,0.13940476694915124,per_update,l1,2.0,32.0,1.0,10.0,0.0625,2.0,1.0000000000000002e-06,20.0,1e-05,0.6533957845433255,0.5696885950336126,0.6692670526432398,0.9142095988733405,0.3060576915740967,,,per_update,gaussian_l1,,,,,,,,,,,,,,,
S3,,32.0,10.0,0.01,2.0,404,gaussian,l1,0.13940476694915124,per_update,l1,2.0,32.0,1.0,10.0,0.0625,2.0,1.0000000000000002e-06,20.0,1e-05,0.6416861826697893,0.5281348935649193,0.8011987429524292,1.2482770283800284,0.3176078796386719,,,per_update,gaussian_l1,,,,,,,,,,,,,,,
S3,,32.0,10.0,0.01,2.0,505,gaussian,l1,0.13940476694915124,per_update,l1,2.0,32.0,1.0,10.0,0.0625,2.0,1.0000000000000002e-06,20.0,1e-05,0.6428571428571429,0.5327147213330767,0.7408592934646354,1.0258898419133948,0.31360721588134766,,,per_update,gaussian_l1,,,,,,,,,,,,,,,
S3,,32.0,10.0,0.01,2.0,101,gaussian,l2,0.13940476694915124,per_update,l2,2.0,32.0,1.0,10.0,0.0625,2.0,1.0000000000000002e-06,20.0,1e-05,0.8969555035128806,0.8849999708476908,0.9589360573251007,0.42048087430405123,0.3403658866882324,,,per_update,gaussian_l2,,,,,,,,,,,,,,,
S3,,32.0,10.0,0.01,2.0,202,gaussian,l2,0.13940476694915124,per_update,l2,2.0,32.0,1.0,10.0,0.0625,2.0,1.0000000000000002e-06,20.0,1e-05,0.9063231850117096,0.9046602881414236,0.966113355838916,0.35601003810589493,0.30464935302734375,,,per_update,gaussian_l2,,,,,,,,,,,,,,,
S3,,32.0,10.0,0.01,2.0,303,gaussian,l2,0.13940476694915124,per_update,l2,2.0,32.0,1.0,10.0,0.0625,2.0,1.0000000000000002e-06,20.0,1e-05,0.914519906323185,0.9106452572108237,0.9610175321987255,0.3825033644294784,0.32085680961608887,,,per_update,gaussian_l2,,,,,,,,,,,,,,,
S3,,32.0,10.0,0.01,2.0,404,gaussian,l2,0.13940476694915124,per_update,l2,2.0,32.0,1.0,10.0,0.0625,2.0,1.0000000000000002e-06,20.0,1e-05,0.9074941451990632,0.8934745471188773,0.9712791450210772,0.3478798000573633,0.3037443161010742,,,per_update,gaussian_l2,,,,,,,,,,,,,,,
S3,,32.0,10.0,0.01,2.0,505,gaussian,l2,0.13940476694915124,per_update,l2,2.0,32.0,1.0,10.0,0.0625,2.0,1.0000000000000002e-06,20.0,1e-05,0.8758782201405152,0.8595616658795544,0.9587669739320052,0.3704348978752196,0.3298530578613281,,,per_update,gaussian_l2,,,,,,,,,,,,,,,
S3,,32.0,10.0,0.001,4.0,101,laplace,l1,0.015625,per_update,l1,4.0,32.0,1.0,10.0,0.0625,4.0,0.0,40.0,0.0,0.6217798594847775,0.5,0.7630150484219855,0.6348756698963777,0.3380894660949707,,,per_update,laplace_l1,,,,,,,,,,,,,,,
S3,,32.0,10.0,0.001,4.0,202,laplace,l1,0.015625,per_update,l1,4.0,32.0,1.0,10.0,0.0625,4.0,0.0,40.0,0.0,0.6217798594847775,0.5,0.8430497979744975,0.5924181269485326,0.3433570861816406,,,per_update,laplace_l1,,,,,,,,,,,,,,,
S3,,32.0,10.0,0.001,4.0,303,laplace,l1,0.015625,per_update,l1,4.0,32.0,1.0,10.0,0.0625,4.0,0.0,40.0,0.0,0.6217798594847775,0.5,0.8630657734399141,0.6301626273766969,0.34354257583618164,,,per_update,laplace_l1,,,,,,,,,,,,,,,
S3,,32.0,10.0,0.001,4.0,404,laplace,l1,0.015625,per_update,l1,4.0,32.0,1.0,10.0,0.0625,4.0,0.0,40.0,0.0,0.6217798594847775,0.5,0.7373668468279373,0.6292470063944323,0.45343565940856934,,,per_update,laplace_l1,,,,,,,,,,,,,,,
S3,,32.0,10.0,0.001,4.0,505,laplace,l1,0.015625,per_update,l1,4.0,32.0,1.0,10.0,0.0625,4.0,0.0,40.0,0.0,0.6217798594847775,0.5,0.7680409065202054,0.6421134993536142,0.3687591552734375,,,per_update,laplace_l1,,,,,,,,,,,,,,,
S3,,32.0,10.0,0.001,4.0,101,gaussian,l1,0.07459491169737412,per_update,l1,4.0,32.0,1.0,10.0,0.0625,4.0,1.0000000000000002e-06,40.0,1e-05,0.6217798594847775,0.5,0.7273967570971297,0.6556670220489228,0.31729912757873535,,,per_update,gaussian_l1,,,,,,,,,,,,,,,
S3,,32.0,10.0,0.001,4.0,202,gaussian,l1,0.07459491169737412,per_update,l1,4.0,32.0,1.0,10.0,0.0625,4.0,1.0000000000000002e-06,40.0,1e-05,0.7388758782201406,0.6984572597995488,0.793030265927364,0.6572904978051418,0.32199597358703613,,,per_update,gaussian_l1,,,,,,,,,,,,,,,
S3,,32.0,10.0,0.001,4.0,404,gaussian,l1,0.07459491169737412,per_update,l1,4.0,32.0,1.0,10.0,0.0625,4.0,1.0000000000000002e-06,40.0,1e-05,0.6943793911007026,0.6135599050800814,0.7497973914513769,0.660584607917789,0.32634663581848145,,,per_update,gaussian_l1,,,,,,,,,,,,,,,
S3,,32.0,10.0,0.001,4.0,303,gaussian,l1,0.07459491169737412,per_update,l1,4.0,32.0,1.0,10.0,0.0625,4.0,1.0000000000000002e-06,40.0,1e-05,0.6498829039812647,0.5407899109688479,0.6840647647700173,0.66504008524388,0.36564111709594727,,,per_update,gaussian_l1,,,,,,,,,,,,,,,
S3,,32.0,10.0,0.001,4.0,101,gaussian,l2,0.07459491169737412,per_update,l2,4.0,32.0,1.0,10.0,0.0625,4.0,1.0000000000000002e-06,40.0,1e-05,0.7634660421545667,0.6939765498825162,0.944091701503676,0.43058259269162363,0.3114008903503418,,,per_update,gaussian_l2,,,,,,,,,,,,,,,
S3,,32.0,10.0,0.001,4.0,505,gaussian,l1,0.07459491169737412,per_update,l1,4.0,32.0,1.0,10.0,0.0625,4.0,1.0000000000000002e-06,40.0,1e-05,0.6217798594847775,0.5,0.6410009736871257,0.6663020106834491,0.3590238094329834,,,per_update,gaussian_l1,,,,,,,,,,,,,,,
S3,,32.0,10.0,0.001,4.0,202,gaussian,l2,0.07459491169737412,per_update,l2,4.0,32.0,1.0,10.0,0.0625,4.0,1.0000000000000002e-06,40.0,1e-05,0.8992974238875878,0.8832450018365955,0.9636354095607913,0.2643866135120027,0.3173344135284424,,,per_update,gaussian_l2,,,,,,,,,,,,,,,
S3,,32.0,10.0,0.001,4.0,303,gaussian,l2,0.07459491169737412,per_update,l2,4.0,32.0,1.0,10.0,0.0625,4.0,1.0000000000000002e-06,40.0,1e-05,0.8208430913348946,0.7728597832234292,0.9679674427011363,0.3388248030273643,0.346463680267334,,,per_update,gaussian_l2,,,,,,,,,,,,,,,
S3,,32.0,10.0,0.001,4.0,404,gaussian,l2,0.07459491169737412,per_update,l2,4.0,32.0,1.0,10.0,0.0625,4.0,1.0000000000000002e-06,40.0,1e-05,0.8536299765807962,0.8155970684437914,0.9581606059015935,0.3310003854420882,0.33426642417907715,,,per_update,gaussian_l2,,,,,,,,,,,,,,,
S3,,32.0,10.0,0.001,4.0,505,gaussian,l2,0.07459491169737412,per_update,l2,4.0,32.0,1.0,10.0,0.0625,4.0,1.0000000000000002e-06,40.0,1e-05,0.7669789227166276,0.69740777666999,0.9622011159503945,0.39979328111259155,0.348602294921875,,,per_update,gaussian_l2,,,,,,,,,,,,,,,
S3,,32.0,10.0,0.01,4.0,101,laplace,l1,0.015625,per_update,l1,4.0,32.0,1.0,10.0,0.0625,4.0,0.0,40.0,0.0,0.8594847775175644,0.826975214706757,0.9406808813326104,0.48741150927972327,0.3411848545074463,,,per_update,laplace_l1,,,,,,,,,,,,,,,
S3,,32.0,10.0,0.01,4.0,202,laplace,l1,0.015625,per_update,l1,4.0,32.0,1.0,10.0,0.0625,4.0,0.0,40.0,0.0,0.9121779859484778,0.9063365459178021,0.9564872633561302,0.3729552818576113,0.3560049533843994,,,per_update,laplace_l1,,,,,,,,,,,,,,,
S3,,32.0,10.0,0.01,4.0,303,laplace,l1,0.015625,per_update,l1,4.0,32.0,1.0,10.0,0.0625,4.0,0.0,40.0,0.0,0.8618266978922716,0.8458367587296589,0.9386343892299709,0.43706919250271004,0.32915687561035156,,,per_update,laplace_l1,,,,,,,,,,,,,,,
S3,,32.0,10.0,0.01,4.0,404,laplace,l1,0.015625,per_update,l1,4.0,32.0,1.0,10.0,0.0625,4.0,0.0,40.0,0.0,0.7224824355971897,0.6410097193798721,0.9076338236751733,0.7406484262688745,0.3483889102935791,,,per_update,laplace_l1,,,,,,,,,,,,,,,
S3,,32.0,10.0,0.01,4.0,505,laplace,l1,0.015625,per_update,l1,4.0,32.0,1.0,10.0,0.0625,4.0,0.0,40.0,0.0,0.860655737704918,0.8382250908094431,0.9417944995423088,0.42398024148736657,0.3633708953857422,,,per_update,laplace_l1,,,,,,,,,,,,,,,
S3,,32.0,10.0,0.01,4.0,101,gaussian,l1,0.07459491169737412,per_update,l1,4.0,32.0,1.0,10.0,0.0625,4.0,1.0000000000000002e-06,40.0,1e-05,0.6206088992974239,0.4990583804143126,0.6147230822153422,2.551744561293365,0.31731534004211426,,,per_update,gaussian_l1,,,,,,,,,,,,,,,
S3,,32.0,10.0,0.01,4.0,202,gaussian,l1,0.07459491169737412,per_update,l1,4.0,32.0,1.0,10.0,0.0625,4.0,1.0000000000000002e-06,40.0,1e-05,0.6510538641686182,0.5386996904024768,0.8387061039104907,1.320918849021191,0.3084096908569336,,,per_update,gaussian_l1,,,,,,,,,,,,,,,
S3,,32.0,10.0,0.01,4.0,303,gaussian,l1,0.07459491169737412,per_update,l1,4.0,32.0,1.0,10.0,0.0625,4.0,1.0000000000000002e-06,40.0,1e-05,0.6498829039812647,0.542609015060083,0.7656679085550366,1.3104562398181898,0.30997323989868164,,,per_update,gaussian_l1,,,,,,,,,,,,,,,
S3,,32.0,10.0,0.01,4.0,404,gaussian,l1,0.07459491169737412,per_update,l1,4.0,32.0,1.0,10.0,0.0625,4.0,1.0000000000000002e-06,40.0,1e-05,0.6428571428571429,0.5278637770897833,0.8567572137389003,1.5668634098537353,0.30958008766174316,,,per_update,gaussian_l1,,,,,,,,,,,,,,,
S3,,32.0,10.0,0.01,4.0,505,gaussian,l1,0.07459491169737412,per_update,l1,4.0,32.0,1.0,10.0,0.0625,4.0,1.0000000000000002e-06,40.0,1e-05,0.6323185011709602,0.515144624605715,0.8137400663506555,1.2671679808657967,0.36159181594848633,,,per_update,gaussian_l1,,,,,,,,,,,,,,,
S3,,32.0,10.0,0.01,4.0,101,gaussian,l2,0.07459491169737412,per_update,l2,4.0,32.0,1.0,10.0,0.0625,4.0,1.0000000000000002e-06,40.0,1e-05,0.9039812646370023,0.8948942645746969,0.9677342242279011,0.3819235484550111,0.3235971927642822,,,per_update,gaussian_l2,,,,,,,,,,,,,,,
S3,,32.0,10.0,0.01,4.0,202,gaussian,l2,0.07459491169737412,per_update,l2,4.0,32.0,1.0,10.0,0.0625,4.0,1.0000000000000002e-06,40.0,1e-05,0.9133489461358314,0.9109163736859596,0.9716697859637461,0.34971119126154543,0.3187143802642822,,,per_update,gaussian_l2,,,,,,,,,,,,,,,
S3,,32.0,10.0,0.01,4.0,303,gaussian,l2,0.07459491169737412,per_update,l2,4.0,32.0,1.0,10.0,0.0625,4.0,1.0000000000000002e-06,40.0,1e-05,0.9238875878220141,0.9193909499571461,0.9682997790254966,0.387156386007915,0.31688594818115234,,,per_update,gaussian_l2,,,,,,,,,,,,,,,
S3,,32.0,10.0,0.01,4.0,404,gaussian,l2,0.07459491169737412,per_update,l2,4.0,32.0,1.0,10.0,0.0625,4.0,1.0000000000000002e-06,40.0,1e-05,0.9192037470725996,0.9089544232798681,0.9764216123559146,0.33191515200390875,0.32882142066955566,,,per_update,gaussian_l2,,,,,,,,,,,,,,,
S3,,32.0,10.0,0.01,4.0,505,gaussian,l2,0.07459491169737412,per_update,l2,4.0,32.0,1.0,10.0,0.0625,4.0,1.0000000000000002e-06,40.0,1e-05,0.8969555035128806,0.8843936028172792,0.9664865053960924,0.3709675415023841,0.31384801864624023,,,per_update,gaussian_l2,,,,,,,,,,,,,,,
S3,,32.0,10.0,0.001,8.0,101,laplace,l1,0.0078125,per_update,l1,8.0,32.0,1.0,10.0,0.0625,8.0,0.0,80.0,0.0,0.6217798594847775,0.5,0.8343799012319766,0.6973124249086622,0.43641233444213867,,,per_update,laplace_l1,,,,,,,,,,,,,,,
S3,,32.0,10.0,0.001,8.0,202,laplace,l1,0.0078125,per_update,l1,8.0,32.0,1.0,10.0,0.0625,8.0,0.0,80.0,0.0,0.6217798594847775,0.5,0.8919498813501017,0.6408244302311412,0.3413844108581543,,,per_update,laplace_l1,,,,,,,,,,,,,,,
S3,,32.0,10.0,0.001,8.0,303,laplace,l1,0.0078125,per_update,l1,8.0,32.0,1.0,10.0,0.0625,8.0,0.0,80.0,0.0,0.6217798594847775,0.5,0.8979086133412627,0.7094391134590383,0.3507106304168701,,,per_update,laplace_l1,,,,,,,,,,,,,,,
S3,,32.0,10.0,0.001,8.0,404,laplace,l1,0.0078125,per_update,l1,8.0,32.0,1.0,10.0,0.0625,8.0,0.0,80.0,0.0,0.6217798594847775,0.5,0.831499653087521,0.6900632299465633,0.339688777923584,,,per_update,laplace_l1,,,,,,,,,,,,,,,
S3,,32.0,10.0,0.001,8.0,505,laplace,l1,0.0078125,per_update,l1,8.0,32.0,1.0,10.0,0.0625,8.0,0.0,80.0,0.0,0.6217798594847775,0.5,0.8510783439156215,0.7554584828868985,0.34419941902160645,,,per_update,laplace_l1,,,,,,,,,,,,,,,
S3,,32.0,10.0,0.001,8.0,101,gaussian,l1,0.0408084615223885,per_update,l1,8.0,32.0,1.0,10.0,0.0625,8.0,1.0000000000000002e-06,80.0,1e-05,0.6217798594847775,0.5,0.73136730160396,0.6429094890201218,0.3276481628417969,,,per_update,gaussian_l1,,,,,,,,,,,,,,,
S3,,32.0,10.0,0.001,8.0,202,gaussian,l1,0.0408084615223885,per_update,l1,8.0,32.0,1.0,10.0,0.0625,8.0,1.0000000000000002e-06,80.0,1e-05,0.6592505854800936,0.5507483397759936,0.8331963174803076,0.6260854550171793,0.302109956741333,,,per_update,gaussian_l1,,,,,,,,,,,,,,,
S3,,32.0,10.0,0.001,8.0,303,gaussian,l1,0.0408084615223885,per_update,l1,8.0,32.0,1.0,10.0,0.0625,8.0,1.0000000000000002e-06,80.0,1e-05,0.6217798594847775,0.5,0.7900159171607983,0.6455320592567058,0.3197813034057617,,,per_update,gaussian_l1,,,,,,,,,,,,,,,
S3,,32.0,10.0,0.001,8.0,404,gaussian,l1,0.0408084615223885,per_update,l1,8.0,32.0,1.0,10.0,0.0625,8.0,1.0000000000000002e-06,80.0,1e-05,0.6334894613583139,0.5154798761609907,0.7884475229282911,0.6353271818543338,0.30280399322509766,,,per_update,gaussian_l1,,,,,,,,,,,,,,,
S3,,32.0,10.0,0.001,8.0,505,gaussian,l1,0.0408084615223885,per_update,l1,8.0,32.0,1.0,10.0,0.0625,8.0,1.0000000000000002e-06,80.0,1e-05,0.6217798594847775,0.5,0.7184411677248955,0.6464022414265449,0.3021268844604492,,,per_update,gaussian_l1,,,,,,,,,,,,,,,
S3,,32.0,10.0,0.001,8.0,101,gaussian,l2,0.0408084615223885,per_update,l2,8.0,32.0,1.0,10.0,0.0625,8.0,1.0000000000000002e-06,80.0,1e-05,0.9238875878220141,0.9151463737442643,0.9663698961594748,0.22502253428475366,0.331057071685791,,,per_update,gaussian_l2,,,,,,,,,,,,,,,
S3,,32.0,10.0,0.001,8.0,202,gaussian,l2,0.0408084615223885,per_update,l2,8.0,32.0,1.0,10.0,0.0625,8.0,1.0000000000000002e-06,80.0,1e-05,0.9227166276346604,0.9184493303714587,0.9701830181968715,0.2125255152736092,0.30655527114868164,,,per_update,gaussian_l2,,,,,,,,,,,,,,,
S3,,32.0,10.0,0.001,8.0,303,gaussian,l2,0.0408084615223885,per_update,l2,8.0,32.0,1.0,10.0,0.0625,8.0,1.0000000000000002e-06,80.0,1e-05,0.9355971896955504,0.9348708261181369,0.9738678700739886,0.1961610193668881,0.3495359420776367,,,per_update,gaussian_l2,,,,,,,,,,,,,,,
S3,,32.0,10.0,0.001,8.0,404,gaussian,l2,0.0408084615223885,per_update,l2,8.0,32.0,1.0,10.0,0.0625,8.0,1.0000000000000002e-06,80.0,1e-05,0.914519906323185,0.9094325211500003,0.9689061470559084,0.21559124501586416,0.3108360767364502,,,per_update,gaussian_l2,,,,,,,,,,,,,,,
S3,,32.0,10.0,0.001,8.0,505,gaussian,l2,0.0408084615223885,per_update,l2,8.0,32.0,1.0,10.0,0.0625,8.0,1.0000000000000002e-06,80.0,1e-05,0.9297423887587822,0.9240990478855831,0.9711042311661506,0.20546925098940488,0.322706937789917,,,per_update,gaussian_l2,,,,,,,,,,,,,,,
S3,,32.0,10.0,0.01,8.0,101,laplace,l1,0.0078125,per_update,l1,8.0,32.0,1.0,10.0,0.0625,8.0,0.0,80.0,0.0,0.9004683840749415,0.8860057255135179,0.9608251269583064,0.42736949921731743,0.323411226272583,,,per_update,laplace_l1,,,,,,,,,,,,,,,
S3,,32.0,10.0,0.01,8.0,202,laplace,l1,0.0078125,per_update,l1,8.0,32.0,1.0,10.0,0.0625,8.0,0.0,80.0,0.0,0.9156908665105387,0.9055231964923942,0.9651804819459749,0.4367225610068502,0.3776984214782715,,,per_update,laplace_l1,,,,,,,,,,,,,,,
S3,,32.0,10.0,0.01,8.0,303,laplace,l1,0.0078125,per_update,l1,8.0,32.0,1.0,10.0,0.0625,8.0,0.0,80.0,0.0,0.9028103044496487,0.8988035892323031,0.9587319911610198,0.4861828565372296,0.3505666255950928,,,per_update,laplace_l1,,,,,,,,,,,,,,,
S3,,32.0,10.0,0.01,8.0,505,laplace,l1,0.0078125,per_update,l1,8.0,32.0,1.0,10.0,0.0625,8.0,0.0,80.0,0.0,0.8911007025761124,0.8833237130713123,0.959419985657064,0.4032146791554139,0.32913684844970703,,,per_update,laplace_l1,,,,,,,,,,,,,,,
S3,,32.0,10.0,0.01,8.0,404,laplace,l1,0.0078125,per_update,l1,8.0,32.0,1.0,10.0,0.0625,8.0,0.0,80.0,0.0,0.914519906323185,0.9118579932716471,0.9619329147061738,0.38416951905138047,0.3406407833099365,,,per_update,laplace_l1,,,,,,,,,,,,,,,
S3,,32.0,10.0,0.01,8.0,202,gaussian,l1,0.0408084615223885,per_update,l1,8.0,32.0,1.0,10.0,0.0625,8.0,1.0000000000000002e-06,80.0,1e-05,0.734192037470726,0.6528513873583927,0.8998968008255934,0.8385674761312291,0.3114769458770752,,,per_update,gaussian_l1,,,,,,,,,,,,,,,
S3,,32.0,10.0,0.01,8.0,101,gaussian,l1,0.0408084615223885,per_update,l1,8.0,32.0,1.0,10.0,0.0625,8.0,1.0000000000000002e-06,80.0,1e-05,0.6463700234192038,0.5331141079684921,0.7841912857917476,1.9337921307075374,0.31261205673217773,,,per_update,gaussian_l1,,,,,,,,,,,,,,,
S3,,32.0,10.0,0.01,8.0,404,gaussian,l1,0.0408084615223885,per_update,l1,8.0,32.0,1.0,10.0,0.0625,8.0,1.0000000000000002e-06,80.0,1e-05,0.7002341920374707,0.6043215383090494,0.9246296199121932,1.1589614073526673,0.2993171215057373,,,per_update,gaussian_l1,,,,,,,,,,,,,,,
S3,,32.0,10.0,0.01,8.0,303,gaussian,l1,0.0408084615223885,per_update,l1,8.0,32.0,1.0,10.0,0.0625,8.0,1.0000000000000002e-06,80.0,1e-05,0.7412177985948478,0.6688093613895156,0.867945869992362,0.8529684663809414,0.3297247886657715,,,per_update,gaussian_l1,,,,,,,,,,,,,,,
S3,,32.0,10.0,0.01,8.0,505,gaussian,l1,0.0408084615223885,per_update,l1,8.0,32.0,1.0,10.0,0.0625,8.0,1.0000000000000002e-06,80.0,1e-05,0.6721311475409836,0.5702016756747302,0.8823471107146398,1.0439952498110479,0.30811381340026855,,,per_update,gaussian_l1,,,,,,,,,,,,,,,
S3,,32.0,10.0,0.01,8.0,101,gaussian,l2,0.0408084615223885,per_update,l2,8.0,32.0,1.0,10.0,0.0625,8.0,1.0000000000000002e-06,80.0,1e-05,0.9121779859484778,0.9033047057657437,0.9740719362380693,0.32754860805464653,0.32728075981140137,,,per_update,gaussian_l2,,,,,,,,,,,,,,,
S3,,32.0,10.0,0.01,8.0,202,gaussian,l2,0.0408084615223885,per_update,l2,8.0,32.0,1.0,10.0,0.0625,8.0,1.0000000000000002e-06,80.0,1e-05,0.9215456674473068,0.9193268148770064,0.9764799169742235,0.3190718217682967,0.3029215335845947,,,per_update,gaussian_l2,,,,,,,,,,,,,,,
S3,,32.0,10.0,0.01,8.0,303,gaussian,l2,0.0408084615223885,per_update,l2,8.0,32.0,1.0,10.0,0.0625,8.0,1.0000000000000002e-06,80.0,1e-05,0.9192037470725996,0.9131989994927499,0.9726084903185181,0.3736004054900598,0.3774440288543701,,,per_update,gaussian_l2,,,,,,,,,,,,,,,
S3,,32.0,10.0,0.01,8.0,404,gaussian,l2,0.0408084615223885,per_update,l2,8.0,32.0,1.0,10.0,0.0625,8.0,1.0000000000000002e-06,80.0,1e-05,0.9332552693208431,0.9275302746730569,0.9804854442520392,0.29356844572117846,0.3140993118286133,,,per_update,gaussian_l2,,,,,,,,,,,,,,,
S3,,32.0,10.0,0.01,8.0,505,gaussian,l2,0.0408084615223885,per_update,l2,8.0,32.0,1.0,10.0,0.0625,8.0,1.0000000000000002e-06,80.0,1e-05,0.9086651053864169,0.8974480068566231,0.9725851684711948,0.3382080703730775,0.31638360023498535,,,per_update,gaussian_l2,,,,,,,,,,,,,,,
S4,,32.0,10.0,0.01,2.0,101,laplace,l1,0.3125,total,l1,2.0,32.0,1.0,10.0,0.0625,0.2,0.0,2.0,0.0,0.5702576112412178,0.5125354929363956,0.5185262924676263,1.265496058126751,0.35571837425231934,,,total,laplace_l1,,,,,,,,,,basic (pure DP),,,,,
S4,,32.0,10.0,0.01,2.0,202,laplace,l1,0.3125,total,l1,2.0,32.0,1.0,10.0,0.0625,0.2,0.0,2.0,0.0,0.6147540983606558,0.6198684647810953,0.6810504160034516,0.7985945551599569,0.3607187271118164,,,total,laplace_l1,,,,,,,,,,basic (pure DP),,,,,
S4,,32.0,10.0,0.01,2.0,303,laplace,l1,0.3125,total,l1,2.0,32.0,1.0,10.0,0.0625,0.2,0.0,2.0,0.0,0.6194379391100703,0.5563280917481473,0.6510643508072274,0.7442355739771952,0.4018561840057373,,,total,laplace_l1,,,,,,,,,,basic (pure DP),,,,,
S4,,32.0,10.0,0.01,2.0,404,laplace,l1,0.3125,total,l1,2.0,32.0,1.0,10.0,0.0625,0.2,0.0,2.0,0.0,0.617096018735363,0.4974462577180738,0.5256452863631328,1.5491055388506905,0.3939673900604248,,,total,laplace_l1,,,,,,,,,,basic (pure DP),,,,,
S4,,32.0,10.0,0.01,2.0,505,laplace,l1,0.3125,total,l1,2.0,32.0,1.0,10.0,0.0625,0.2,0.0,2.0,0.0,0.6217798594847775,0.5,0.5837749908170227,2.506453478797439,0.37593913078308105,,,total,laplace_l1,,,,,,,,,,basic (pure DP),,,,,
S4,,32.0,10.0,0.01,2.0,101,gaussian,l1,0.39406178471401493,total,l1,2.0,32.0,1.0,10.0,0.0625,,,2.0,1e-05,0.5807962529274004,0.49736171602152607,0.4356404470798132,1.375405487549329,0.3366539478302002,,,total,gaussian_l1,,,,,,,,,,exact Gaussian composition (mu-GDP),,,,,
S4,,32.0,10.0,0.01,2.0,202,gaussian,l1,0.39406178471401493,total,l1,2.0,32.0,1.0,10.0,0.0625,,,2.0,1e-05,0.6405152224824356,0.5896491811116359,0.636808871630722,0.8046443333624276,0.3667616844177246,,,total,gaussian_l1,,,,,,,,,,exact Gaussian composition (mu-GDP),,,,,
S4,,32.0,10.0,0.01,2.0,303,gaussian,l1,0.39406178471401493,total,l1,2.0,32.0,1.0,10.0,0.0625,,,2.0,1e-05,0.4812646370023419,0.5470868097462,0.5604473130316652,1.1300346275772415,0.35926365852355957,,,total,gaussian_l1,,,,,,,,,,exact Gaussian composition (mu-GDP),,,,,
S4,,32.0,10.0,0.01,2.0,404,gaussian,l1,0.39406178471401493,total,l1,2.0,32.0,1.0,10.0,0.0625,,,2.0,1e-05,0.6639344262295082,0.5684612828182121,0.738661209354393,0.8218620147175987,0.31490349769592285,,,total,gaussian_l1,,,,,,,,,,exact Gaussian composition (mu-GDP),,,,,
S4,,32.0,10.0,0.01,2.0,505,gaussian,l1,0.39406178471401493,total,l1,2.0,32.0,1.0,10.0,0.0625,,,2.0,1e-05,0.6147540983606558,0.5616571338615732,0.6251071347361425,0.7659753746881653,0.33293938636779785,,,total,gaussian_l1,,,,,,,,,,exact Gaussian composition (mu-GDP),,,,,
S4,,32.0,10.0,0.01,2.0,101,gaussian,l2,0.39406178471401493,total,l2,2.0,32.0,1.0,10.0,0.0625,,,2.0,1e-05,0.8559718969555035,0.8308204042842233,0.9293406330715457,0.4443290596236097,0.33576226234436035,,,total,gaussian_l2,,,,,,,,,,exact Gaussian composition (mu-GDP),,,,,
S4,,32.0,10.0,0.01,2.0,202,gaussian,l2,0.39406178471401493,total,l2,2.0,32.0,1.0,10.0,0.0625,,,2.0,1e-05,0.8653395784543325,0.8601826100645432,0.9372700611615445,0.3826533822553536,0.33640289306640625,,,total,gaussian_l2,,,,,,,,,,exact Gaussian composition (mu-GDP),,,,,
S4,,32.0,10.0,0.01,2.0,303,gaussian,l2,0.39406178471401493,total,l2,2.0,32.0,1.0,10.0,0.0625,,,2.0,1e-05,0.8641686182669789,0.8574218863876208,0.9325007433838834,0.41169467477147675,0.3186209201812744,,,total,gaussian_l2,,,,,,,,,,exact Gaussian composition (mu-GDP),,,,,
S4,,32.0,10.0,0.01,2.0,404,gaussian,l2,0.39406178471401493,total,l2,2.0,32.0,1.0,10.0,0.0625,,,2.0,1e-05,0.8817330210772834,0.8569933474430509,0.9635887658661443,0.3102404242959608,0.33141350746154785,,,total,gaussian_l2,,,,,,,,,,exact Gaussian composition (mu-GDP),,,,,
S4,,32.0,10.0,0.01,2.0,505,gaussian,l2,0.39406178471401493,total,l2,2.0,32.0,1.0,10.0,0.0625,,,2.0,1e-05,0.8173302107728337,0.7760986047704839,0.9332003988035893,0.4156939468295737,0.3205757141113281,,,total,gaussian_l2,,,,,,,,,,exact Gaussian composition (mu-GDP),,,,,
S4,,32.0,10.0,0.01,4.0,101,laplace,l1,0.15625,total,l1,4.0,32.0,1.0,10.0,0.0625,0.4,0.0,4.0,0.0,0.6370023419203747,0.5455912962865789,0.5909522893308379,1.3271061671367492,0.3761484622955322,,,total,laplace_l1,,,,,,,,,,basic (pure DP),,,,,
S4,,32.0,10.0,0.01,4.0,202,laplace,l1,0.15625,total,l1,4.0,32.0,1.0,10.0,0.0625,0.4,0.0,4.0,0.0,0.7154566744730679,0.6662847714167439,0.767230472325713,0.6627564873221111,0.3676784038543701,,,total,laplace_l1,,,,,,,,,,basic (pure DP),,,,,
S4,,32.0,10.0,0.01,4.0,303,laplace,l1,0.15625,total,l1,4.0,32.0,1.0,10.0,0.0625,0.4,0.0,4.0,0.0,0.6451990632318502,0.5497571612647437,0.7001685003469125,0.7984344423662135,0.4215061664581299,,,total,laplace_l1,,,,,,,,,,basic (pure DP),,,,,
S4,,32.0,10.0,0.01,4.0,404,laplace,l1,0.15625,total,l1,4.0,32.0,1.0,10.0,0.0625,0.4,0.0,4.0,0.0,0.6217798594847775,0.5,0.5746911312845091,1.737529461030761,0.3462183475494385,,,total,laplace_l1,,,,,,,,,,basic (pure DP),,,,,
S4,,32.0,10.0,0.01,4.0,505,laplace,l1,0.15625,total,l1,4.0,32.0,1.0,10.0,0.0625,0.4,0.0,4.0,0.0,0.6217798594847775,0.5,0.6254044882895174,2.6286520404047145,0.37314677238464355,,,total,laplace_l1,,,,,,,,,,basic (pure DP),,,,,
S4,,32.0,10.0,0.01,4.0,101,gaussian,l1,0.2136833727352614,total,l1,4.0,32.0,1.0,10.0,0.0625,,,4.0,1e-05,0.6147540983606558,0.5082967471853446,0.47378332837744075,1.5976856675390274,0.32405972480773926,,,total,gaussian_l1,,,,,,,,,,exact Gaussian composition (mu-GDP),,,,,
S4,,32.0,10.0,0.01,4.0,202,gaussian,l1,0.2136833727352614,total,l1,4.0,32.0,1.0,10.0,0.0625,,,4.0,1e-05,0.6779859484777517,0.5961326546675763,0.6990373907517216,0.8630027248205755,0.3458719253540039,,,total,gaussian_l1,,,,,,,,,,exact Gaussian composition (mu-GDP),,,,,
S4,,32.0,10.0,0.01,4.0,303,gaussian,l1,0.2136833727352614,total,l1,4.0,32.0,1.0,10.0,0.0625,,,4.0,1e-05,0.594847775175644,0.5771807384862955,0.615329450245754,0.8442340915495217,0.3224222660064697,,,total,gaussian_l1,,,,,,,,,,exact Gaussian composition (mu-GDP),,,,,
S4,,32.0,10.0,0.01,4.0,404,gaussian,l1,0.2136833727352614,total,l1,4.0,32.0,1.0,10.0,0.0625,,,4.0,1e-05,0.6533957845433255,0.5460402418475567,0.7720464337980211,1.0018479379536225,0.3137023448944092,,,total,gaussian_l1,,,,,,,,,,exact Gaussian composition (mu-GDP),,,,,
S4,,32.0,10.0,0.01,4.0,505,gaussian,l1,0.2136833727352614,total,l1,4.0,32.0,1.0,10.0,0.0625,,,4.0,1e-05,0.639344262295082,0.5456554313667186,0.6879187000402303,0.8365370269039203,0.3313896656036377,,,total,gaussian_l1,,,,,,,,,,exact Gaussian composition (mu-GDP),,,,,
S4,,32.0,10.0,0.01,4.0,101,gaussian,l2,0.2136833727352614,total,l2,4.0,32.0,1.0,10.0,0.0625,,,4.0,1e-05,0.8887587822014051,0.8753767935958208,0.9517762501967781,0.4212235574788313,0.33391880989074707,,,total,gaussian_l2,,,,,,,,,,exact Gaussian composition (mu-GDP),,,,,
S4,,32.0,10.0,0.01,4.0,202,gaussian,l2,0.2136833727352614,total,l2,4.0,32.0,1.0,10.0,0.0625,,,4.0,1e-05,0.892271662763466,0.88790354083947,0.9588427699358066,0.3608053850605785,0.3239459991455078,,,total,gaussian_l2,,,,,,,,,,exact Gaussian composition (mu-GDP),,,,,
S4,,32.0,10.0,0.01,4.0,303,gaussian,l2,0.2136833727352614,total,l2,4.0,32.0,1.0,10.0,0.0625,,,4.0,1e-05,0.8957845433255269,0.8919411356573554,0.9533621358147779,0.38577546016617986,0.3203766345977783,,,total,gaussian_l2,,,,,,,,,,exact Gaussian composition (mu-GDP),,,,,
S4,,32.0,10.0,0.01,4.0,404,gaussian,l2,0.2136833727352614,total,l2,4.0,32.0,1.0,10.0,0.0625,,,4.0,1e-05,0.8992974238875878,0.8838513698670072,0.9691510264528054,0.3274898600185155,0.34084129333496094,,,total,gaussian_l2,,,,,,,,,,exact Gaussian composition (mu-GDP),,,,,
S4,,32.0,10.0,0.01,4.0,505,gaussian,l2,0.2136833727352614,total,l2,4.0,32.0,1.0,10.0,0.0625,,,4.0,1e-05,0.8594847775175644,0.8360707351629322,0.951636319112837,0.37254920608084746,0.3221738338470459,,,total,gaussian_l2,,,,,,,,,,exact Gaussian composition (mu-GDP),,,,,
S4,,32.0,10.0,0.01,8.0,101,laplace,l1,0.078125,total,l1,8.0,32.0,1.0,10.0,0.0625,0.8,0.0,8.0,0.0,0.6604215456674473,0.5516899593616811,0.7094855783526614,1.6871799020741656,0.37053728103637695,,,total,laplace_l1,,,,,,,,,,basic (pure DP),,,,,
S4,,32.0,10.0,0.01,8.0,202,laplace,l1,0.078125,total,l1,8.0,32.0,1.0,10.0,0.0625,0.8,0.0,8.0,0.0,0.6978922716627635,0.61153381959385,0.8505302805035186,0.7997113924539492,0.3424696922302246,,,total,laplace_l1,,,,,,,,,,basic (pure DP),,,,,
S4,,32.0,10.0,0.01,8.0,303,laplace,l1,0.078125,total,l1,8.0,32.0,1.0,10.0,0.0625,0.8,0.0,8.0,0.0,0.639344262295082,0.5238261822718977,0.7696267921382052,1.0881644125879895,0.3704073429107666,,,total,laplace_l1,,,,,,,,,,basic (pure DP),,,,,
S4,,32.0,10.0,0.01,8.0,404,laplace,l1,0.078125,total,l1,8.0,32.0,1.0,10.0,0.0625,0.8,0.0,8.0,0.0,0.6217798594847775,0.5,0.6568073557106459,1.863788984563193,0.34830474853515625,,,total,laplace_l1,,,,,,,,,,basic (pure DP),,,,,
S4,,32.0,10.0,0.01,8.0,505,laplace,l1,0.078125,total,l1,8.0,32.0,1.0,10.0,0.0625,0.8,0.0,8.0,0.0,0.6217798594847775,0.5,0.699847824946214,2.611273759075447,0.3517422676086426,,,total,laplace_l1,,,,,,,,,,basic (pure DP),,,,,
S4,,32.0,10.0,0.01,8.0,101,gaussian,l1,0.11863068662489615,total,l1,8.0,32.0,1.0,10.0,0.0625,,,8.0,1e-05,0.6194379391100703,0.49872312885903697,0.5362042527388594,2.1982919606009923,0.3112907409667969,,,total,gaussian_l1,,,,,,,,,,exact Gaussian composition (mu-GDP),,,,,
S4,,32.0,10.0,0.01,8.0,202,gaussian,l1,0.11863068662489615,total,l1,8.0,32.0,1.0,10.0,0.0625,,,8.0,1e-05,0.6533957845433255,0.5424020336650865,0.7797717957239392,1.1783933697492444,0.35091710090637207,,,total,gaussian_l1,,,,,,,,,,exact Gaussian composition (mu-GDP),,,,,
S4,,32.0,10.0,0.01,8.0,303,gaussian,l1,0.11863068662489615,total,l1,8.0,32.0,1.0,10.0,0.0625,,,8.0,1e-05,0.6522248243559718,0.5566196148396915,0.6913994857532666,1.0338314569618139,0.3175835609436035,,,total,gaussian_l1,,,,,,,,,,exact Gaussian composition (mu-GDP),,,,,
S4,,32.0,10.0,0.01,8.0,404,gaussian,l1,0.11863068662489615,total,l1,8.0,32.0,1.0,10.0,0.0625,,,8.0,1e-05,0.6416861826697893,0.5269221575040959,0.8132153247858763,1.356148235892843,0.3198533058166504,,,total,gaussian_l1,,,,,,,,,,exact Gaussian composition (mu-GDP),,,,,
S4,,32.0,10.0,0.01,8.0,505,gaussian,l1,0.11863068662489615,total,l1,8.0,32.0,1.0,10.0,0.0625,,,8.0,1e-05,0.6381733021077284,0.5234909307166221,0.7606712027659711,1.113034569510105,0.3344120979309082,,,total,gaussian_l1,,,,,,,,,,exact Gaussian composition (mu-GDP),,,,,
S4,,32.0,10.0,0.01,8.0,101,gaussian,l2,0.11863068662489615,total,l2,8.0,32.0,1.0,10.0,0.0625,,,8.0,1e-05,0.8981264637002342,0.8865479584637899,0.9615481042253357,0.4155656309394889,0.32187485694885254,,,total,gaussian_l2,,,,,,,,,,exact Gaussian composition (mu-GDP),,,,,
S4,,32.0,10.0,0.01,8.0,202,gaussian,l2,0.11863068662489615,total,l2,8.0,32.0,1.0,10.0,0.0625,,,8.0,1e-05,0.905152224824356,0.9031123005253245,0.9679207990064893,0.35489612153645755,0.3403301239013672,,,total,gaussian_l2,,,,,,,,,,exact Gaussian composition (mu-GDP),,,,,
S4,,32.0,10.0,0.01,8.0,303,gaussian,l2,0.11863068662489615,total,l2,8.0,32.0,1.0,10.0,0.0625,,,8.0,1e-05,0.914519906323185,0.910038889180412,0.9635654440188207,0.38382000973808306,0.3218560218811035,,,total,gaussian_l2,,,,,,,,,,exact Gaussian composition (mu-GDP),,,,,
S4,,32.0,10.0,0.01,8.0,404,gaussian,l2,0.11863068662489615,total,l2,8.0,32.0,1.0,10.0,0.0625,,,8.0,1e-05,0.9086651053864169,0.8950225347349764,0.9724102546162682,0.3485007309498211,0.3370392322540283,,,total,gaussian_l2,,,,,,,,,,exact Gaussian composition (mu-GDP),,,,,
S4,,32.0,10.0,0.01,8.0,505,gaussian,l2,0.11863068662489615,total,l2,8.0,32.0,1.0,10.0,0.0625,,,8.0,1e-05,0.8817330210772834,0.8660888678992263,0.9606677044888726,0.3780384931823173,0.3204617500305176,,,total,gaussian_l2,,,,,,,,,,exact Gaussian composition (mu-GDP),,,,,
S4,,32.0,10.0,0.01,16.0,101,laplace,l1,0.0390625,total,l1,16.0,32.0,1.0,10.0,0.0625,1.6,0.0,16.0,0.0,0.667447306791569,0.5609778850582755,0.8301061727099404,1.5883949074403316,0.35437607765197754,,,total,laplace_l1,,,,,,,,,,basic (pure DP),,,,,
S4,,32.0,10.0,0.01,16.0,202,laplace,l1,0.0390625,total,l1,16.0,32.0,1.0,10.0,0.0625,1.6,0.0,16.0,0.0,0.7576112412177985,0.6910875560453144,0.9134817768915475,0.6657189231689705,0.41614651679992676,,,total,laplace_l1,,,,,,,,,,basic (pure DP),,,,,
S4,,32.0,10.0,0.01,16.0,303,laplace,l1,0.0390625,total,l1,16.0,32.0,1.0,10.0,0.0625,1.6,0.0,16.0,0.0,0.6416861826697893,0.5263157894736842,0.8477258283628648,1.2886448583197763,0.36330103874206543,,,total,laplace_l1,,,,,,,,,,basic (pure DP),,,,,
S4,,32.0,10.0,0.01,16.0,404,laplace,l1,0.0390625,total,l1,16.0,32.0,1.0,10.0,0.0625,1.6,0.0,16.0,0.0,0.6229508196721312,0.5021543556465108,0.7685948003941392,1.6626128751313045,0.34577035903930664,,,total,laplace_l1,,,,,,,,,,basic (pure DP),,,,,
S4,,32.0,10.0,0.01,16.0,505,laplace,l1,0.0390625,total,l1,16.0,32.0,1.0,10.0,0.0625,1.6,0.0,16.0,0.0,0.6288056206088993,0.5098942937270061,0.8204800802271548,1.9065206763940559,0.3530879020690918,,,total,laplace_l1,,,,,,,,,,basic (pure DP),,,,,
S4,,32.0,10.0,0.01,16.0,101,gaussian,l1,0.06802403707927154,total,l1,16.0,32.0,1.0,10.0,0.0625,,,16.0,1e-05,0.6229508196721312,0.5015479876160991,0.6363657565315749,2.5480533453615264,0.3180537223815918,,,total,gaussian_l1,,,,,,,,,,exact Gaussian composition (mu-GDP),,,,,
S4,,32.0,10.0,0.01,16.0,202,gaussian,l1,0.06802403707927154,total,l1,16.0,32.0,1.0,10.0,0.0625,,,16.0,1e-05,0.6569086651053864,0.5464396284829721,0.8490901564312909,1.2969556234011963,0.33292651176452637,,,total,gaussian_l1,,,,,,,,,,exact Gaussian composition (mu-GDP),,,,,
S4,,32.0,10.0,0.01,16.0,303,gaussian,l1,0.06802403707927154,total,l1,16.0,32.0,1.0,10.0,0.0625,,,16.0,1e-05,0.6522248243559718,0.545704990292281,0.7816550348953141,1.287647105875782,0.33269500732421875,,,total,gaussian_l1,,,,,,,,,,exact Gaussian composition (mu-GDP),,,,,
S4,,32.0,10.0,0.01,16.0,404,gaussian,l1,0.06802403707927154,total,l1,16.0,32.0,1.0,10.0,0.0625,,,16.0,1e-05,0.6428571428571429,0.5278637770897833,0.8666456770040756,1.569628919945543,0.336932897567749,,,total,gaussian_l1,,,,,,,,,,exact Gaussian composition (mu-GDP),,,,,
S4,,32.0,10.0,0.01,16.0,505,gaussian,l1,0.06802403707927154,total,l1,16.0,32.0,1.0,10.0,0.0625,,,16.0,1e-05,0.6334894613583139,0.5166926122218141,0.8239900182493456,1.264968507402805,0.32929468154907227,,,total,gaussian_l1,,,,,,,,,,exact Gaussian composition (mu-GDP),,,,,
S4,,32.0,10.0,0.01,16.0,101,gaussian,l2,0.06802403707927154,total,l2,16.0,32.0,1.0,10.0,0.0625,,,16.0,1e-05,0.9028103044496487,0.8927399089281862,0.9689003165940775,0.3728124598823894,0.3379654884338379,,,total,gaussian_l2,,,,,,,,,,exact Gaussian composition (mu-GDP),,,,,
S4,,32.0,10.0,0.01,16.0,202,gaussian,l2,0.06802403707927154,total,l2,16.0,32.0,1.0,10.0,0.0625,,,16.0,1e-05,0.914519906323185,0.9118579932716471,0.97242191553993,0.34585958904351616,0.3550710678100586,,,total,gaussian_l2,,,,,,,,,,exact Gaussian composition (mu-GDP),,,,,
S4,,32.0,10.0,0.01,16.0,303,gaussian,l2,0.06802403707927154,total,l2,16.0,32.0,1.0,10.0,0.0625,,,16.0,1e-05,0.9238875878220141,0.9193909499571461,0.9691335350673127,0.3867383462272603,0.34149646759033203,,,total,gaussian_l2,,,,,,,,,,exact Gaussian composition (mu-GDP),,,,,
S4,,32.0,10.0,0.01,16.0,404,gaussian,l2,0.06802403707927154,total,l2,16.0,32.0,1.0,10.0,0.0625,,,16.0,1e-05,0.9215456674473068,0.9114440304816545,0.9770279803863264,0.32734952877981294,0.317049503326416,,,total,gaussian_l2,,,,,,,,,,exact Gaussian composition (mu-GDP),,,,,
S4,,32.0,10.0,0.01,16.0,505,gaussian,l2,0.06802403707927154,total,l2,16.0,32.0,1.0,10.0,0.0625,,,16.0,1e-05,0.8981264637002342,0.8859415904333783,0.9675826322202982,0.36652970979552046,0.33827638626098633,,,total,gaussian_l2,,,,,,,,,,exact Gaussian composition (mu-GDP),,,,,
S5,,32.0,10.0,0.01,1.0,101,laplace,l1,0.125,per_update,l1,1.0,32.0,2.0,10.0,0.125,1.0,0.0,10.0,0.0,0.6229508196721312,0.5015479876160991,0.5887483747587646,1.9781600088602354,0.507451057434082,,,per_update,laplace_l1,,,,,,,,,,,2.0,,,,
S5,,32.0,10.0,0.01,1.0,202,laplace,l1,0.125,per_update,l1,1.0,32.0,2.0,10.0,0.125,1.0,0.0,10.0,0.0,0.6217798594847775,0.5006063680304117,0.7173042276678736,2.0011157211239565,0.4902181625366211,,,per_update,laplace_l1,,,,,,,,,,,2.0,,,,
S5,,32.0,10.0,0.01,1.0,303,laplace,l1,0.125,per_update,l1,1.0,32.0,2.0,10.0,0.125,1.0,0.0,10.0,0.0,0.6252927400468384,0.5070694349699439,0.6955682659623469,1.5053638042933861,0.4711446762084961,,,per_update,laplace_l1,,,,,,,,,,,2.0,,,,
S5,,32.0,10.0,0.01,1.0,404,laplace,l1,0.125,per_update,l1,1.0,32.0,2.0,10.0,0.125,1.0,0.0,10.0,0.0,0.6370023419203747,0.5213365750701113,0.6563409187641753,1.7776171782850425,0.4679701328277588,,,per_update,laplace_l1,,,,,,,,,,,2.0,,,,
S5,,32.0,10.0,0.01,1.0,505,laplace,l1,0.125,per_update,l1,1.0,32.0,2.0,10.0,0.125,1.0,0.0,10.0,0.0,0.6229508196721312,0.5015479876160991,0.5519581606059016,2.721997778096256,0.45837998390197754,,,per_update,laplace_l1,,,,,,,,,,,2.0,,,,
S5,,32.0,10.0,0.01,1.0,101,gaussian,l1,0.528084861165855,per_update,l1,1.0,32.0,2.0,10.0,0.125,1.0,1.0000000000000002e-06,10.0,1e-05,0.6662763466042154,0.6218858045745803,0.683837376758613,0.8311259609168656,0.4745032787322998,,,per_update,gaussian_l1,,,,,,,,,,,2.0,,,,
S5,,32.0,10.0,0.01,1.0,202,gaussian,l1,0.528084861165855,per_update,l1,1.0,32.0,2.0,10.0,0.125,1.0,1.0000000000000002e-06,10.0,1e-05,0.5105386416861827,0.5682018272667377,0.6296957081970462,1.0656805201929196,0.458035945892334,,,per_update,gaussian_l1,,,,,,,,,,,2.0,,,,
S5,,32.0,10.0,0.01,1.0,303,gaussian,l1,0.528084861165855,per_update,l1,1.0,32.0,2.0,10.0,0.125,1.0,1.0000000000000002e-06,10.0,1e-05,0.6217798594847775,0.5,0.3722283442071447,2.2870506067849856,0.45104265213012695,,,per_update,gaussian_l1,,,,,,,,,,,2.0,,,,
S5,,32.0,10.0,0.01,1.0,404,gaussian,l1,0.528084861165855,per_update,l1,1.0,32.0,2.0,10.0,0.125,1.0,1.0000000000000002e-06,10.0,1e-05,0.6276346604215457,0.5768658935474279,0.6588188650422999,0.8463082368619417,0.43451833724975586,,,per_update,gaussian_l1,,,,,,,,,,,2.0,,,,
S5,,32.0,10.0,0.01,1.0,505,gaussian,l1,0.528084861165855,per_update,l1,1.0,32.0,2.0,10.0,0.125,1.0,1.0000000000000002e-06,10.0,1e-05,0.6182669789227166,0.5129407100336417,0.562178960195437,1.307837839484427,0.49477529525756836,,,per_update,gaussian_l1,,,,,,,,,,,2.0,,,,
S5,,32.0,10.0,0.01,4.0,101,laplace,l1,0.03125,per_update,l1,4.0,32.0,2.0,10.0,0.125,4.0,0.0,40.0,0.0,0.6405152224824356,0.5247678018575851,0.8488219551870704,1.31181975439278,0.48238682746887207,,,per_update,laplace_l1,,,,,,,,,,,2.0,,,,
S5,,32.0,10.0,0.01,4.0,202,laplace,l1,0.03125,per_update,l1,4.0,32.0,2.0,10.0,0.125,4.0,0.0,40.0,0.0,0.8079625292740047,0.7576510235375744,0.8987656912304024,0.8925985177494131,0.5380544662475586,,,per_update,laplace_l1,,,,,,,,,,,2.0,,,,
S5,,32.0,10.0,0.01,4.0,303,laplace,l1,0.03125,per_update,l1,4.0,32.0,2.0,10.0,0.125,4.0,0.0,40.0,0.0,0.6943793911007026,0.6020389125022593,0.910904712762298,0.9664851045531063,0.47667765617370605,,,per_update,laplace_l1,,,,,,,,,,,2.0,,,,
S5,,32.0,10.0,0.01,4.0,404,laplace,l1,0.03125,per_update,l1,4.0,32.0,2.0,10.0,0.125,4.0,0.0,40.0,0.0,0.7224824355971897,0.6379778792278136,0.8708727618314647,1.1260097201040078,0.5296356678009033,,,per_update,laplace_l1,,,,,,,,,,,2.0,,,,
S5,,32.0,10.0,0.01,4.0,505,laplace,l1,0.03125,per_update,l1,4.0,32.0,2.0,10.0,0.125,4.0,0.0,40.0,0.0,0.7224824355971897,0.6410097193798721,0.8345897978578883,1.4518881238563772,0.48622655868530273,,,per_update,laplace_l1,,,,,,,,,,,2.0,,,,
S5,,32.0,10.0,0.01,4.0,101,gaussian,l1,0.14918982339474823,per_update,l1,4.0,32.0,2.0,10.0,0.125,4.0,1.0000000000000002e-06,40.0,1e-05,0.680327868852459,0.5816439570178353,0.7960329537702682,1.112205031106785,0.4507122039794922,,,per_update,gaussian_l1,,,,,,,,,,,2.0,,,,
S5,,32.0,10.0,0.01,4.0,202,gaussian,l1,0.14918982339474823,per_update,l1,4.0,32.0,2.0,10.0,0.125,4.0,1.0000000000000002e-06,40.0,1e-05,0.7236533957845434,0.6492277553304997,0.8465597359966883,0.6271537568784641,0.44190096855163574,,,per_update,gaussian_l1,,,,,,,,,,,2.0,,,,
S5,,32.0,10.0,0.01,4.0,303,gaussian,l1,0.14918982339474823,per_update,l1,4.0,32.0,2.0,10.0,0.125,4.0,1.0000000000000002e-06,40.0,1e-05,0.6217798594847775,0.5,0.4669208748024931,3.0092491817533977,0.42177367210388184,,,per_update,gaussian_l1,,,,,,,,,,,2.0,,,,
S5,,32.0,10.0,0.01,4.0,404,gaussian,l1,0.14918982339474823,per_update,l1,4.0,32.0,2.0,10.0,0.125,4.0,1.0000000000000002e-06,40.0,1e-05,0.6639344262295082,0.5617912344836835,0.8253660072414336,1.0460180073945746,0.43154430389404297,,,per_update,gaussian_l1,,,,,,,,,,,2.0,,,,
S5,,32.0,10.0,0.01,4.0,505,gaussian,l1,0.14918982339474823,per_update,l1,4.0,32.0,2.0,10.0,0.125,4.0,1.0000000000000002e-06,40.0,1e-05,0.629976580796253,0.5114422813431052,0.6846011672584587,1.839980726926156,0.4507143497467041,,,per_update,gaussian_l1,,,,,,,,,,,2.0,,,,
S5,,32.0,10.0,0.01,8.0,101,laplace,l1,0.015625,per_update,l1,8.0,32.0,2.0,10.0,0.125,8.0,0.0,80.0,0.0,0.8805620608899297,0.8712109286176557,0.9517470978876237,0.3306125763357787,0.4517812728881836,,,per_update,laplace_l1,,,,,,,,,,,2.0,,,,
S5,,32.0,10.0,0.01,8.0,303,laplace,l1,0.015625,per_update,l1,8.0,32.0,2.0,10.0,0.125,8.0,0.0,80.0,0.0,0.9039812646370023,0.8942878965442853,0.9549072081999616,0.4135975763797664,0.4425480365753174,,,per_update,laplace_l1,,,,,,,,,,,2.0,,,,
S5,,32.0,10.0,0.01,8.0,202,laplace,l1,0.015625,per_update,l1,8.0,32.0,2.0,10.0,0.125,8.0,0.0,80.0,0.0,0.8723653395784543,0.8488540227271402,0.9464588690070141,0.6255544882302225,0.5100274085998535,,,per_update,laplace_l1,,,,,,,,,,,2.0,,,,
S5,,32.0,10.0,0.01,8.0,404,laplace,l1,0.015625,per_update,l1,8.0,32.0,2.0,10.0,0.125,8.0,0.0,80.0,0.0,0.8407494145199064,0.8197920857311107,0.9374449750164711,0.5064838346000453,0.46694231033325195,,,per_update,laplace_l1,,,,,,,,,,,2.0,,,,
S5,,32.0,10.0,0.01,8.0,505,laplace,l1,0.015625,per_update,l1,8.0,32.0,2.0,10.0,0.125,8.0,0.0,80.0,0.0,0.8337236533957846,0.7941322232134007,0.9344889308682139,0.7628407465994624,0.486039400100708,,,per_update,laplace_l1,,,,,,,,,,,2.0,,,,
S5,,32.0,10.0,0.01,8.0,202,gaussian,l1,0.081616923044777,per_update,l1,8.0,32.0,2.0,10.0,0.125,8.0,1.0000000000000002e-06,80.0,1e-05,0.7552693208430913,0.6867788447522929,0.9079778209231953,0.5935623150222656,0.4401576519012451,,,per_update,gaussian_l1,,,,,,,,,,,2.0,,,,
S5,,32.0,10.0,0.01,8.0,101,gaussian,l1,0.081616923044777,per_update,l1,8.0,32.0,2.0,10.0,0.125,8.0,1.0000000000000002e-06,80.0,1e-05,0.7201405152224825,0.6330627999043804,0.8627917417338629,0.9544866141039421,0.5355885028839111,,,per_update,gaussian_l1,,,,,,,,,,,2.0,,,,
S5,,32.0,10.0,0.01,8.0,303,gaussian,l1,0.081616923044777,per_update,l1,8.0,32.0,2.0,10.0,0.125,8.0,1.0000000000000002e-06,80.0,1e-05,0.6217798594847775,0.5,0.6217662801070473,2.550211653757493,0.45068955421447754,,,per_update,gaussian_l1,,,,,,,,,,,2.0,,,,
S5,,32.0,10.0,0.01,8.0,404,gaussian,l1,0.081616923044777,per_update,l1,8.0,32.0,2.0,10.0,0.125,8.0,1.0000000000000002e-06,80.0,1e-05,0.6850117096018735,0.5866231714214083,0.9004973383941742,1.0059159276838343,0.43088316917419434,,,per_update,gaussian_l1,,,,,,,,,,,2.0,,,,
S5,,32.0,10.0,0.01,8.0,505,gaussian,l1,0.081616923044777,per_update,l1,8.0,32.0,2.0,10.0,0.125,8.0,1.0000000000000002e-06,80.0,1e-05,0.6346604215456675,0.5170278637770898,0.7737839114236239,1.7040040166282426,0.42087459564208984,,,per_update,gaussian_l1,,,,,,,,,,,2.0,,,,
S5,,32.0,10.0,0.01,1.0,101,laplace,l1,0.25,per_update,l1,1.0,32.0,4.0,10.0,0.25,1.0,0.0,10.0,0.0,0.6721311475409836,0.5829354043133756,0.6058257974614168,1.1535868128568378,0.7363767623901367,,,per_update,laplace_l1,,,,,,,,,,,4.0,,,,
S5,,32.0,10.0,0.01,1.0,202,laplace,l1,0.25,per_update,l1,1.0,32.0,4.0,10.0,0.25,1.0,0.0,10.0,0.0,0.6182669789227166,0.5541737361016366,0.5594503040585844,1.3237694187019036,0.7741074562072754,,,per_update,laplace_l1,,,,,,,,,,,4.0,,,,
S5,,32.0,10.0,0.01,1.0,303,laplace,l1,0.25,per_update,l1,1.0,32.0,4.0,10.0,0.25,1.0,0.0,10.0,0.0,0.6241217798594848,0.5037023432626099,0.7480948965967594,2.125065159147971,0.7104477882385254,,,per_update,laplace_l1,,,,,,,,,,,4.0,,,,
S5,,32.0,10.0,0.01,1.0,404,laplace,l1,0.25,per_update,l1,1.0,32.0,4.0,10.0,0.25,1.0,0.0,10.0,0.0,0.6229508196721312,0.5015479876160991,0.690734813104546,1.4300436990658414,0.7924661636352539,,,per_update,laplace_l1,,,,,,,,,,,4.0,,,,
S5,,32.0,10.0,0.01,1.0,505,laplace,l1,0.25,per_update,l1,1.0,32.0,4.0,10.0,0.25,1.0,0.0,10.0,0.0,0.6182669789227166,0.5129407100336417,0.6434672590415886,1.9131399980824417,0.7577979564666748,,,per_update,laplace_l1,,,,,,,,,,,4.0,,,,
S5,,32.0,10.0,0.01,1.0,101,gaussian,l1,1.05616972233171,per_update,l1,1.0,32.0,4.0,10.0,0.25,1.0,1.0000000000000002e-06,10.0,1e-05,0.5995316159250585,0.5015130048451137,0.43809507151061433,1.3056098882670462,0.6532089710235596,,,per_update,gaussian_l1,,,,,,,,,,,4.0,,,,
S5,,32.0,10.0,0.01,1.0,202,gaussian,l1,1.05616972233171,per_update,l1,1.0,32.0,4.0,10.0,0.25,1.0,1.0000000000000002e-06,10.0,1e-05,0.5702576112412178,0.5004081323281617,0.5066146589471352,1.0599339100869778,0.6751272678375244,,,per_update,gaussian_l1,,,,,,,,,,,4.0,,,,
S5,,32.0,10.0,0.01,1.0,303,gaussian,l1,1.05616972233171,per_update,l1,1.0,32.0,4.0,10.0,0.25,1.0,1.0000000000000002e-06,10.0,1e-05,0.5327868852459017,0.49331829074180966,0.46448374175718454,1.040564939096184,0.7121925354003906,,,per_update,gaussian_l1,,,,,,,,,,,4.0,,,,
S5,,32.0,10.0,0.01,1.0,404,gaussian,l1,1.05616972233171,per_update,l1,1.0,32.0,4.0,10.0,0.25,1.0,1.0000000000000002e-06,10.0,1e-05,0.5620608899297423,0.5320179811442864,0.5404779812608957,0.8873593865426573,0.661128044128418,,,per_update,gaussian_l1,,,,,,,,,,,4.0,,,,
S5,,32.0,10.0,0.01,1.0,505,gaussian,l1,1.05616972233171,per_update,l1,1.0,32.0,4.0,10.0,0.25,1.0,1.0000000000000002e-06,10.0,1e-05,0.6229508196721312,0.5015479876160991,0.675266597867217,1.4534059772664665,0.6381664276123047,,,per_update,gaussian_l1,,,,,,,,,,,4.0,,,,
S5,,32.0,10.0,0.01,4.0,101,laplace,l1,0.0625,per_update,l1,4.0,32.0,4.0,10.0,0.25,4.0,0.0,40.0,0.0,0.689695550351288,0.5934214899162162,0.7425326360100984,1.3648877979187115,0.8002462387084961,,,per_update,laplace_l1,,,,,,,,,,,4.0,,,,
S5,,32.0,10.0,0.01,4.0,202,laplace,l1,0.0625,per_update,l1,4.0,32.0,4.0,10.0,0.25,4.0,0.0,40.0,0.0,0.7072599531615925,0.6208858803705841,0.828543608939264,1.2363266102089907,0.7404963970184326,,,per_update,laplace_l1,,,,,,,,,,,4.0,,,,
S5,,32.0,10.0,0.01,4.0,303,laplace,l1,0.0625,per_update,l1,4.0,32.0,4.0,10.0,0.25,4.0,0.0,40.0,0.0,0.6428571428571429,0.5278637770897833,0.8782832788185151,1.8994833480816593,0.7776694297790527,,,per_update,laplace_l1,,,,,,,,,,,4.0,,,,
S5,,32.0,10.0,0.01,4.0,404,laplace,l1,0.0625,per_update,l1,4.0,32.0,4.0,10.0,0.25,4.0,0.0,40.0,0.0,0.6451990632318502,0.5321724883828047,0.8730650154798761,1.2243041859530672,0.801642894744873,,,per_update,laplace_l1,,,,,,,,,,,4.0,,,,
S5,,32.0,10.0,0.01,4.0,505,laplace,l1,0.0625,per_update,l1,4.0,32.0,4.0,10.0,0.25,4.0,0.0,40.0,0.0,0.6920374707259953,0.6092511937870599,0.8167544151172214,1.1468454815914713,0.7317979335784912,,,per_update,laplace_l1,,,,,,,,,,,4.0,,,,
S5,,32.0,10.0,0.01,4.0,101,gaussian,l1,0.29837964678949647,per_update,l1,4.0,32.0,4.0,10.0,0.25,4.0,1.0000000000000002e-06,40.0,1e-05,0.629976580796253,0.5126550174039286,0.5429151143062042,1.8919866841052277,0.6656546592712402,,,per_update,gaussian_l1,,,,,,,,,,,4.0,,,,
S5,,32.0,10.0,0.01,4.0,202,gaussian,l1,0.29837964678949647,per_update,l1,4.0,32.0,4.0,10.0,0.25,4.0,1.0000000000000002e-06,40.0,1e-05,0.6194379391100703,0.5047868091631538,0.6145714902077393,1.3599579334063465,0.7036948204040527,,,per_update,gaussian_l1,,,,,,,,,,,4.0,,,,
S5,,32.0,10.0,0.01,4.0,303,gaussian,l1,0.29837964678949647,per_update,l1,4.0,32.0,4.0,10.0,0.25,4.0,1.0000000000000002e-06,40.0,1e-05,0.6206088992974239,0.5051220607184295,0.5672339706028114,1.3770831686070002,0.6458239555358887,,,per_update,gaussian_l1,,,,,,,,,,,4.0,,,,
S5,,32.0,10.0,0.01,4.0,404,gaussian,l1,0.29837964678949647,per_update,l1,4.0,32.0,4.0,10.0,0.25,4.0,1.0000000000000002e-06,40.0,1e-05,0.6358313817330211,0.533735052153481,0.6567257292450135,1.065111243846076,0.7382204532623291,,,per_update,gaussian_l1,,,,,,,,,,,4.0,,,,
S5,,32.0,10.0,0.01,4.0,505,gaussian,l1,0.29837964678949647,per_update,l1,4.0,32.0,4.0,10.0,0.25,4.0,1.0000000000000002e-06,40.0,1e-05,0.6217798594847775,0.5,0.7353903202672684,1.9609200538759284,0.6363120079040527,,,per_update,gaussian_l1,,,,,,,,,,,4.0,,,,
S5,,32.0,10.0,0.01,8.0,101,laplace,l1,0.03125,per_update,l1,8.0,32.0,4.0,10.0,0.25,8.0,0.0,80.0,0.0,0.8044496487119438,0.7657407893279227,0.8602788126847526,0.7790600452262325,0.770709753036499,,,per_update,laplace_l1,,,,,,,,,,,4.0,,,,
S5,,32.0,10.0,0.01,8.0,202,laplace,l1,0.03125,per_update,l1,8.0,32.0,4.0,10.0,0.25,8.0,0.0,80.0,0.0,0.8501170960187353,0.8285377784774333,0.9217726936150613,0.6013677777795641,0.7087407112121582,,,per_update,laplace_l1,,,,,,,,,,,4.0,,,,
S5,,32.0,10.0,0.01,8.0,303,laplace,l1,0.03125,per_update,l1,8.0,32.0,4.0,10.0,0.25,8.0,0.0,80.0,0.0,0.8372365339578455,0.7957443459096395,0.9424708331146909,0.6562938221070501,0.7342665195465088,,,per_update,laplace_l1,,,,,,,,,,,4.0,,,,
S5,,32.0,10.0,0.01,8.0,404,laplace,l1,0.03125,per_update,l1,8.0,32.0,4.0,10.0,0.25,8.0,0.0,80.0,0.0,0.8114754098360656,0.7610822503250483,0.9442782762822645,0.4815590079882561,0.7316224575042725,,,per_update,laplace_l1,,,,,,,,,,,4.0,,,,
S5,,32.0,10.0,0.01,8.0,505,laplace,l1,0.03125,per_update,l1,8.0,32.0,4.0,10.0,0.25,8.0,0.0,80.0,0.0,0.8501170960187353,0.838846034994432,0.9262096750683622,0.5120197877562819,0.761937141418457,,,per_update,laplace_l1,,,,,,,,,,,4.0,,,,
S5,,32.0,10.0,0.01,8.0,101,gaussian,l1,0.163233846089554,per_update,l1,8.0,32.0,4.0,10.0,0.25,8.0,1.0000000000000002e-06,80.0,1e-05,0.6276346604215457,0.5089526741413187,0.6661827383347037,1.970868745312937,0.6335601806640625,,,per_update,gaussian_l1,,,,,,,,,,,4.0,,,,
S5,,32.0,10.0,0.01,8.0,202,gaussian,l1,0.163233846089554,per_update,l1,8.0,32.0,4.0,10.0,0.25,8.0,1.0000000000000002e-06,80.0,1e-05,0.6288056206088993,0.5098942937270061,0.7015853025718167,1.5468026093752996,0.621105432510376,,,per_update,gaussian_l1,,,,,,,,,,,4.0,,,,
S5,,32.0,10.0,0.01,8.0,303,gaussian,l1,0.163233846089554,per_update,l1,8.0,32.0,4.0,10.0,0.25,8.0,1.0000000000000002e-06,80.0,1e-05,0.6217798594847775,0.5,0.6884900852996566,1.8911888450566592,0.653867244720459,,,per_update,gaussian_l1,,,,,,,,,,,4.0,,,,
S5,,32.0,10.0,0.01,8.0,404,gaussian,l1,0.163233846089554,per_update,l1,8.0,32.0,4.0,10.0,0.25,8.0,1.0000000000000002e-06,80.0,1e-05,0.6346604215456675,0.5230915440812067,0.7529458408400529,1.3938320208265307,0.6270389556884766,,,per_update,gaussian_l1,,,,,,,,,,,4.0,,,,
S5,,32.0,10.0,0.01,8.0,505,gaussian,l1,0.163233846089554,per_update,l1,8.0,32.0,4.0,10.0,0.25,8.0,1.0000000000000002e-06,80.0,1e-05,0.6217798594847775,0.5,0.7928261997632833,2.0627079173833165,0.6981422901153564,,,per_update,gaussian_l1,,,,,,,,,,,4.0,,,,
S6,,32.0,10.0,0.001,16.0,101,laplace,l1,0.00390625,per_update,l1,16.0,32.0,1.0,10.0,0.0625,16.0,0.0,160.0,0.0,0.6217798594847775,0.5,0.9161754502574149,1.012322409657075,0.34276795387268066,,,per_update,laplace_l1,,,,,,,,,,,,,,,
S6,,32.0,10.0,0.001,16.0,202,laplace,l1,0.00390625,per_update,l1,16.0,32.0,1.0,10.0,0.0625,16.0,0.0,160.0,0.0,0.6311475409836066,0.5123839009287926,0.9457650440491391,0.809492560752784,0.3837110996246338,,,per_update,laplace_l1,,,,,,,,,,,,,,,
S6,,32.0,10.0,0.001,16.0,303,laplace,l1,0.00390625,per_update,l1,16.0,32.0,1.0,10.0,0.0625,16.0,0.0,160.0,0.0,0.6217798594847775,0.5,0.9420452094010368,1.0096541382753113,0.355823278427124,,,per_update,laplace_l1,,,,,,,,,,,,,,,
S6,,32.0,10.0,0.01,16.0,101,laplace,l1,0.00390625,per_update,l1,16.0,32.0,1.0,10.0,0.0625,16.0,0.0,160.0,0.0,0.914519906323185,0.9088261531195886,0.9689819430597097,0.4310386121859428,0.35977816581726074,,,per_update,laplace_l1,,,,,,,,,,,,,,,
S6,,32.0,10.0,0.01,16.0,202,laplace,l1,0.00390625,per_update,l1,16.0,32.0,1.0,10.0,0.0625,16.0,0.0,160.0,0.0,0.9133489461358314,0.904246325351431,0.968970282136048,0.48436527448518396,0.3341407775878906,,,per_update,laplace_l1,,,,,,,,,,,,,,,
S6,,32.0,10.0,0.01,16.0,303,laplace,l1,0.00390625,per_update,l1,16.0,32.0,1.0,10.0,0.0625,16.0,0.0,160.0,0.0,0.9203747072599532,0.9165660912000839,0.9664340312396145,0.5186365094800981,0.40726685523986816,,,per_update,laplace_l1,,,,,,,,,,,,,,,
S6,,32.0,10.0,0.001,32.0,101,laplace,l1,0.001953125,per_update,l1,32.0,32.0,1.0,10.0,0.0625,32.0,0.0,320.0,0.0,0.7669789227166276,0.69740777666999,0.9616938657711077,0.5360252280977275,0.3577139377593994,,,per_update,laplace_l1,,,,,,,,,,,,,,,
S6,,32.0,10.0,0.001,32.0,202,laplace,l1,0.001953125,per_update,l1,32.0,32.0,1.0,10.0,0.0625,32.0,0.0,320.0,0.0,0.8782201405152225,0.8505302805035186,0.96739605744171,0.286776283460811,0.38622403144836426,,,per_update,laplace_l1,,,,,,,,,,,,,,,
S6,,32.0,10.0,0.001,32.0,303,laplace,l1,0.001953125,per_update,l1,32.0,32.0,1.0,10.0,0.0625,32.0,0.0,320.0,0.0,0.7845433255269321,0.7206275909114761,0.9719846309026139,0.44545853272091074,0.37387704849243164,,,per_update,laplace_l1,,,,,,,,,,,,,,,
S6,,32.0,10.0,0.01,32.0,101,laplace,l1,0.001953125,per_update,l1,32.0,32.0,1.0,10.0,0.0625,32.0,0.0,320.0,0.0,0.927400468384075,0.9240349128054433,0.976106767417047,0.4058616358489198,0.39232754707336426,,,per_update,laplace_l1,,,,,,,,,,,,,,,
S6,,32.0,10.0,0.01,32.0,202,laplace,l1,0.001953125,per_update,l1,32.0,32.0,1.0,10.0,0.0625,32.0,0.0,320.0,0.0,0.9238875878220141,0.9181782138963227,0.9726901167841505,0.4724894217875742,0.38583827018737793,,,per_update,laplace_l1,,,,,,,,,,,,,,,
S6,,32.0,10.0,0.01,32.0,303,laplace,l1,0.001953125,per_update,l1,32.0,32.0,1.0,10.0,0.0625,32.0,0.0,320.0,0.0,0.927400468384075,0.9197903365925615,0.9746608128829884,0.48334573526488017,0.35239529609680176,,,per_update,laplace_l1,,,,,,,,,,,,,,,
S6,,32.0,10.0,0.001,64.0,101,laplace,l1,0.0009765625,per_update,l1,64.0,32.0,1.0,10.0,0.0625,64.0,0.0,640.0,0.0,0.9297423887587822,0.9271308880376414,0.970101391731239,0.27422508690075725,0.3949623107910156,,,per_update,laplace_l1,,,,,,,,,,,,,,,
S6,,32.0,10.0,0.001,64.0,202,laplace,l1,0.0009765625,per_update,l1,64.0,32.0,1.0,10.0,0.0625,64.0,0.0,640.0,0.0,0.9309133489461359,0.9262534035320937,0.9725093724673932,0.27579609302650027,0.3537578582763672,,,per_update,laplace_l1,,,,,,,,,,,,,,,
S6,,32.0,10.0,0.001,64.0,303,laplace,l1,0.0009765625,per_update,l1,64.0,32.0,1.0,10.0,0.0625,64.0,0.0,640.0,0.0,0.9437939110070258,0.9481322115524771,0.9760018191040912,0.23304838567385067,0.3416917324066162,,,per_update,laplace_l1,,,,,,,,,,,,,,,
S6,,32.0,10.0,0.01,64.0,101,laplace,l1,0.0009765625,per_update,l1,64.0,32.0,1.0,10.0,0.0625,64.0,0.0,640.0,0.0,0.9379391100702577,0.9379668013503349,0.9814649618396273,0.3516611673777237,0.35027289390563965,,,per_update,laplace_l1,,,,,,,,,,,,,,,
S6,,32.0,10.0,0.01,64.0,202,laplace,l1,0.0009765625,per_update,l1,64.0,32.0,1.0,10.0,0.0625,64.0,0.0,640.0,0.0,0.9309133489461359,0.9292852436841522,0.9787129838554512,0.39020486480117184,0.35489678382873535,,,per_update,laplace_l1,,,,,,,,,,,,,,,
S6,,32.0,10.0,0.01,64.0,303,laplace,l1,0.0009765625,per_update,l1,64.0,32.0,1.0,10.0,0.0625,64.0,0.0,640.0,0.0,0.9309133489461359,0.9256470355016821,0.9817098412365244,0.3868284130576675,0.3902280330657959,,,per_update,laplace_l1,,,,,,,,,,,,,,,
S6,,32.0,10.0,0.001,128.0,101,laplace,l1,0.00048828125,per_update,l1,128.0,32.0,1.0,10.0,0.0625,128.0,0.0,1280.0,0.0,0.9332552693208431,0.931168482855527,0.9746141691883413,0.30309369258822694,0.38959479331970215,,,per_update,laplace_l1,,,,,,,,,,,,,,,
S6,,32.0,10.0,0.001,128.0,202,laplace,l1,0.00048828125,per_update,l1,128.0,32.0,1.0,10.0,0.0625,128.0,0.0,1280.0,0.0,0.9285714285714286,0.922551060269484,0.9747599307341134,0.31277697230559753,0.3802525997161865,,,per_update,laplace_l1,,,,,,,,,,,,,,,
S6,,32.0,10.0,0.001,128.0,303,laplace,l1,0.00048828125,per_update,l1,128.0,32.0,1.0,10.0,0.0625,128.0,0.0,1280.0,0.0,0.9402810304449649,0.9404564085521214,0.9768355751459074,0.27697875550845874,0.35517096519470215,,,per_update,laplace_l1,,,,,,,,,,,,,,,
S6,,32.0,10.0,0.01,128.0,101,laplace,l1,0.00048828125,per_update,l1,128.0,32.0,1.0,10.0,0.0625,128.0,0.0,1280.0,0.0,0.9426229508196722,0.9429460157539078,0.985418014960965,0.29880834259538464,0.35776209831237793,,,per_update,laplace_l1,,,,,,,,,,,,,,,
S6,,32.0,10.0,0.01,128.0,202,laplace,l1,0.00048828125,per_update,l1,128.0,32.0,1.0,10.0,0.0625,128.0,0.0,1280.0,0.0,0.9437939110070258,0.9475258435220654,0.9859689936039833,0.29783675706855567,0.35660290718078613,,,per_update,laplace_l1,,,,,,,,,,,,,,,
S2,laplace,64.0,10.0,0.001,0.2,101,laplace,l2,5.0,literal,l2,0.2,64.0,1.0,10.0,0.03125,0.33917408878037836,0.0,3.391740887803784,0.0,0.4379391100702576,0.48859853188971103,0.49221924868668854,0.6969689997607399,0.20514655113220215,,,,,,,,,,,,,,,,,,,
S6,,32.0,10.0,0.01,128.0,303,laplace,l1,0.00048828125,per_update,l1,128.0,32.0,1.0,10.0,0.0625,128.0,0.0,1280.0,0.0,0.9332552693208431,0.9281366427034685,0.98475625754316,0.34899358883105935,0.3677029609680176,,,per_update,laplace_l1,,,,,,,,,,,,,,,
S2,laplace,64.0,10.0,0.001,0.2,202,laplace,l2,5.0,literal,l2,0.2,64.0,1.0,10.0,0.03125,0.33917408878037836,0.0,3.391740887803784,0.0,0.4379391100702576,0.5455971267484098,0.683096908106091,0.7001367330552852,0.20935320854187012,,,,,,,,,,,,,,,,,,,
S2,gaussian,64.0,10.0,0.01,0.2,101,gaussian,l2,0.0171875,literal,l2,0.2,64.0,1.0,10.0,0.03125,9.806223865289986,1.0000000000000002e-06,98.06223865289986,1e-05,0.9285714285714286,0.9213383242086606,0.9784214607639071,0.2776993078199927,0.1981348991394043,1.1,1.1,,,,,,,,,,,,,,,,,
S2,laplace,64.0,10.0,0.001,0.2,303,laplace,l2,5.0,literal,l2,0.2,64.0,1.0,10.0,0.03125,0.33917408878037836,0.0,3.391740887803784,0.0,0.5257611241217799,0.4791794208019217,0.5069761475806499,0.692362761923307,0.19851279258728027,,,,,,,,,,,,,,,,,,,
S2,gaussian,64.0,10.0,0.01,0.2,202,gaussian,l2,0.0171875,literal,l2,0.2,64.0,1.0,10.0,0.03125,9.806223865289986,1.0000000000000002e-06,98.06223865289986,1e-05,0.9379391100702577,0.9373604333199232,0.9776401788785689,0.27358301944666996,0.20367717742919922,1.1,1.1,,,,,,,,,,,,,,,,,
S2,laplace,64.0,10.0,0.001,0.2,404,laplace,l2,5.0,literal,l2,0.2,64.0,1.0,10.0,0.03125,0.33917408878037836,0.0,3.391740887803784,0.0,0.4215456674473068,0.45419297662567854,0.4363109501903646,0.7030224084184604,0.21003437042236328,,,,,,,,,,,,,,,,,,,
S2,gaussian,64.0,10.0,0.01,0.2,303,gaussian,l2,0.0171875,literal,l2,0.2,64.0,1.0,10.0,0.03125,9.806223865289986,1.0000000000000002e-06,98.06223865289986,1e-05,0.9250585480093677,0.9185134654515984,0.9776635007258925,0.2851810425507264,0.21130967140197754,1.1,1.1,,,,,,,,,,,,,,,,,
S2,laplace,64.0,10.0,0.001,0.2,505,laplace,l2,5.0,literal,l2,0.2,64.0,1.0,10.0,0.03125,0.33917408878037836,0.0,3.391740887803784,0.0,0.45433255269320844,0.5345250797315655,0.541346720073697,0.6971509363955141,0.2679023742675781,,,,,,,,,,,,,,,,,,,
S2,gaussian,64.0,10.0,0.01,0.2,404,gaussian,l2,0.0171875,literal,l2,0.2,64.0,1.0,10.0,0.03125,9.806223865289986,1.0000000000000002e-06,98.06223865289986,1e-05,0.9285714285714286,0.922551060269484,0.979214403572907,0.2713813267129798,0.18865251541137695,1.1,1.1,,,,,,,,,,,,,,,,,
S3,,64.0,10.0,0.001,0.2,101,laplace,l1,0.15625,per_update,l1,0.2,64.0,1.0,10.0,0.03125,0.2,0.0,2.0,0.0,0.47306791569086654,0.48956055809180643,0.510025479118201,0.6932376647774988,0.19133424758911133,,,per_update,laplace_l1,,,,,,,,,,,,,,,
S3,,64.0,10.0,0.001,0.2,202,laplace,l1,0.15625,per_update,l1,0.2,64.0,1.0,10.0,0.03125,0.2,0.0,2.0,0.0,0.45081967213114754,0.5511039979476775,0.6955157918058689,0.6960907997194689,0.19919586181640625,,,per_update,laplace_l1,,,,,,,,,,,,,,,
S3,,64.0,10.0,0.001,0.2,303,laplace,l1,0.15625,per_update,l1,0.2,64.0,1.0,10.0,0.03125,0.2,0.0,2.0,0.0,0.544496487119438,0.48333070962550945,0.5213540664556039,0.6892393594978284,0.20430779457092285,,,per_update,laplace_l1,,,,,,,,,,,,,,,
S3,,64.0,10.0,0.001,0.2,404,laplace,l1,0.15625,per_update,l1,0.2,64.0,1.0,10.0,0.03125,0.2,0.0,2.0,0.0,0.45081967213114754,0.46257426550757086,0.44631019223032653,0.7000011782953566,0.19914031028747559,,,per_update,laplace_l1,,,,,,,,,,,,,,,
S3,,64.0,10.0,0.001,0.2,505,laplace,l1,0.15625,per_update,l1,0.2,64.0,1.0,10.0,0.03125,0.2,0.0,2.0,0.0,0.509367681498829,0.5533137429815815,0.567449697690554,0.6930145451423708,0.2308199405670166,,,per_update,laplace_l1,,,,,,,,,,,,,,,
S3,,64.0,10.0,0.001,0.2,101,gaussian,l1,0.5933999954357971,per_update,l1,0.2,64.0,1.0,10.0,0.03125,0.2,1.0000000000000002e-06,2.0,1e-05,0.563231850117096,0.5699480505850869,0.5946138193606315,0.6887252835681833,0.20871734619140625,,,per_update,gaussian_l1,,,,,,,,,,,,,,,
S3,,64.0,10.0,0.001,0.2,202,gaussian,l1,0.5933999954357971,per_update,l1,0.2,64.0,1.0,10.0,0.03125,0.2,1.0000000000000002e-06,2.0,1e-05,0.40398126463700235,0.5170774227026523,0.6351471900089205,0.7085256803258249,0.2418370246887207,,,per_update,gaussian_l1,,,,,,,,,,,,,,,
S3,,64.0,10.0,0.001,0.2,303,gaussian,l1,0.5933999954357971,per_update,l1,0.2,64.0,1.0,10.0,0.03125,0.2,1.0000000000000002e-06,2.0,1e-05,0.5023419203747073,0.5046118953082274,0.5141359547089724,0.6964489658213122,0.2060840129852295,,,per_update,gaussian_l1,,,,,,,,,,,,,,,
S3,,64.0,10.0,0.001,0.2,404,gaussian,l1,0.5933999954357971,per_update,l1,0.2,64.0,1.0,10.0,0.03125,0.2,1.0000000000000002e-06,2.0,1e-05,0.39227166276346603,0.48765108184219275,0.5398716132304839,0.7052848392521047,0.2143557071685791,,,per_update,gaussian_l1,,,,,,,,,,,,,,,
S3,,64.0,10.0,0.001,0.2,505,gaussian,l1,0.5933999954357971,per_update,l1,0.2,64.0,1.0,10.0,0.03125,0.2,1.0000000000000002e-06,2.0,1e-05,0.35714285714285715,0.43211593290304523,0.35076058374583846,0.7041894291170213,0.19632697105407715,,,per_update,gaussian_l1,,,,,,,,,,,,,,,
S3,,64.0,10.0,0.001,0.2,101,gaussian,l2,0.5933999954357971,per_update,l2,0.2,64.0,1.0,10.0,0.03125,0.2,1.0000000000000002e-06,2.0,1e-05,0.6217798594847775,0.5,0.6681126212007253,0.6651439677844049,0.19020462036132812,,,per_update,gaussian_l2,,,,,,,,,,,,,,,
S3,,64.0,10.0,0.001,0.2,202,gaussian,l2,0.5933999954357971,per_update,l2,0.2,64.0,1.0,10.0,0.03125,0.2,1.0000000000000002e-06,2.0,1e-05,0.7142857142857143,0.6914169771387592,0.759388501163177,0.6631093514820428,0.20087194442749023,,,per_update,gaussian_l2,,,,,,,,,,,,,,,
S3,,64.0,10.0,0.001,0.2,303,gaussian,l2,0.5933999954357971,per_update,l2,0.2,64.0,1.0,10.0,0.03125,0.2,1.0000000000000002e-06,2.0,1e-05,0.6334894613583139,0.532458181012518,0.6545451365202637,0.6640527804255504,0.2040998935699463,,,per_update,gaussian_l2,,,,,,,,,,,,,,,
S3,,64.0,10.0,0.001,0.2,404,gaussian,l2,0.5933999954357971,per_update,l2,0.2,64.0,1.0,10.0,0.03125,0.2,1.0000000000000002e-06,2.0,1e-05,0.6709601873536299,0.592302041244687,0.6662352124911814,0.666638513110874,0.1918048858642578,,,per_update,gaussian_l2,,,,,,,,,,,,,,,
S3,,64.0,10.0,0.001,0.2,505,gaussian,l2,0.5933999954357971,per_update,l2,0.2,64.0,1.0,10.0,0.03125,0.2,1.0000000000000002e-06,2.0,1e-05,0.6217798594847775,0.5,0.6031496154810423,0.670322022281359,0.23515868186950684,,,per_update,gaussian_l2,,,,,,,,,,,,,,,
S3,,64.0,10.0,0.01,0.2,101,laplace,l1,0.15625,per_update,l1,0.2,64.0,1.0,10.0,0.03125,0.2,0.0,2.0,0.0,0.6264637002341921,0.5850197944179159,0.6137552255514159,0.6504782039468744,0.24219107627868652,,,per_update,laplace_l1,,,,,,,,,,,,,,,
S3,,64.0,10.0,0.01,0.2,202,laplace,l1,0.15625,per_update,l1,0.2,64.0,1.0,10.0,0.03125,0.2,0.0,2.0,0.0,0.5667447306791569,0.5915703182849114,0.660544681744241,0.6809575189634839,0.21573972702026367,,,per_update,laplace_l1,,,,,,,,,,,,,,,
S3,,64.0,10.0,0.01,0.2,303,laplace,l1,0.15625,per_update,l1,0.2,64.0,1.0,10.0,0.03125,0.2,0.0,2.0,0.0,0.4601873536299766,0.5064893040177713,0.5156518747850016,0.9669267435540586,0.21152710914611816,,,per_update,laplace_l1,,,,,,,,,,,,,,,
S3,,64.0,10.0,0.01,0.2,404,laplace,l1,0.15625,per_update,l1,0.2,64.0,1.0,10.0,0.03125,0.2,0.0,2.0,0.0,0.6206088992974239,0.4990583804143126,0.4743022394803893,1.158894271629784,0.19594669342041016,,,per_update,laplace_l1,,,,,,,,,,,,,,,
S3,,64.0,10.0,0.01,0.2,505,laplace,l1,0.15625,per_update,l1,0.2,64.0,1.0,10.0,0.03125,0.2,0.0,2.0,0.0,0.6838407494145199,0.6123617451738352,0.675715543428195,0.7219082315369004,0.19723844528198242,,,per_update,laplace_l1,,,,,,,,,,,,,,,
S3,,64.0,10.0,0.01,0.2,101,gaussian,l1,0.5933999954357971,per_update,l1,0.2,64.0,1.0,10.0,0.03125,0.2,1.0000000000000002e-06,2.0,1e-05,0.4859484777517564,0.5405450315719508,0.5694961897931935,0.9384618883742979,0.19007611274719238,,,per_update,gaussian_l1,,,,,,,,,,,,,,,
S3,,64.0,10.0,0.01,0.2,202,gaussian,l1,0.5933999954357971,per_update,l1,0.2,64.0,1.0,10.0,0.03125,0.2,1.0000000000000002e-06,2.0,1e-05,0.351288056206089,0.43953519558284215,0.3707648982875933,1.0761947191388856,0.18866562843322754,,,per_update,gaussian_l1,,,,,,,,,,,,,,,
S3,,64.0,10.0,0.01,0.2,303,gaussian,l1,0.5933999954357971,per_update,l1,0.2,64.0,1.0,10.0,0.03125,0.2,1.0000000000000002e-06,2.0,1e-05,0.680327868852459,0.6453126002110627,0.7404686525219663,0.5729122789853098,0.1887054443359375,,,per_update,gaussian_l1,,,,,,,,,,,,,,,
S3,,64.0,10.0,0.01,0.2,404,gaussian,l1,0.5933999954357971,per_update,l1,0.2,64.0,1.0,10.0,0.03125,0.2,1.0000000000000002e-06,2.0,1e-05,0.3793911007025761,0.47426142624757306,0.41016715934069137,0.9294835915751449,0.18736004829406738,,,per_update,gaussian_l1,,,,,,,,,,,,,,,
S3,,64.0,10.0,0.01,0.2,505,gaussian,l1,0.5933999954357971,per_update,l1,0.2,64.0,1.0,10.0,0.03125,0.2,1.0000000000000002e-06,2.0,1e-05,0.6112412177985949,0.4933445278200486,0.4824765469672852,0.8707760624394638,0.18860244750976562,,,per_update,gaussian_l1,,,,,,,,,,,,,,,
S3,,64.0,10.0,0.01,0.2,101,gaussian,l2,0.5933999954357971,per_update,l2,0.2,64.0,1.0,10.0,0.03125,0.2,1.0000000000000002e-06,2.0,1e-05,0.7142857142857143,0.6392693265233539,0.7963536291709667,0.6441361969581434,0.19112062454223633,,,per_update,gaussian_l2,,,,,,,,,,,,,,,
S3,,64.0,10.0,0.01,0.2,202,gaussian,l2,0.5933999954357971,per_update,l2,0.2,64.0,1.0,10.0,0.03125,0.2,1.0000000000000002e-06,2.0,1e-05,0.6569086651053864,0.5512905727262656,0.8648848775311493,0.6627496982289859,0.19653081893920898,,,per_update,gaussian_l2,,,,,,,,,,,,,,,
S3,,64.0,10.0,0.01,0.2,303,gaussian,l2,0.5933999954357971,per_update,l2,0.2,64.0,1.0,10.0,0.03125,0.2,1.0000000000000002e-06,2.0,1e-05,0.7236533957845434,0.6419513389655594,0.9177555054135839,0.5521392369979949,0.19208741188049316,,,per_update,gaussian_l2,,,,,,,,,,,,,,,
S3,,64.0,10.0,0.01,0.2,404,gaussian,l2,0.5933999954357971,per_update,l2,0.2,64.0,1.0,10.0,0.03125,0.2,1.0000000000000002e-06,2.0,1e-05,0.6814988290398126,0.5831919446339344,0.7985633742048707,0.6453708107713824,0.18650317192077637,,,per_update,gaussian_l2,,,,,,,,,,,,,,,
S3,,64.0,10.0,0.01,0.2,505,gaussian,l2,0.5933999954357971,per_update,l2,0.2,64.0,1.0,10.0,0.03125,0.2,1.0000000000000002e-06,2.0,1e-05,0.6229508196721312,0.5015479876160991,0.8192032090861917,0.855114372731481,0.19203424453735352,,,per_update,gaussian_l2,,,,,,,,,,,,,,,
S3,,64.0,10.0,0.001,0.5,101,laplace,l1,0.0625,per_update,l1,0.5,64.0,1.0,10.0,0.03125,0.5,0.0,5.0,0.0,0.6241217798594848,0.5425098972089579,0.5542320407199455,0.6837528293517973,0.20052671432495117,,,per_update,laplace_l1,,,,,,,,,,,,,,,
S3,,64.0,10.0,0.001,0.5,202,laplace,l1,0.0625,per_update,l1,0.5,64.0,1.0,10.0,0.03125,0.5,0.0,5.0,0.0,0.5491803278688525,0.6180726825371837,0.7318687213214159,0.6834478153471474,0.19777989387512207,,,per_update,laplace_l1,,,,,,,,,,,,,,,
S3,,64.0,10.0,0.001,0.5,303,laplace,l1,0.0625,per_update,l1,0.5,64.0,1.0,10.0,0.03125,0.5,0.0,5.0,0.0,0.5925058548009368,0.5031397036959298,0.5704698769189507,0.6800805291988345,0.1992640495300293,,,per_update,laplace_l1,,,,,,,,,,,,,,,
S3,,64.0,10.0,0.001,0.5,404,laplace,l1,0.0625,per_update,l1,0.5,64.0,1.0,10.0,0.03125,0.5,0.0,5.0,0.0,0.5480093676814989,0.5043466092949223,0.4813046241392781,0.6906732837608685,0.1994013786315918,,,per_update,laplace_l1,,,,,,,,,,,,,,,
S3,,64.0,10.0,0.001,0.5,505,laplace,l1,0.0625,per_update,l1,0.5,64.0,1.0,10.0,0.03125,0.5,0.0,5.0,0.0,0.6323185011709602,0.5460693941567112,0.6386104843364643,0.6821163303108981,0.19648957252502441,,,per_update,laplace_l1,,,,,,,,,,,,,,,
S3,,64.0,10.0,0.001,0.5,101,gaussian,l1,0.2518005775226567,per_update,l1,0.5,64.0,1.0,10.0,0.03125,0.5,1.0000000000000002e-06,5.0,1e-05,0.6346604215456675,0.5928238675785509,0.608134660346446,0.6855123180849919,0.18667054176330566,,,per_update,gaussian_l1,,,,,,,,,,,,,,,
S2,gaussian,64.0,10.0,0.01,0.2,505,gaussian,l2,0.0171875,literal,l2,0.2,64.0,1.0,10.0,0.03125,9.806223865289986,1.0000000000000002e-06,98.06223865289986,1e-05,0.9391100702576113,0.9370893168447872,0.9802230734696495,0.22633147709497525,0.19565176963806152,1.1,1.1,,,,,,,,,,,,,,,,,
S3,,64.0,10.0,0.001,0.5,202,gaussian,l1,0.2518005775226567,per_update,l1,0.5,64.0,1.0,10.0,0.03125,0.5,1.0000000000000002e-06,5.0,1e-05,0.42505854800936765,0.5334202072146135,0.6478575968002426,0.7038990154755527,0.1803114414215088,,,per_update,gaussian_l1,,,,,,,,,,,,,,,
S3,,64.0,10.0,0.001,0.5,303,gaussian,l1,0.2518005775226567,per_update,l1,0.5,64.0,1.0,10.0,0.03125,0.5,1.0000000000000002e-06,5.0,1e-05,0.5199063231850117,0.5066088284853043,0.5241818404435815,0.6930563800669479,0.19003891944885254,,,per_update,gaussian_l1,,,,,,,,,,,,,,,
S3,,64.0,10.0,0.001,0.5,404,gaussian,l1,0.2518005775226567,per_update,l1,0.5,64.0,1.0,10.0,0.03125,0.5,1.0000000000000002e-06,5.0,1e-05,0.4028103044496487,0.4870301376572038,0.551106913178593,0.7017103535610837,0.22441458702087402,,,per_update,gaussian_l1,,,,,,,,,,,,,,,
S3,,64.0,10.0,0.001,0.5,505,gaussian,l1,0.2518005775226567,per_update,l1,0.5,64.0,1.0,10.0,0.03125,0.5,1.0000000000000002e-06,5.0,1e-05,0.3840749414519906,0.42163567776203553,0.37759236909155575,0.7001126518409787,0.21024346351623535,,,per_update,gaussian_l1,,,,,,,,,,,,,,,
S3,,64.0,10.0,0.001,0.5,101,gaussian,l2,0.2518005775226567,per_update,l2,0.5,64.0,1.0,10.0,0.03125,0.5,1.0000000000000002e-06,5.0,1e-05,0.6217798594847775,0.5,0.7023082798388459,0.6445445976689063,0.2025444507598877,,,per_update,gaussian_l2,,,,,,,,,,,,,,,
S3,,64.0,10.0,0.001,0.5,202,gaussian,l2,0.2518005775226567,per_update,l2,0.5,64.0,1.0,10.0,0.03125,0.5,1.0000000000000002e-06,5.0,1e-05,0.6463700234192038,0.5325077399380805,0.8426416656463359,0.6134140270776338,0.20396876335144043,,,per_update,gaussian_l2,,,,,,,,,,,,,,,
S3,,64.0,10.0,0.001,0.5,303,gaussian,l2,0.2518005775226567,per_update,l2,0.5,64.0,1.0,10.0,0.03125,0.5,1.0000000000000002e-06,5.0,1e-05,0.6217798594847775,0.5,0.8224507763259927,0.6341894180136449,0.20755243301391602,,,per_update,gaussian_l2,,,,,,,,,,,,,,,
S3,,64.0,10.0,0.001,0.5,404,gaussian,l2,0.2518005775226567,per_update,l2,0.5,64.0,1.0,10.0,0.03125,0.5,1.0000000000000002e-06,5.0,1e-05,0.6311475409836066,0.5123839009287926,0.7653588940779998,0.6255346595669404,0.2019965648651123,,,per_update,gaussian_l2,,,,,,,,,,,,,,,
S3,,64.0,10.0,0.01,0.5,101,laplace,l1,0.0625,per_update,l1,0.5,64.0,1.0,10.0,0.03125,0.5,0.0,5.0,0.0,0.6651053864168618,0.5597010139173124,0.7413198999492749,0.6462979980655477,0.22186708450317383,,,per_update,laplace_l1,,,,,,,,,,,,,,,
S3,,64.0,10.0,0.001,0.5,505,gaussian,l2,0.2518005775226567,per_update,l2,0.5,64.0,1.0,10.0,0.03125,0.5,1.0000000000000002e-06,5.0,1e-05,0.6217798594847775,0.5,0.740188790354084,0.6400153241929837,0.2265486717224121,,,per_update,gaussian_l2,,,,,,,,,,,,,,,
S3,,64.0,10.0,0.01,0.5,202,laplace,l1,0.0625,per_update,l1,0.5,64.0,1.0,10.0,0.03125,0.5,0.0,5.0,0.0,0.7060889929742389,0.6338907254843656,0.7803431809833656,0.5616187606285599,0.22150683403015137,,,per_update,laplace_l1,,,,,,,,,,,,,,,
S3,,64.0,10.0,0.01,0.5,303,laplace,l1,0.0625,per_update,l1,0.5,64.0,1.0,10.0,0.03125,0.5,0.0,5.0,0.0,0.5796252927400468,0.5588760035682426,0.5860430404692355,0.7799030283904499,0.2028818130493164,,,per_update,laplace_l1,,,,,,,,,,,,,,,
S3,,64.0,10.0,0.01,0.5,404,laplace,l1,0.0625,per_update,l1,0.5,64.0,1.0,10.0,0.03125,0.5,0.0,5.0,0.0,0.6217798594847775,0.5,0.5553981330861217,1.4391294471816722,0.22018837928771973,,,per_update,laplace_l1,,,,,,,,,,,,,,,
S3,,64.0,10.0,0.01,0.5,505,laplace,l1,0.0625,per_update,l1,0.5,64.0,1.0,10.0,0.03125,0.5,0.0,5.0,0.0,0.6639344262295082,0.5599721303924484,0.7329298653746363,0.9747010689922462,0.23485374450683594,,,per_update,laplace_l1,,,,,,,,,,,,,,,
S3,,64.0,10.0,0.01,0.5,101,gaussian,l1,0.2518005775226567,per_update,l1,0.5,64.0,1.0,10.0,0.03125,0.5,1.0000000000000002e-06,5.0,1e-05,0.5468384074941453,0.5682863689632855,0.5904333782278894,0.8197515478602523,0.1909193992614746,,,per_update,gaussian_l1,,,,,,,,,,,,,,,
S3,,64.0,10.0,0.01,0.5,202,gaussian,l1,0.2518005775226567,per_update,l1,0.5,64.0,1.0,10.0,0.03125,0.5,1.0000000000000002e-06,5.0,1e-05,0.3477751756440281,0.40699830333560716,0.4056193991126037,0.922304295423213,0.1889972686767578,,,per_update,gaussian_l1,,,,,,,,,,,,,,,
S3,,64.0,10.0,0.01,0.5,303,gaussian,l1,0.2518005775226567,per_update,l1,0.5,64.0,1.0,10.0,0.03125,0.5,1.0000000000000002e-06,5.0,1e-05,0.6721311475409836,0.5987009731040795,0.7781217750257997,0.5597765577938564,0.18565964698791504,,,per_update,gaussian_l1,,,,,,,,,,,,,,,
S3,,64.0,10.0,0.01,0.5,404,gaussian,l1,0.2518005775226567,per_update,l1,0.5,64.0,1.0,10.0,0.03125,0.5,1.0000000000000002e-06,5.0,1e-05,0.40398126463700235,0.4625042999656003,0.4331741617253503,0.8355732691649905,0.2010953426361084,,,per_update,gaussian_l1,,,,,,,,,,,,,,,
S3,,64.0,10.0,0.01,0.5,505,gaussian,l1,0.2518005775226567,per_update,l1,0.5,64.0,1.0,10.0,0.03125,0.5,1.0000000000000002e-06,5.0,1e-05,0.6229508196721312,0.5015479876160991,0.5199664165398541,0.9356320530043123,0.18697094917297363,,,per_update,gaussian_l1,,,,,,,,,,,,,,,
S3,,64.0,10.0,0.01,0.5,101,gaussian,l2,0.2518005775226567,per_update,l2,0.5,64.0,1.0,10.0,0.03125,0.5,1.0000000000000002e-06,5.0,1e-05,0.8524590163934426,0.8467929544699235,0.9206649058671937,0.3783603590975697,0.19924092292785645,,,per_update,gaussian_l2,,,,,,,,,,,,,,,
S3,,64.0,10.0,0.01,0.5,202,gaussian,l2,0.2518005775226567,per_update,l2,0.5,64.0,1.0,10.0,0.03125,0.5,1.0000000000000002e-06,5.0,1e-05,0.8711943793911007,0.8636779719321568,0.9422434451032866,0.316186116953824,0.1914067268371582,,,per_update,gaussian_l2,,,,,,,,,,,,,,,
S3,,64.0,10.0,0.01,0.5,303,gaussian,l2,0.2518005775226567,per_update,l2,0.5,64.0,1.0,10.0,0.03125,0.5,1.0000000000000002e-06,5.0,1e-05,0.8911007025761124,0.8760472967063722,0.9610641758933726,0.2638173025015703,0.19490337371826172,,,per_update,gaussian_l2,,,,,,,,,,,,,,,
S3,,64.0,10.0,0.01,0.5,404,gaussian,l2,0.2518005775226567,per_update,l2,0.5,64.0,1.0,10.0,0.03125,0.5,1.0000000000000002e-06,5.0,1e-05,0.8629976580796253,0.835863753767936,0.9387743203139121,0.3203066333856625,0.189971923828125,,,per_update,gaussian_l2,,,,,,,,,,,,,,,
S3,,64.0,10.0,0.01,0.5,505,gaussian,l2,0.2518005775226567,per_update,l2,0.5,64.0,1.0,10.0,0.03125,0.5,1.0000000000000002e-06,5.0,1e-05,0.8360655737704918,0.7911645181414819,0.9364421355815593,0.38828153512283553,0.18625664710998535,,,per_update,gaussian_l2,,,,,,,,,,,,,,,
S3,,64.0,10.0,0.001,1.0,101,laplace,l1,0.03125,per_update,l1,1.0,64.0,1.0,10.0,0.03125,1.0,0.0,10.0,0.0,0.6217798594847775,0.5,0.6147289126771732,0.6703488422506221,0.1978769302368164,,,per_update,laplace_l1,,,,,,,,,,,,,,,
S3,,64.0,10.0,0.001,1.0,202,laplace,l1,0.03125,per_update,l1,1.0,64.0,1.0,10.0,0.03125,1.0,0.0,10.0,0.0,0.7236533957845434,0.7080454542804335,0.7758887081445722,0.6643186130474523,0.1984541416168213,,,per_update,laplace_l1,,,,,,,,,,,,,,,
S3,,64.0,10.0,0.001,1.0,303,laplace,l1,0.03125,per_update,l1,1.0,64.0,1.0,10.0,0.03125,1.0,0.0,10.0,0.0,0.6194379391100703,0.5035740731023305,0.6502655775363967,0.6668878516975726,0.20597219467163086,,,per_update,laplace_l1,,,,,,,,,,,,,,,
S3,,64.0,10.0,0.001,1.0,404,laplace,l1,0.03125,per_update,l1,1.0,64.0,1.0,10.0,0.03125,1.0,0.0,10.0,0.0,0.6206088992974239,0.5245258376916035,0.5351664305329625,0.6767100625372025,0.19667315483093262,,,per_update,laplace_l1,,,,,,,,,,,,,,,
S3,,64.0,10.0,0.001,1.0,505,laplace,l1,0.03125,per_update,l1,1.0,64.0,1.0,10.0,0.03125,1.0,0.0,10.0,0.0,0.6217798594847775,0.5,0.7227906922507332,0.6665695605467452,0.20011568069458008,,,per_update,laplace_l1,,,,,,,,,,,,,,,
S3,,64.0,10.0,0.001,1.0,101,gaussian,l1,0.13202121529146374,per_update,l1,1.0,64.0,1.0,10.0,0.03125,1.0,1.0000000000000002e-06,10.0,1e-05,0.6440281030444965,0.545783701526998,0.6266930203541423,0.6807341697041063,0.18720102310180664,,,per_update,gaussian_l1,,,,,,,,,,,,,,,
S3,,64.0,10.0,0.001,1.0,202,gaussian,l1,0.13202121529146374,per_update,l1,1.0,64.0,1.0,10.0,0.03125,1.0,1.0000000000000002e-06,10.0,1e-05,0.4648711943793911,0.5593715928238676,0.6675645577886224,0.6968011056855933,0.18570256233215332,,,per_update,gaussian_l1,,,,,,,,,,,,,,,
S3,,64.0,10.0,0.001,1.0,303,gaussian,l1,0.13202121529146374,per_update,l1,1.0,64.0,1.0,10.0,0.03125,1.0,1.0000000000000002e-06,10.0,1e-05,0.5667447306791569,0.5321462513045658,0.5409852314401824,0.6879269755925299,0.19109773635864258,,,per_update,gaussian_l1,,,,,,,,,,,,,,,
S3,,64.0,10.0,0.001,1.0,404,gaussian,l1,0.13202121529146374,per_update,l1,1.0,64.0,1.0,10.0,0.03125,1.0,1.0000000000000002e-06,10.0,1e-05,0.44379391100702575,0.506646726487205,0.5683184365033555,0.6962150798712675,0.19727277755737305,,,per_update,gaussian_l1,,,,,,,,,,,,,,,
S3,,64.0,10.0,0.001,1.0,505,gaussian,l1,0.13202121529146374,per_update,l1,1.0,64.0,1.0,10.0,0.03125,1.0,1.0000000000000002e-06,10.0,1e-05,0.5,0.46028289400803435,0.42396203203255733,0.6940123796319478,0.20192289352416992,,,per_update,gaussian_l1,,,,,,,,,,,,,,,
S3,,64.0,10.0,0.001,1.0,101,gaussian,l2,0.13202121529146374,per_update,l2,1.0,64.0,1.0,10.0,0.03125,1.0,1.0000000000000002e-06,10.0,1e-05,0.6217798594847775,0.5,0.7427075498650249,0.6254495952666812,0.22714614868164062,,,per_update,gaussian_l2,,,,,,,,,,,,,,,
S3,,64.0,10.0,0.001,1.0,202,gaussian,l2,0.13202121529146374,per_update,l2,1.0,64.0,1.0,10.0,0.03125,1.0,1.0000000000000002e-06,10.0,1e-05,0.6252927400468384,0.5046439628482973,0.8979844093450642,0.5629125496736894,0.19904494285583496,,,per_update,gaussian_l2,,,,,,,,,,,,,,,
S3,,64.0,10.0,0.001,1.0,303,gaussian,l2,0.13202121529146374,per_update,l2,1.0,64.0,1.0,10.0,0.03125,1.0,1.0000000000000002e-06,10.0,1e-05,0.6217798594847775,0.5,0.9083509704803716,0.6028054934365994,0.19435381889343262,,,per_update,gaussian_l2,,,,,,,,,,,,,,,
S3,,64.0,10.0,0.001,1.0,404,gaussian,l2,0.13202121529146374,per_update,l2,1.0,64.0,1.0,10.0,0.03125,1.0,1.0000000000000002e-06,10.0,1e-05,0.6217798594847775,0.5,0.8349629474150648,0.6013394486657122,0.19785475730895996,,,per_update,gaussian_l2,,,,,,,,,,,,,,,
S3,,64.0,10.0,0.001,1.0,505,gaussian,l2,0.13202121529146374,per_update,l2,1.0,64.0,1.0,10.0,0.03125,1.0,1.0000000000000002e-06,10.0,1e-05,0.6217798594847775,0.5,0.826776979004507,0.6242924674036302,0.20201826095581055,,,per_update,gaussian_l2,,,,,,,,,,,,,,,
S3,,64.0,10.0,0.01,1.0,101,laplace,l1,0.03125,per_update,l1,1.0,64.0,1.0,10.0,0.03125,1.0,0.0,10.0,0.0,0.6311475409836066,0.5123839009287926,0.8519062694956067,0.969277579002375,0.1977226734161377,,,per_update,laplace_l1,,,,,,,,,,,,,,,
S3,,64.0,10.0,0.01,1.0,202,laplace,l1,0.03125,per_update,l1,1.0,64.0,1.0,10.0,0.03125,1.0,0.0,10.0,0.0,0.6463700234192038,0.5331141079684921,0.8606344708564365,0.8396462770028112,0.24795222282409668,,,per_update,laplace_l1,,,,,,,,,,,,,,,
S3,,64.0,10.0,0.01,1.0,303,laplace,l1,0.03125,per_update,l1,1.0,64.0,1.0,10.0,0.03125,1.0,0.0,10.0,0.0,0.6721311475409836,0.5738398838572003,0.7057191000099118,0.8801901998619096,0.2565956115722656,,,per_update,laplace_l1,,,,,,,,,,,,,,,
S3,,64.0,10.0,0.01,1.0,404,laplace,l1,0.03125,per_update,l1,1.0,64.0,1.0,10.0,0.03125,1.0,0.0,10.0,0.0,0.6217798594847775,0.5,0.6637630966748875,1.7867994244585268,0.20442557334899902,,,per_update,laplace_l1,,,,,,,,,,,,,,,
S3,,64.0,10.0,0.01,1.0,505,laplace,l1,0.03125,per_update,l1,1.0,64.0,1.0,10.0,0.03125,1.0,0.0,10.0,0.0,0.6416861826697893,0.528741261595331,0.8169643117431332,1.3044760765082246,0.21199679374694824,,,per_update,laplace_l1,,,,,,,,,,,,,,,
S3,,64.0,10.0,0.01,1.0,101,gaussian,l1,0.13202121529146374,per_update,l1,1.0,64.0,1.0,10.0,0.03125,1.0,1.0000000000000002e-06,10.0,1e-05,0.6428571428571429,0.6048725169520678,0.6193932821418785,0.7528786726160298,0.18428707122802734,,,per_update,gaussian_l1,,,,,,,,,,,,,,,
S3,,64.0,10.0,0.01,1.0,202,gaussian,l1,0.13202121529146374,per_update,l1,1.0,64.0,1.0,10.0,0.03125,1.0,1.0000000000000002e-06,10.0,1e-05,0.5339578454332553,0.513663687300671,0.49246412808358553,0.7433182847134516,0.19777250289916992,,,per_update,gaussian_l1,,,,,,,,,,,,,,,
S3,,64.0,10.0,0.01,1.0,303,gaussian,l1,0.13202121529146374,per_update,l1,1.0,64.0,1.0,10.0,0.03125,1.0,1.0000000000000002e-06,10.0,1e-05,0.6733021077283372,0.5766006075341228,0.8158040498387877,0.6436945228511548,0.19432830810546875,,,per_update,gaussian_l1,,,,,,,,,,,,,,,
S3,,64.0,10.0,0.01,1.0,404,gaussian,l1,0.13202121529146374,per_update,l1,1.0,64.0,1.0,10.0,0.03125,1.0,1.0000000000000002e-06,10.0,1e-05,0.4847775175644028,0.46926472045850753,0.48168360415828537,0.7325563857027467,0.19278669357299805,,,per_update,gaussian_l1,,,,,,,,,,,,,,,
S3,,64.0,10.0,0.01,1.0,505,gaussian,l1,0.13202121529146374,per_update,l1,1.0,64.0,1.0,10.0,0.03125,1.0,1.0000000000000002e-06,10.0,1e-05,0.6217798594847775,0.5,0.5750992636126707,1.0903841631942928,0.2081773281097412,,,per_update,gaussian_l1,,,,,,,,,,,,,,,
S3,,64.0,10.0,0.01,1.0,101,gaussian,l2,0.13202121529146374,per_update,l2,1.0,64.0,1.0,10.0,0.03125,1.0,1.0000000000000002e-06,10.0,1e-05,0.8934426229508197,0.8864196883035105,0.9535428801315351,0.3269708275805129,0.1891319751739502,,,per_update,gaussian_l2,,,,,,,,,,,,,,,
S3,,64.0,10.0,0.01,1.0,202,gaussian,l2,0.13202121529146374,per_update,l2,1.0,64.0,1.0,10.0,0.03125,1.0,1.0000000000000002e-06,10.0,1e-05,0.9074941451990632,0.9049955396966993,0.9581547754397625,0.3127130719540761,0.19045019149780273,,,per_update,gaussian_l2,,,,,,,,,,,,,,,
S3,,64.0,10.0,0.01,1.0,303,gaussian,l2,0.13202121529146374,per_update,l2,1.0,64.0,1.0,10.0,0.03125,1.0,1.0000000000000002e-06,10.0,1e-05,0.914519906323185,0.9021561047850599,0.9696407852465994,0.25822214893030615,0.1846146583557129,,,per_update,gaussian_l2,,,,,,,,,,,,,,,
S3,,64.0,10.0,0.01,1.0,404,gaussian,l2,0.13202121529146374,per_update,l2,1.0,64.0,1.0,10.0,0.03125,1.0,1.0000000000000002e-06,10.0,1e-05,0.9039812646370023,0.8930751604834619,0.961239089748299,0.28305090472047384,0.20046114921569824,,,per_update,gaussian_l2,,,,,,,,,,,,,,,
S3,,64.0,10.0,0.01,1.0,505,gaussian,l2,0.13202121529146374,per_update,l2,1.0,64.0,1.0,10.0,0.03125,1.0,1.0000000000000002e-06,10.0,1e-05,0.8805620608899297,0.859083568009422,0.9575950511039979,0.3017232344660743,0.23903155326843262,,,per_update,gaussian_l2,,,,,,,,,,,,,,,
S3,,64.0,10.0,0.001,2.0,101,laplace,l1,0.015625,per_update,l1,2.0,64.0,1.0,10.0,0.03125,2.0,0.0,20.0,0.0,0.6217798594847775,0.5,0.6930786587605605,0.6510411802256935,0.2158188819885254,,,per_update,laplace_l1,,,,,,,,,,,,,,,
S3,,64.0,10.0,0.001,2.0,202,laplace,l1,0.015625,per_update,l1,2.0,64.0,1.0,10.0,0.03125,2.0,0.0,20.0,0.0,0.6627634660421545,0.5553923026242908,0.8260948149702938,0.6323231213236377,0.20953989028930664,,,per_update,laplace_l1,,,,,,,,,,,,,,,
S3,,64.0,10.0,0.001,2.0,303,laplace,l1,0.015625,per_update,l1,2.0,64.0,1.0,10.0,0.03125,2.0,0.0,20.0,0.0,0.6217798594847775,0.5,0.7690145936459627,0.6473449025187861,0.2127072811126709,,,per_update,laplace_l1,,,,,,,,,,,,,,,
S3,,64.0,10.0,0.001,2.0,404,laplace,l1,0.015625,per_update,l1,2.0,64.0,1.0,10.0,0.03125,2.0,0.0,20.0,0.0,0.6252927400468384,0.5046439628482973,0.6264831237282306,0.6541810829511939,0.22663497924804688,,,per_update,laplace_l1,,,,,,,,,,,,,,,
S3,,64.0,10.0,0.001,2.0,505,laplace,l1,0.015625,per_update,l1,2.0,64.0,1.0,10.0,0.03125,2.0,0.0,20.0,0.0,0.6217798594847775,0.5,0.7805938908420935,0.6432203493015117,0.20180606842041016,,,per_update,laplace_l1,,,,,,,,,,,,,,,
S3,,64.0,10.0,0.001,2.0,101,gaussian,l1,0.06970238347457562,per_update,l1,2.0,64.0,1.0,10.0,0.03125,2.0,1.0000000000000002e-06,20.0,1e-05,0.6241217798594848,0.5030959752321982,0.6516882102231317,0.6726617527750262,0.19597554206848145,,,per_update,gaussian_l1,,,,,,,,,,,,,,,
S3,,64.0,10.0,0.001,2.0,202,gaussian,l1,0.06970238347457562,per_update,l1,2.0,64.0,1.0,10.0,0.03125,2.0,1.0000000000000002e-06,20.0,1e-05,0.5655737704918032,0.6239789403718669,0.7018360124305447,0.6840881189625536,0.22610783576965332,,,per_update,gaussian_l1,,,,,,,,,,,,,,,
S3,,64.0,10.0,0.001,2.0,303,gaussian,l1,0.06970238347457562,per_update,l1,2.0,64.0,1.0,10.0,0.03125,2.0,1.0000000000000002e-06,20.0,1e-05,0.607728337236534,0.5414545836175684,0.5734783952236857,0.6789474245107684,0.21062898635864258,,,per_update,gaussian_l1,,,,,,,,,,,,,,,
S3,,64.0,10.0,0.001,2.0,404,gaussian,l1,0.06970238347457562,per_update,l1,2.0,64.0,1.0,10.0,0.03125,2.0,1.0000000000000002e-06,20.0,1e-05,0.5737704918032787,0.5784226268562733,0.5988175823406972,0.6863418208109225,0.20775532722473145,,,per_update,gaussian_l1,,,,,,,,,,,,,,,
S3,,64.0,10.0,0.001,2.0,505,gaussian,l1,0.06970238347457562,per_update,l1,2.0,64.0,1.0,10.0,0.03125,2.0,1.0000000000000002e-06,20.0,1e-05,0.6100702576112412,0.4930092762647729,0.5075475328400763,0.6835807291616058,0.20425748825073242,,,per_update,gaussian_l1,,,,,,,,,,,,,,,
S3,,64.0,10.0,0.001,2.0,101,gaussian,l2,0.06970238347457562,per_update,l2,2.0,64.0,1.0,10.0,0.03125,2.0,1.0000000000000002e-06,20.0,1e-05,0.6217798594847775,0.5,0.8393183024027334,0.605739037626618,0.20220255851745605,,,per_update,gaussian_l2,,,,,,,,,,,,,,,
S3,,64.0,10.0,0.001,2.0,202,gaussian,l2,0.06970238347457562,per_update,l2,2.0,64.0,1.0,10.0,0.03125,2.0,1.0000000000000002e-06,20.0,1e-05,0.6826697892271663,0.5804953560371517,0.9411997924355588,0.48619771727709177,0.20199131965637207,,,per_update,gaussian_l2,,,,,,,,,,,,,,,
S3,,64.0,10.0,0.001,2.0,303,gaussian,l2,0.06970238347457562,per_update,l2,2.0,64.0,1.0,10.0,0.03125,2.0,1.0000000000000002e-06,20.0,1e-05,0.6217798594847775,0.5,0.9402435966952942,0.5611383718298711,0.2232661247253418,,,per_update,gaussian_l2,,,,,,,,,,,,,,,
S3,,64.0,10.0,0.001,2.0,404,gaussian,l2,0.06970238347457562,per_update,l2,2.0,64.0,1.0,10.0,0.03125,2.0,1.0000000000000002e-06,20.0,1e-05,0.6440281030444965,0.5294117647058824,0.9136858430556285,0.5584780359051608,0.2086474895477295,,,per_update,gaussian_l2,,,,,,,,,,,,,,,
S3,,64.0,10.0,0.001,2.0,505,gaussian,l2,0.06970238347457562,per_update,l2,2.0,64.0,1.0,10.0,0.03125,2.0,1.0000000000000002e-06,20.0,1e-05,0.6217798594847775,0.5,0.9155049471468635,0.5925830037562737,0.19135570526123047,,,per_update,gaussian_l2,,,,,,,,,,,,,,,
S3,,64.0,10.0,0.01,2.0,101,laplace,l1,0.015625,per_update,l1,2.0,64.0,1.0,10.0,0.03125,2.0,0.0,20.0,0.0,0.6440281030444965,0.5294117647058824,0.9363546786540963,1.0177529263878813,0.19437742233276367,,,per_update,laplace_l1,,,,,,,,,,,,,,,
S3,,64.0,10.0,0.01,2.0,202,laplace,l1,0.015625,per_update,l1,2.0,64.0,1.0,10.0,0.03125,2.0,0.0,20.0,0.0,0.6978922716627635,0.6012255630768513,0.923259461381936,0.8048847517372759,0.20053410530090332,,,per_update,laplace_l1,,,,,,,,,,,,,,,
S3,,64.0,10.0,0.01,2.0,303,laplace,l1,0.015625,per_update,l1,2.0,64.0,1.0,10.0,0.03125,2.0,0.0,20.0,0.0,0.6838407494145199,0.5844688157748975,0.8694851119157149,0.8862661021078825,0.1947765350341797,,,per_update,laplace_l1,,,,,,,,,,,,,,,
S3,,64.0,10.0,0.01,2.0,404,laplace,l1,0.015625,per_update,l1,2.0,64.0,1.0,10.0,0.03125,2.0,0.0,20.0,0.0,0.6217798594847775,0.5,0.812148350270825,1.7228245350525024,0.2033708095550537,,,per_update,laplace_l1,,,,,,,,,,,,,,,
S3,,64.0,10.0,0.01,2.0,505,laplace,l1,0.015625,per_update,l1,2.0,64.0,1.0,10.0,0.03125,2.0,0.0,20.0,0.0,0.7131147540983607,0.6255939782990211,0.9158547748567164,0.9156009145844718,0.19710564613342285,,,per_update,laplace_l1,,,,,,,,,,,,,,,
S3,,64.0,10.0,0.01,2.0,101,gaussian,l1,0.06970238347457562,per_update,l1,2.0,64.0,1.0,10.0,0.03125,2.0,1.0000000000000002e-06,20.0,1e-05,0.6475409836065574,0.5419385119495315,0.6650691201250051,0.9255507691748419,0.18606114387512207,,,per_update,gaussian_l1,,,,,,,,,,,,,,,
S3,,64.0,10.0,0.01,2.0,202,gaussian,l1,0.06970238347457562,per_update,l1,2.0,64.0,1.0,10.0,0.03125,2.0,1.0000000000000002e-06,20.0,1e-05,0.6334894613583139,0.5239690285867543,0.6946295616075749,0.6899145997750226,0.1951150894165039,,,per_update,gaussian_l1,,,,,,,,,,,,,,,
S3,,64.0,10.0,0.01,2.0,303,gaussian,l1,0.06970238347457562,per_update,l1,2.0,64.0,1.0,10.0,0.03125,2.0,1.0000000000000002e-06,20.0,1e-05,0.6381733021077284,0.5234909307166221,0.8523843673657391,0.9875686026087045,0.19001412391662598,,,per_update,gaussian_l1,,,,,,,,,,,,,,,
S3,,64.0,10.0,0.01,2.0,404,gaussian,l1,0.06970238347457562,per_update,l1,2.0,64.0,1.0,10.0,0.03125,2.0,1.0000000000000002e-06,20.0,1e-05,0.6323185011709602,0.534548401578889,0.5852384367365739,0.7081322089933233,0.19370365142822266,,,per_update,gaussian_l1,,,,,,,,,,,,,,,
S3,,64.0,10.0,0.01,2.0,505,gaussian,l1,0.06970238347457562,per_update,l1,2.0,64.0,1.0,10.0,0.03125,2.0,1.0000000000000002e-06,20.0,1e-05,0.6217798594847775,0.5,0.6657920973920344,1.4797202007076218,0.18282580375671387,,,per_update,gaussian_l1,,,,,,,,,,,,,,,
S3,,64.0,10.0,0.01,2.0,101,gaussian,l2,0.06970238347457562,per_update,l2,2.0,64.0,1.0,10.0,0.03125,2.0,1.0000000000000002e-06,20.0,1e-05,0.9156908665105387,0.907948668614041,0.9663990484686292,0.31085375491445083,0.19882678985595703,,,per_update,gaussian_l2,,,,,,,,,,,,,,,
S3,,64.0,10.0,0.01,2.0,202,gaussian,l2,0.06970238347457562,per_update,l2,2.0,64.0,1.0,10.0,0.03125,2.0,1.0000000000000002e-06,20.0,1e-05,0.9227166276346604,0.9214811705235172,0.9651454991749897,0.32260069442850003,0.1997530460357666,,,per_update,gaussian_l2,,,,,,,,,,,,,,,
S3,,64.0,10.0,0.01,2.0,303,gaussian,l2,0.06970238347457562,per_update,l2,2.0,64.0,1.0,10.0,0.03125,2.0,1.0000000000000002e-06,20.0,1e-05,0.9227166276346604,0.9129920180977535,0.972124561986555,0.2829779054206345,0.18736624717712402,,,per_update,gaussian_l2,,,,,,,,,,,,,,,
S3,,64.0,10.0,0.01,2.0,404,gaussian,l2,0.06970238347457562,per_update,l2,2.0,64.0,1.0,10.0,0.03125,2.0,1.0000000000000002e-06,20.0,1e-05,0.9203747072599532,0.9123215149872022,0.966264947846519,0.31285047454805737,0.21303153038024902,,,per_update,gaussian_l2,,,,,,,,,,,,,,,
S3,,64.0,10.0,0.01,2.0,505,gaussian,l2,0.06970238347457562,per_update,l2,2.0,64.0,1.0,10.0,0.03125,2.0,1.0000000000000002e-06,20.0,1e-05,0.9121779859484778,0.8978473934920386,0.9677866983843789,0.2859751579535729,0.18284869194030762,,,per_update,gaussian_l2,,,,,,,,,,,,,,,
S3,,64.0,10.0,0.001,4.0,202,laplace,l1,0.0078125,per_update,l1,4.0,64.0,1.0,10.0,0.03125,4.0,0.0,40.0,0.0,0.6217798594847775,0.5,0.8625993364934437,0.5915768848358691,0.1899733543395996,,,per_update,laplace_l1,,,,,,,,,,,,,,,
S3,,64.0,10.0,0.001,4.0,101,laplace,l1,0.0078125,per_update,l1,4.0,64.0,1.0,10.0,0.03125,4.0,0.0,40.0,0.0,0.6217798594847775,0.5,0.764216123559147,0.6321595781559847,0.22028493881225586,,,per_update,laplace_l1,,,,,,,,,,,,,,,
S3,,64.0,10.0,0.001,4.0,303,laplace,l1,0.0078125,per_update,l1,4.0,64.0,1.0,10.0,0.03125,4.0,0.0,40.0,0.0,0.6217798594847775,0.5,0.852576772606158,0.631343778209774,0.19398021697998047,,,per_update,laplace_l1,,,,,,,,,,,,,,,
S3,,64.0,10.0,0.001,4.0,404,laplace,l1,0.0078125,per_update,l1,4.0,64.0,1.0,10.0,0.03125,4.0,0.0,40.0,0.0,0.6217798594847775,0.5,0.7336470121798347,0.630847038971053,0.2395486831665039,,,per_update,laplace_l1,,,,,,,,,,,,,,,
S3,,64.0,10.0,0.001,4.0,505,laplace,l1,0.0078125,per_update,l1,4.0,64.0,1.0,10.0,0.03125,4.0,0.0,40.0,0.0,0.6217798594847775,0.5,0.8268586054701393,0.6185776993739401,0.1959834098815918,,,per_update,laplace_l1,,,,,,,,,,,,,,,
S3,,64.0,10.0,0.001,4.0,101,gaussian,l1,0.03729745584868706,per_update,l1,4.0,64.0,1.0,10.0,0.03125,4.0,1.0000000000000002e-06,40.0,1e-05,0.6217798594847775,0.5,0.6765726213173345,0.6607017895199132,0.1858217716217041,,,per_update,gaussian_l1,,,,,,,,,,,,,,,
S3,,64.0,10.0,0.001,4.0,202,gaussian,l1,0.03729745584868706,per_update,l1,4.0,64.0,1.0,10.0,0.03125,4.0,1.0000000000000002e-06,40.0,1e-05,0.7072599531615925,0.677884475229283,0.7517447657028913,0.6628626240864635,0.1859433650970459,,,per_update,gaussian_l1,,,,,,,,,,,,,,,
S3,,64.0,10.0,0.001,4.0,303,gaussian,l1,0.03729745584868706,per_update,l1,4.0,64.0,1.0,10.0,0.03125,4.0,1.0000000000000002e-06,40.0,1e-05,0.6334894613583139,0.532458181012518,0.635765218962994,0.6644940263216566,0.19405055046081543,,,per_update,gaussian_l1,,,,,,,,,,,,,,,
S3,,64.0,10.0,0.001,4.0,404,gaussian,l1,0.03729745584868706,per_update,l1,4.0,64.0,1.0,10.0,0.03125,4.0,1.0000000000000002e-06,40.0,1e-05,0.6686182669789227,0.5934506422253707,0.6489304017771248,0.6696806115433207,0.1953296661376953,,,per_update,gaussian_l1,,,,,,,,,,,,,,,
S3,,64.0,10.0,0.001,4.0,505,gaussian,l1,0.03729745584868706,per_update,l1,4.0,64.0,1.0,10.0,0.03125,4.0,1.0000000000000002e-06,40.0,1e-05,0.6217798594847775,0.5,0.6148338609901289,0.667547828426553,0.1952190399169922,,,per_update,gaussian_l1,,,,,,,,,,,,,,,
S3,,64.0,10.0,0.001,4.0,101,gaussian,l2,0.03729745584868706,per_update,l2,4.0,64.0,1.0,10.0,0.03125,4.0,1.0000000000000002e-06,40.0,1e-05,0.747072599531616,0.6704856191658941,0.9397888206724855,0.45025162126051876,0.19347620010375977,,,per_update,gaussian_l2,,,,,,,,,,,,,,,
S3,,64.0,10.0,0.001,4.0,202,gaussian,l2,0.03729745584868706,per_update,l2,4.0,64.0,1.0,10.0,0.03125,4.0,1.0000000000000002e-06,40.0,1e-05,0.8805620608899297,0.857264463918187,0.9599738795309976,0.2889014253102164,0.21898865699768066,,,per_update,gaussian_l2,,,,,,,,,,,,,,,
S3,,64.0,10.0,0.001,4.0,303,gaussian,l2,0.03729745584868706,per_update,l2,4.0,64.0,1.0,10.0,0.03125,4.0,1.0000000000000002e-06,40.0,1e-05,0.8126463700234192,0.7602047658195006,0.9683872359529598,0.35315753327949484,0.19198918342590332,,,per_update,gaussian_l2,,,,,,,,,,,,,,,
S3,,64.0,10.0,0.001,4.0,404,gaussian,l2,0.03729745584868706,per_update,l2,4.0,64.0,1.0,10.0,0.03125,4.0,1.0000000000000002e-06,40.0,1e-05,0.8337236533957846,0.7862494388180488,0.9539043687650499,0.35804446570781623,0.1877574920654297,,,per_update,gaussian_l2,,,,,,,,,,,,,,,
S3,,64.0,10.0,0.001,4.0,505,gaussian,l2,0.03729745584868706,per_update,l2,4.0,64.0,1.0,10.0,0.03125,4.0,1.0000000000000002e-06,40.0,1e-05,0.7505854800936768,0.6751295820141914,0.9607085177216887,0.4148628904354824,0.1874403953552246,,,per_update,gaussian_l2,,,,,,,,,,,,,,,
S3,,64.0,10.0,0.01,4.0,101,laplace,l1,0.0078125,per_update,l1,4.0,64.0,1.0,10.0,0.03125,4.0,0.0,40.0,0.0,0.8887587822014051,0.8717385854133506,0.9609592275804166,0.2960626202175551,0.19747614860534668,,,per_update,laplace_l1,,,,,,,,,,,,,,,
S3,,64.0,10.0,0.01,4.0,202,laplace,l1,0.0078125,per_update,l1,4.0,64.0,1.0,10.0,0.03125,4.0,0.0,40.0,0.0,0.892271662763466,0.8830525965961764,0.959466629351711,0.30464797121870246,0.2001206874847412,,,per_update,laplace_l1,,,,,,,,,,,,,,,
S3,,64.0,10.0,0.01,4.0,303,laplace,l1,0.0078125,per_update,l1,4.0,64.0,1.0,10.0,0.03125,4.0,0.0,40.0,0.0,0.8723653395784543,0.8682577997003142,0.9463014465375804,0.34955670927074195,0.20421504974365234,,,per_update,laplace_l1,,,,,,,,,,,,,,,
S3,,64.0,10.0,0.01,4.0,404,laplace,l1,0.0078125,per_update,l1,4.0,64.0,1.0,10.0,0.03125,4.0,0.0,40.0,0.0,0.7599531615925058,0.6863007468821605,0.9312238722429205,0.6665523726808298,0.19818758964538574,,,per_update,laplace_l1,,,,,,,,,,,,,,,
S3,,64.0,10.0,0.01,4.0,505,laplace,l1,0.0078125,per_update,l1,4.0,64.0,1.0,10.0,0.03125,4.0,0.0,40.0,0.0,0.9039812646370023,0.8924687924530502,0.9583530111420127,0.33031505639752606,0.2084813117980957,,,per_update,laplace_l1,,,,,,,,,,,,,,,
S3,,64.0,10.0,0.01,4.0,101,gaussian,l1,0.03729745584868706,per_update,l1,4.0,64.0,1.0,10.0,0.03125,4.0,1.0000000000000002e-06,40.0,1e-05,0.6264637002341921,0.5061919504643962,0.7559135459119717,1.3166301664423952,0.18099689483642578,,,per_update,gaussian_l1,,,,,,,,,,,,,,,
S3,,64.0,10.0,0.01,4.0,202,gaussian,l1,0.03729745584868706,per_update,l1,4.0,64.0,1.0,10.0,0.03125,4.0,1.0000000000000002e-06,40.0,1e-05,0.6229508196721312,0.5015479876160991,0.8540285576020477,1.202163201562095,0.19729208946228027,,,per_update,gaussian_l1,,,,,,,,,,,,,,,
S3,,64.0,10.0,0.01,4.0,303,gaussian,l1,0.03729745584868706,per_update,l1,4.0,64.0,1.0,10.0,0.03125,4.0,1.0000000000000002e-06,40.0,1e-05,0.6288056206088993,0.5098942937270061,0.8930984823307854,1.3483419735202105,0.17987799644470215,,,per_update,gaussian_l1,,,,,,,,,,,,,,,
S3,,64.0,10.0,0.01,4.0,404,gaussian,l1,0.03729745584868706,per_update,l1,4.0,64.0,1.0,10.0,0.03125,4.0,1.0000000000000002e-06,40.0,1e-05,0.6276346604215457,0.508346306110907,0.723443703975792,1.1291182166832257,0.18782591819763184,,,per_update,gaussian_l1,,,,,,,,,,,,,,,
S3,,64.0,10.0,0.01,4.0,505,gaussian,l1,0.03729745584868706,per_update,l1,4.0,64.0,1.0,10.0,0.03125,4.0,1.0000000000000002e-06,40.0,1e-05,0.6217798594847775,0.5,0.786383539440159,1.7850583440603611,0.179398775100708,,,per_update,gaussian_l1,,,,,,,,,,,,,,,
S3,,64.0,10.0,0.01,4.0,101,gaussian,l2,0.03729745584868706,per_update,l2,4.0,64.0,1.0,10.0,0.03125,4.0,1.0000000000000002e-06,40.0,1e-05,0.9262295081967213,0.9194550850372858,0.9733839417420254,0.2924579191174269,0.1882493495941162,,,per_update,gaussian_l2,,,,,,,,,,,,,,,
S3,,64.0,10.0,0.01,4.0,202,gaussian,l2,0.03729745584868706,per_update,l2,4.0,64.0,1.0,10.0,0.03125,4.0,1.0000000000000002e-06,40.0,1e-05,0.9250585480093677,0.9227580416644803,0.9708243689982684,0.3164571079120175,0.1914682388305664,,,per_update,gaussian_l2,,,,,,,,,,,,,,,
S3,,64.0,10.0,0.01,4.0,303,gaussian,l2,0.03729745584868706,per_update,l2,4.0,64.0,1.0,10.0,0.03125,4.0,1.0000000000000002e-06,40.0,1e-05,0.9262295081967213,0.9194550850372858,0.9736579734480768,0.30188843945409183,0.21246933937072754,,,per_update,gaussian_l2,,,,,,,,,,,,,,,
S3,,64.0,10.0,0.01,4.0,404,gaussian,l2,0.03729745584868706,per_update,l2,4.0,64.0,1.0,10.0,0.03125,4.0,1.0000000000000002e-06,40.0,1e-05,0.9227166276346604,0.9160238582498119,0.9713082973302316,0.32281527084142136,0.23533129692077637,,,per_update,gaussian_l2,,,,,,,,,,,,,,,
S3,,64.0,10.0,0.001,8.0,101,laplace,l1,0.00390625,per_update,l1,8.0,64.0,1.0,10.0,0.03125,8.0,0.0,80.0,0.0,0.6217798594847775,0.5,0.827464973500551,0.6655522611536474,0.20218896865844727,,,per_update,laplace_l1,,,,,,,,,,,,,,,
S3,,64.0,10.0,0.01,4.0,505,gaussian,l2,0.03729745584868706,per_update,l2,4.0,64.0,1.0,10.0,0.03125,4.0,1.0000000000000002e-06,40.0,1e-05,0.9238875878220141,0.9163591098050876,0.9737162780663857,0.26190017526868825,0.26520562171936035,,,per_update,gaussian_l2,,,,,,,,,,,,,,,
S3,,64.0,10.0,0.001,8.0,202,laplace,l1,0.00390625,per_update,l1,8.0,64.0,1.0,10.0,0.03125,8.0,0.0,80.0,0.0,0.6217798594847775,0.5,0.8974246850092997,0.6162764136822988,0.21107029914855957,,,per_update,laplace_l1,,,,,,,,,,,,,,,
S3,,64.0,10.0,0.001,8.0,303,laplace,l1,0.00390625,per_update,l1,8.0,64.0,1.0,10.0,0.03125,8.0,0.0,80.0,0.0,0.6217798594847775,0.5,0.8928069592392414,0.6859099534469624,0.2228553295135498,,,per_update,laplace_l1,,,,,,,,,,,,,,,
S3,,64.0,10.0,0.001,8.0,404,laplace,l1,0.00390625,per_update,l1,8.0,64.0,1.0,10.0,0.03125,8.0,0.0,80.0,0.0,0.6217798594847775,0.5,0.8296280748398082,0.6799663335876318,0.21052336692810059,,,per_update,laplace_l1,,,,,,,,,,,,,,,
S3,,64.0,10.0,0.001,8.0,505,laplace,l1,0.00390625,per_update,l1,8.0,64.0,1.0,10.0,0.03125,8.0,0.0,80.0,0.0,0.6217798594847775,0.5,0.8830409356725146,0.6677962733664777,0.21839332580566406,,,per_update,laplace_l1,,,,,,,,,,,,,,,
S3,,64.0,10.0,0.001,8.0,101,gaussian,l1,0.02040423076119425,per_update,l1,8.0,64.0,1.0,10.0,0.03125,8.0,1.0000000000000002e-06,80.0,1e-05,0.6217798594847775,0.5,0.6977022149924496,0.6467222181061983,0.1998429298400879,,,per_update,gaussian_l1,,,,,,,,,,,,,,,
S3,,64.0,10.0,0.001,8.0,202,gaussian,l1,0.02040423076119425,per_update,l1,8.0,64.0,1.0,10.0,0.03125,8.0,1.0000000000000002e-06,80.0,1e-05,0.6592505854800936,0.5531738118976404,0.8068367995428918,0.63118047238316,0.22229981422424316,,,per_update,gaussian_l1,,,,,,,,,,,,,,,
S3,,64.0,10.0,0.001,8.0,303,gaussian,l1,0.02040423076119425,per_update,l1,8.0,64.0,1.0,10.0,0.03125,8.0,1.0000000000000002e-06,80.0,1e-05,0.6229508196721312,0.5015479876160991,0.7340784663553199,0.6451189307200252,0.2029247283935547,,,per_update,gaussian_l1,,,,,,,,,,,,,,,
S3,,64.0,10.0,0.001,8.0,404,gaussian,l1,0.02040423076119425,per_update,l1,8.0,64.0,1.0,10.0,0.03125,8.0,1.0000000000000002e-06,80.0,1e-05,0.6416861826697893,0.5263157894736842,0.7151819395614327,0.6449620910099279,0.22781968116760254,,,per_update,gaussian_l1,,,,,,,,,,,,,,,
S3,,64.0,10.0,0.001,8.0,505,gaussian,l1,0.02040423076119425,per_update,l1,8.0,64.0,1.0,10.0,0.03125,8.0,1.0000000000000002e-06,80.0,1e-05,0.6217798594847775,0.5,0.7068735314524264,0.6475239344491007,0.18750715255737305,,,per_update,gaussian_l1,,,,,,,,,,,,,,,
S3,,64.0,10.0,0.001,8.0,101,gaussian,l2,0.02040423076119425,per_update,l2,8.0,64.0,1.0,10.0,0.03125,8.0,1.0000000000000002e-06,80.0,1e-05,0.9133489461358314,0.9018208532297843,0.9650463813238647,0.23487906722982094,0.1980454921722412,,,per_update,gaussian_l2,,,,,,,,,,,,,,,
S3,,64.0,10.0,0.001,8.0,202,gaussian,l2,0.02040423076119425,per_update,l2,8.0,64.0,1.0,10.0,0.03125,8.0,1.0000000000000002e-06,80.0,1e-05,0.9238875878220141,0.9187845819267344,0.9683114399491585,0.2195350875301543,0.1853179931640625,,,per_update,gaussian_l2,,,,,,,,,,,,,,,
S3,,64.0,10.0,0.001,8.0,303,gaussian,l2,0.02040423076119425,per_update,l2,8.0,64.0,1.0,10.0,0.03125,8.0,1.0000000000000002e-06,80.0,1e-05,0.9355971896955504,0.9336580900573135,0.9742060368601797,0.2007684506773969,0.2146162986755371,,,per_update,gaussian_l2,,,,,,,,,,,,,,,
S3,,64.0,10.0,0.001,8.0,404,gaussian,l2,0.02040423076119425,per_update,l2,8.0,64.0,1.0,10.0,0.03125,8.0,1.0000000000000002e-06,80.0,1e-05,0.9028103044496487,0.8945590130194212,0.966457353086938,0.22647027884997545,0.18681907653808594,,,per_update,gaussian_l2,,,,,,,,,,,,,,,
S3,,64.0,10.0,0.001,8.0,505,gaussian,l2,0.02040423076119425,per_update,l2,8.0,64.0,1.0,10.0,0.03125,8.0,1.0000000000000002e-06,80.0,1e-05,0.927400468384075,0.9191839685621498,0.970258814200673,0.21613538642169103,0.2050325870513916,,,per_update,gaussian_l2,,,,,,,,,,,,,,,
S3,,64.0,10.0,0.01,8.0,101,laplace,l1,0.00390625,per_update,l1,8.0,64.0,1.0,10.0,0.03125,8.0,0.0,80.0,0.0,0.9215456674473068,0.9193268148770064,0.967104534350166,0.3461983196709086,0.2054595947265625,,,per_update,laplace_l1,,,,,,,,,,,,,,,
S3,,64.0,10.0,0.01,8.0,202,laplace,l1,0.00390625,per_update,l1,8.0,64.0,1.0,10.0,0.03125,8.0,0.0,80.0,0.0,0.9156908665105387,0.9134059808877462,0.968433879647607,0.35488212908280575,0.20439839363098145,,,per_update,laplace_l1,,,,,,,,,,,,,,,
S3,,64.0,10.0,0.01,8.0,303,laplace,l1,0.00390625,per_update,l1,8.0,64.0,1.0,10.0,0.03125,8.0,0.0,80.0,0.0,0.9004683840749415,0.8993458221825751,0.9650813640948499,0.375472919430381,0.20267224311828613,,,per_update,laplace_l1,,,,,,,,,,,,,,,
S3,,64.0,10.0,0.01,8.0,404,laplace,l1,0.00390625,per_update,l1,8.0,64.0,1.0,10.0,0.03125,8.0,0.0,80.0,0.0,0.9133489461358314,0.9090972695947246,0.9642534385148647,0.3651382014751141,0.2015678882598877,,,per_update,laplace_l1,,,,,,,,,,,,,,,
S3,,64.0,10.0,0.01,8.0,505,laplace,l1,0.00390625,per_update,l1,8.0,64.0,1.0,10.0,0.03125,8.0,0.0,80.0,0.0,0.9168618266978923,0.9125284963821985,0.966708062945666,0.39756455218122494,0.19974088668823242,,,per_update,laplace_l1,,,,,,,,,,,,,,,
S3,,64.0,10.0,0.01,8.0,101,gaussian,l1,0.02040423076119425,per_update,l1,8.0,64.0,1.0,10.0,0.03125,8.0,1.0000000000000002e-06,80.0,1e-05,0.6943793911007026,0.5984007043197892,0.869082810049384,0.9566736850494728,0.19493794441223145,,,per_update,gaussian_l1,,,,,,,,,,,,,,,
S3,,64.0,10.0,0.01,8.0,202,gaussian,l1,0.02040423076119425,per_update,l1,8.0,64.0,1.0,10.0,0.03125,8.0,1.0000000000000002e-06,80.0,1e-05,0.7072599531615925,0.617247672188114,0.923212817687289,0.7729922200898803,0.18595480918884277,,,per_update,gaussian_l1,,,,,,,,,,,,,,,
S3,,64.0,10.0,0.01,8.0,303,gaussian,l1,0.02040423076119425,per_update,l1,8.0,64.0,1.0,10.0,0.03125,8.0,1.0000000000000002e-06,80.0,1e-05,0.6873536299765808,0.5885064105927831,0.9380105298140665,0.8886039624845847,0.19463777542114258,,,per_update,gaussian_l1,,,,,,,,,,,,,,,
S3,,64.0,10.0,0.01,8.0,404,gaussian,l1,0.02040423076119425,per_update,l1,8.0,64.0,1.0,10.0,0.03125,8.0,1.0000000000000002e-06,80.0,1e-05,0.6475409836065574,0.5340557275541795,0.8749482546512508,1.0851046768098913,0.1894378662109375,,,per_update,gaussian_l1,,,,,,,,,,,,,,,
S3,,64.0,10.0,0.01,8.0,101,gaussian,l2,0.02040423076119425,per_update,l2,8.0,64.0,1.0,10.0,0.03125,8.0,1.0000000000000002e-06,80.0,1e-05,0.9262295081967213,0.9194550850372858,0.9773078425542087,0.28359654910896787,0.18717098236083984,,,per_update,gaussian_l2,,,,,,,,,,,,,,,
S3,,64.0,10.0,0.01,8.0,505,gaussian,l1,0.02040423076119425,per_update,l1,8.0,64.0,1.0,10.0,0.03125,8.0,1.0000000000000002e-06,80.0,1e-05,0.6217798594847775,0.5,0.8901949123390063,1.4415398298799658,0.2415931224822998,,,per_update,gaussian_l1,,,,,,,,,,,,,,,
S3,,64.0,10.0,0.01,8.0,202,gaussian,l2,0.02040423076119425,per_update,l2,8.0,64.0,1.0,10.0,0.03125,8.0,1.0000000000000002e-06,80.0,1e-05,0.9379391100702577,0.9373604333199232,0.9761767329590175,0.28493423326949185,0.18592381477355957,,,per_update,gaussian_l2,,,,,,,,,,,,,,,
S3,,64.0,10.0,0.01,8.0,303,gaussian,l2,0.02040423076119425,per_update,l2,8.0,64.0,1.0,10.0,0.03125,8.0,1.0000000000000002e-06,80.0,1e-05,0.9238875878220141,0.9169654778354994,0.9761767329590176,0.29542077115569515,0.20948314666748047,,,per_update,gaussian_l2,,,,,,,,,,,,,,,
S3,,64.0,10.0,0.01,8.0,404,gaussian,l2,0.02040423076119425,per_update,l2,8.0,64.0,1.0,10.0,0.03125,8.0,1.0000000000000002e-06,80.0,1e-05,0.9262295081967213,0.9194550850372858,0.9774011299435028,0.2872147459043009,0.18686485290527344,,,per_update,gaussian_l2,,,,,,,,,,,,,,,
S3,,64.0,10.0,0.01,8.0,505,gaussian,l2,0.02040423076119425,per_update,l2,8.0,64.0,1.0,10.0,0.03125,8.0,1.0000000000000002e-06,80.0,1e-05,0.9355971896955504,0.9324453539964901,0.9786838315462967,0.2333015211167382,0.19663667678833008,,,per_update,gaussian_l2,,,,,,,,,,,,,,,
S4,,32.0,5.0,0.01,2.0,101,laplace,l1,0.15625,total,l1,2.0,32.0,1.0,5.0,0.0625,0.4,0.0,2.0,0.0,0.629976580796253,0.5920892293878598,0.6179181752986653,0.6489710025448757,0.16663122177124023,,,total,laplace_l1,,,,,,,,,,basic (pure DP),,,,,
S4,,32.0,5.0,0.01,2.0,202,laplace,l1,0.15625,total,l1,2.0,32.0,1.0,5.0,0.0625,0.4,0.0,2.0,0.0,0.5573770491803278,0.5882819378122941,0.6565274935427635,0.69619435617278,0.17879962921142578,,,total,laplace_l1,,,,,,,,,,basic (pure DP),,,,,
S4,,32.0,5.0,0.01,2.0,303,laplace,l1,0.15625,total,l1,2.0,32.0,1.0,5.0,0.0625,0.4,0.0,2.0,0.0,0.45901639344262296,0.507366788523319,0.515337029846134,0.954266478599644,0.16823625564575195,,,total,laplace_l1,,,,,,,,,,basic (pure DP),,,,,
S4,,32.0,5.0,0.01,2.0,404,laplace,l1,0.15625,total,l1,2.0,32.0,1.0,5.0,0.0625,0.4,0.0,2.0,0.0,0.6206088992974239,0.4990583804143126,0.4679528665465591,1.1367228543438517,0.2259213924407959,,,total,laplace_l1,,,,,,,,,,basic (pure DP),,,,,
S4,,32.0,5.0,0.01,2.0,505,laplace,l1,0.15625,total,l1,2.0,32.0,1.0,5.0,0.0625,0.4,0.0,2.0,0.0,0.6756440281030445,0.5948557835266132,0.6887233037728918,0.6977970097191535,0.19167065620422363,,,total,laplace_l1,,,,,,,,,,basic (pure DP),,,,,
S4,,32.0,5.0,0.01,2.0,101,gaussian,l1,0.27864376017775333,total,l1,2.0,32.0,1.0,5.0,0.0625,,,2.0,1e-05,0.5362997658079626,0.5598117926920991,0.5789182161118982,0.8365053066602928,0.17646002769470215,,,total,gaussian_l1,,,,,,,,,,exact Gaussian composition (mu-GDP),,,,,
S4,,32.0,5.0,0.01,2.0,202,gaussian,l1,0.27864376017775333,total,l1,2.0,32.0,1.0,5.0,0.0625,,,2.0,1e-05,0.3442622950819672,0.4181199092780139,0.3826765318080846,0.9588903846681812,0.16136622428894043,,,total,gaussian_l1,,,,,,,,,,exact Gaussian composition (mu-GDP),,,,,
S4,,32.0,5.0,0.01,2.0,303,gaussian,l1,0.27864376017775333,total,l1,2.0,32.0,1.0,5.0,0.0625,,,2.0,1e-05,0.6920374707259953,0.638356859246821,0.7790779707660643,0.5429191417664715,0.16085314750671387,,,total,gaussian_l1,,,,,,,,,,exact Gaussian composition (mu-GDP),,,,,
S4,,32.0,5.0,0.01,2.0,404,gaussian,l1,0.27864376017775333,total,l1,2.0,32.0,1.0,5.0,0.0625,,,2.0,1e-05,0.38992974238875877,0.4566621772110569,0.4275361051348877,0.8628640170319586,0.16128230094909668,,,total,gaussian_l1,,,,,,,,,,exact Gaussian composition (mu-GDP),,,,,
S4,,32.0,5.0,0.01,2.0,505,gaussian,l1,0.27864376017775333,total,l1,2.0,32.0,1.0,5.0,0.0625,,,2.0,1e-05,0.6206088992974239,0.4996647484447243,0.5216747418563025,0.8912357539372039,0.16797208786010742,,,total,gaussian_l1,,,,,,,,,,exact Gaussian composition (mu-GDP),,,,,
S4,,32.0,5.0,0.01,2.0,101,gaussian,l2,0.27864376017775333,total,l2,2.0,32.0,1.0,5.0,0.0625,,,2.0,1e-05,0.8477751756440282,0.8363564277926454,0.9114760980217244,0.3877621102631966,0.16474437713623047,,,total,gaussian_l2,,,,,,,,,,exact Gaussian composition (mu-GDP),,,,,
S4,,32.0,5.0,0.01,2.0,202,gaussian,l2,0.27864376017775333,total,l2,2.0,32.0,1.0,5.0,0.0625,,,2.0,1e-05,0.8618266978922716,0.8488685988817174,0.9366287103601476,0.32643918218099344,0.1670999526977539,,,total,gaussian_l2,,,,,,,,,,exact Gaussian composition (mu-GDP),,,,,
S4,,32.0,5.0,0.01,2.0,303,gaussian,l2,0.27864376017775333,total,l2,2.0,32.0,1.0,5.0,0.0625,,,2.0,1e-05,0.892271662763466,0.8788080203832945,0.9603353681645123,0.25882672248836763,0.1776125431060791,,,total,gaussian_l2,,,,,,,,,,exact Gaussian composition (mu-GDP),,,,,
S4,,32.0,5.0,0.01,2.0,404,gaussian,l2,0.27864376017775333,total,l2,2.0,32.0,1.0,5.0,0.0625,,,2.0,1e-05,0.8559718969555035,0.8271821961017531,0.9302443546553323,0.33610484563870086,0.16935968399047852,,,total,gaussian_l2,,,,,,,,,,exact Gaussian composition (mu-GDP),,,,,
S4,,32.0,5.0,0.01,2.0,505,gaussian,l2,0.27864376017775333,total,l2,2.0,32.0,1.0,5.0,0.0625,,,2.0,1e-05,0.8067915690866511,0.7494329875869468,0.9315095648726336,0.4275806794416704,0.2083430290222168,,,total,gaussian_l2,,,,,,,,,,exact Gaussian composition (mu-GDP),,,,,
S4,,32.0,5.0,0.01,4.0,101,laplace,l1,0.078125,total,l1,4.0,32.0,1.0,5.0,0.0625,0.8,0.0,4.0,0.0,0.6791569086651054,0.5843405456146181,0.7100219808411026,0.6132635958329327,0.17670440673828125,,,total,laplace_l1,,,,,,,,,,basic (pure DP),,,,,
S4,,32.0,5.0,0.01,4.0,202,laplace,l1,0.078125,total,l1,4.0,32.0,1.0,5.0,0.0625,0.8,0.0,4.0,0.0,0.680327868852459,0.6337916076332406,0.7424218572353116,0.5700002856023364,0.16834044456481934,,,total,laplace_l1,,,,,,,,,,basic (pure DP),,,,,
S4,,32.0,5.0,0.01,4.0,303,laplace,l1,0.078125,total,l1,4.0,32.0,1.0,5.0,0.0625,0.8,0.0,4.0,0.0,0.5269320843091335,0.532875059033426,0.5618641152565695,0.7991176401979121,0.17121672630310059,,,total,laplace_l1,,,,,,,,,,basic (pure DP),,,,,
S4,,32.0,5.0,0.01,4.0,404,laplace,l1,0.078125,total,l1,4.0,32.0,1.0,5.0,0.0625,0.8,0.0,4.0,0.0,0.6217798594847775,0.5,0.5238028604245742,1.316662945682331,0.16847729682922363,,,total,laplace_l1,,,,,,,,,,basic (pure DP),,,,,
S4,,32.0,5.0,0.01,4.0,505,laplace,l1,0.078125,total,l1,4.0,32.0,1.0,5.0,0.0625,0.8,0.0,4.0,0.0,0.65807962529274,0.5552640324640115,0.7270236075399532,0.854651517694018,0.17237377166748047,,,total,laplace_l1,,,,,,,,,,basic (pure DP),,,,,
S4,,32.0,5.0,0.01,4.0,101,gaussian,l1,0.15109696188791594,total,l1,4.0,32.0,1.0,5.0,0.0625,,,4.0,1e-05,0.6147540983606558,0.5883373271996875,0.6032895465649833,0.7673383244463619,0.1537458896636963,,,total,gaussian_l1,,,,,,,,,,exact Gaussian composition (mu-GDP),,,,,
S4,,32.0,5.0,0.01,4.0,202,gaussian,l1,0.15109696188791594,total,l1,4.0,32.0,1.0,5.0,0.0625,,,4.0,1e-05,0.4449648711943794,0.45725979954872226,0.4469515430317235,0.7927287348721301,0.16447067260742188,,,total,gaussian_l1,,,,,,,,,,exact Gaussian composition (mu-GDP),,,,,
S4,,32.0,5.0,0.01,4.0,303,gaussian,l1,0.15109696188791594,total,l1,4.0,32.0,1.0,5.0,0.0625,,,4.0,1e-05,0.6850117096018735,0.598750532029642,0.8141948423734645,0.5764460156309644,0.1975104808807373,,,total,gaussian_l1,,,,,,,,,,exact Gaussian composition (mu-GDP),,,,,
S4,,32.0,5.0,0.01,4.0,404,gaussian,l1,0.15109696188791594,total,l1,4.0,32.0,1.0,5.0,0.0625,,,4.0,1e-05,0.446135831381733,0.45092500276946934,0.4652183799478756,0.7644446618054012,0.16477608680725098,,,total,gaussian_l1,,,,,,,,,,exact Gaussian composition (mu-GDP),,,,,
S4,,32.0,5.0,0.01,4.0,505,gaussian,l1,0.15109696188791594,total,l1,4.0,32.0,1.0,5.0,0.0625,,,4.0,1e-05,0.6217798594847775,0.5,0.5677120684729438,1.003877868523194,0.1647017002105713,,,total,gaussian_l1,,,,,,,,,,exact Gaussian composition (mu-GDP),,,,,
S4,,32.0,5.0,0.01,4.0,101,gaussian,l2,0.15109696188791594,total,l2,4.0,32.0,1.0,5.0,0.0625,,,4.0,1e-05,0.8934426229508197,0.8846005842122755,0.9507967326091901,0.3214471881696731,0.16140413284301758,,,total,gaussian_l2,,,,,,,,,,exact Gaussian composition (mu-GDP),,,,,
S4,,32.0,5.0,0.01,4.0,202,gaussian,l2,0.15109696188791594,total,l2,4.0,32.0,1.0,5.0,0.0625,,,4.0,1e-05,0.9028103044496487,0.8994099572627148,0.955519406692204,0.3076499230534219,0.16586065292358398,,,total,gaussian_l2,,,,,,,,,,exact Gaussian composition (mu-GDP),,,,,
S4,,32.0,5.0,0.01,4.0,303,gaussian,l2,0.15109696188791594,total,l2,4.0,32.0,1.0,5.0,0.0625,,,4.0,1e-05,0.9086651053864169,0.8962352707957997,0.9693725840023788,0.2478437833400124,0.1587069034576416,,,total,gaussian_l2,,,,,,,,,,exact Gaussian composition (mu-GDP),,,,,
S4,,32.0,5.0,0.01,4.0,404,gaussian,l2,0.15109696188791594,total,l2,4.0,32.0,1.0,5.0,0.0625,,,4.0,1e-05,0.9063231850117096,0.8979902398068951,0.9595832385883286,0.27352924701441195,0.16237139701843262,,,total,gaussian_l2,,,,,,,,,,exact Gaussian composition (mu-GDP),,,,,
S4,,32.0,5.0,0.01,4.0,505,gaussian,l2,0.15109696188791594,total,l2,4.0,32.0,1.0,5.0,0.0625,,,4.0,1e-05,0.8782201405152225,0.857806696868459,0.9570586486155568,0.2894185447576005,0.161421537399292,,,total,gaussian_l2,,,,,,,,,,exact Gaussian composition (mu-GDP),,,,,
S4,,32.0,5.0,0.01,8.0,101,laplace,l1,0.0390625,total,l1,8.0,32.0,1.0,5.0,0.0625,1.6,0.0,8.0,0.0,0.6370023419203747,0.5201238390092879,0.8206958073148974,0.7975354753323104,0.18146157264709473,,,total,laplace_l1,,,,,,,,,,basic (pure DP),,,,,
S4,,32.0,5.0,0.01,8.0,202,laplace,l1,0.0390625,total,l1,8.0,32.0,1.0,5.0,0.0625,1.6,0.0,8.0,0.0,0.6791569086651054,0.5782768653105013,0.834560645548734,0.6938691113059985,0.1936941146850586,,,total,laplace_l1,,,,,,,,,,basic (pure DP),,,,,
S4,,32.0,5.0,0.01,8.0,303,laplace,l1,0.0390625,total,l1,8.0,32.0,1.0,5.0,0.0625,1.6,0.0,8.0,0.0,0.6615925058548009,0.5835563484983646,0.6610810842326822,0.7936703419495771,0.1812450885772705,,,total,laplace_l1,,,,,,,,,,basic (pure DP),,,,,
S4,,32.0,5.0,0.01,8.0,404,laplace,l1,0.0390625,total,l1,8.0,32.0,1.0,5.0,0.0625,1.6,0.0,8.0,0.0,0.6217798594847775,0.5,0.6178657011421875,1.6574820322282608,0.1722123622894287,,,total,laplace_l1,,,,,,,,,,basic (pure DP),,,,,
S4,,32.0,5.0,0.01,8.0,505,laplace,l1,0.0390625,total,l1,8.0,32.0,1.0,5.0,0.0625,1.6,0.0,8.0,0.0,0.6334894613583139,0.5179053482826375,0.7934034154845405,1.225633746576449,0.18401813507080078,,,total,laplace_l1,,,,,,,,,,basic (pure DP),,,,,
S4,,32.0,5.0,0.01,8.0,101,gaussian,l1,0.08388456296928033,total,l1,8.0,32.0,1.0,5.0,0.0625,,,8.0,1e-05,0.6463700234192038,0.5537306210024896,0.6407794161375523,0.853498408809884,0.16338539123535156,,,total,gaussian_l1,,,,,,,,,,exact Gaussian composition (mu-GDP),,,,,
S4,,32.0,5.0,0.01,8.0,202,gaussian,l1,0.08388456296928033,total,l1,8.0,32.0,1.0,5.0,0.0625,,,8.0,1e-05,0.6229508196721312,0.5245899727717432,0.6142683061925336,0.6697059939827021,0.16045331954956055,,,total,gaussian_l1,,,,,,,,,,exact Gaussian composition (mu-GDP),,,,,
S4,,32.0,5.0,0.01,8.0,303,gaussian,l1,0.08388456296928033,total,l1,8.0,32.0,1.0,5.0,0.0625,,,8.0,1e-05,0.6569086651053864,0.5494714686350306,0.848792802877916,0.7967006004030561,0.16651320457458496,,,total,gaussian_l1,,,,,,,,,,exact Gaussian composition (mu-GDP),,,,,
S4,,32.0,5.0,0.01,8.0,404,gaussian,l1,0.08388456296928033,total,l1,8.0,32.0,1.0,5.0,0.0625,,,8.0,1e-05,0.5925058548009368,0.5170861683953986,0.5467923714237404,0.6920688548028708,0.16201424598693848,,,total,gaussian_l1,,,,,,,,,,exact Gaussian composition (mu-GDP),,,,,
S4,,32.0,5.0,0.01,8.0,505,gaussian,l1,0.08388456296928033,total,l1,8.0,32.0,1.0,5.0,0.0625,,,8.0,1e-05,0.6217798594847775,0.5,0.6406103327444567,1.2858342433450773,0.15909051895141602,,,total,gaussian_l1,,,,,,,,,,exact Gaussian composition (mu-GDP),,,,,
S4,,32.0,5.0,0.01,8.0,101,gaussian,l2,0.08388456296928033,total,l2,8.0,32.0,1.0,5.0,0.0625,,,8.0,1e-05,0.9098360655737705,0.901421466594369,0.9653204130299162,0.3011580161350544,0.16651391983032227,,,total,gaussian_l2,,,,,,,,,,exact Gaussian composition (mu-GDP),,,,,
S4,,32.0,5.0,0.01,8.0,202,gaussian,l2,0.08388456296928033,total,l2,8.0,32.0,1.0,5.0,0.0625,,,8.0,1e-05,0.9121779859484778,0.9093683860698606,0.9632680904654456,0.3180907841359499,0.1600947380065918,,,total,gaussian_l2,,,,,,,,,,exact Gaussian composition (mu-GDP),,,,,
S4,,32.0,5.0,0.01,8.0,303,gaussian,l2,0.08388456296928033,total,l2,8.0,32.0,1.0,5.0,0.0625,,,8.0,1e-05,0.9168618266978923,0.9076775521389049,0.9723577804597902,0.2707734148984982,0.1533958911895752,,,total,gaussian_l2,,,,,,,,,,exact Gaussian composition (mu-GDP),,,,,
S4,,32.0,5.0,0.01,8.0,404,gaussian,l2,0.08388456296928033,total,l2,8.0,32.0,1.0,5.0,0.0625,,,8.0,1e-05,0.9180327868852459,0.9122573799070625,0.9660025770641292,0.2937244435081299,0.1603260040283203,,,total,gaussian_l2,,,,,,,,,,exact Gaussian composition (mu-GDP),,,,,
S4,,32.0,5.0,0.01,8.0,505,gaussian,l2,0.08388456296928033,total,l2,8.0,32.0,1.0,5.0,0.0625,,,8.0,1e-05,0.9039812646370023,0.8900433203314034,0.9663174220029969,0.28095552959646686,0.16966509819030762,,,total,gaussian_l2,,,,,,,,,,exact Gaussian composition (mu-GDP),,,,,
S4,,32.0,5.0,0.01,16.0,101,laplace,l1,0.01953125,total,l1,16.0,32.0,1.0,5.0,0.0625,3.2,0.0,16.0,0.0,0.629976580796253,0.5108359133126935,0.9168867666007823,1.1741798757866615,0.1945023536682129,,,total,laplace_l1,,,,,,,,,,basic (pure DP),,,,,
S4,,32.0,5.0,0.01,16.0,202,laplace,l1,0.01953125,total,l1,16.0,32.0,1.0,5.0,0.0625,3.2,0.0,16.0,0.0,0.6615925058548009,0.5532379469777801,0.9040597505728429,0.9319727781037429,0.1837465763092041,,,total,laplace_l1,,,,,,,,,,basic (pure DP),,,,,
S4,,32.0,5.0,0.01,16.0,303,laplace,l1,0.01953125,total,l1,16.0,32.0,1.0,5.0,0.0625,3.2,0.0,16.0,0.0,0.6569086651053864,0.5470459965133838,0.8241124579477941,0.9842455999225048,0.2121107578277588,,,total,laplace_l1,,,,,,,,,,basic (pure DP),,,,,
S4,,32.0,5.0,0.01,16.0,404,laplace,l1,0.01953125,total,l1,16.0,32.0,1.0,5.0,0.0625,3.2,0.0,16.0,0.0,0.6217798594847775,0.5,0.7590445039151552,1.834271500752837,0.17067503929138184,,,total,laplace_l1,,,,,,,,,,basic (pure DP),,,,,
S4,,32.0,5.0,0.01,16.0,505,laplace,l1,0.01953125,total,l1,16.0,32.0,1.0,5.0,0.0625,3.2,0.0,16.0,0.0,0.6615925058548009,0.5550570510690152,0.8934716318879616,1.162593624868187,0.17244386672973633,,,total,laplace_l1,,,,,,,,,,basic (pure DP),,,,,
S4,,32.0,5.0,0.01,16.0,101,gaussian,l1,0.04810025790243806,total,l1,16.0,32.0,1.0,5.0,0.0625,,,16.0,1e-05,0.6241217798594848,0.5037023432626099,0.703491863590515,1.2074014893996607,0.1622154712677002,,,total,gaussian_l1,,,,,,,,,,exact Gaussian composition (mu-GDP),,,,,
S4,,32.0,5.0,0.01,16.0,202,gaussian,l1,0.04810025790243806,total,l1,16.0,32.0,1.0,5.0,0.0625,,,16.0,1e-05,0.6241217798594848,0.5030959752321982,0.7933217890189082,0.9395464059494926,0.17300748825073242,,,total,gaussian_l1,,,,,,,,,,exact Gaussian composition (mu-GDP),,,,,
S4,,32.0,5.0,0.01,16.0,303,gaussian,l1,0.04810025790243806,total,l1,16.0,32.0,1.0,5.0,0.0625,,,16.0,1e-05,0.629976580796253,0.5114422813431052,0.8805571589325591,1.2063686514946088,0.15941500663757324,,,total,gaussian_l1,,,,,,,,,,exact Gaussian composition (mu-GDP),,,,,
S4,,32.0,5.0,0.01,16.0,404,gaussian,l1,0.04810025790243806,total,l1,16.0,32.0,1.0,5.0,0.0625,,,16.0,1e-05,0.6288056206088993,0.5123197658486529,0.6603114632710056,0.8771675552630531,0.1661686897277832,,,total,gaussian_l1,,,,,,,,,,exact Gaussian composition (mu-GDP),,,,,
S4,,32.0,5.0,0.01,16.0,505,gaussian,l1,0.04810025790243806,total,l1,16.0,32.0,1.0,5.0,0.0625,,,16.0,1e-05,0.6217798594847775,0.5,0.7408301411554808,1.6805511678975353,0.16417455673217773,,,total,gaussian_l1,,,,,,,,,,exact Gaussian composition (mu-GDP),,,,,
S4,,32.0,5.0,0.01,16.0,101,gaussian,l2,0.04810025790243806,total,l2,16.0,32.0,1.0,5.0,0.0625,,,16.0,1e-05,0.9227166276346604,0.9154174902194003,0.9728883524864004,0.28383523307941555,0.1834874153137207,,,total,gaussian_l2,,,,,,,,,,exact Gaussian composition (mu-GDP),,,,,
S4,,32.0,5.0,0.01,16.0,202,gaussian,l2,0.04810025790243806,total,l2,16.0,32.0,1.0,5.0,0.0625,,,16.0,1e-05,0.9168618266978923,0.9149539685038452,0.9680723910140921,0.31945584727185183,0.21128320693969727,,,total,gaussian_l2,,,,,,,,,,exact Gaussian composition (mu-GDP),,,,,
S4,,32.0,5.0,0.01,16.0,303,gaussian,l2,0.04810025790243806,total,l2,16.0,32.0,1.0,5.0,0.0625,,,16.0,1e-05,0.9227166276346604,0.9148111221889885,0.9738620396121577,0.2874039520298068,0.18142986297607422,,,total,gaussian_l2,,,,,,,,,,exact Gaussian composition (mu-GDP),,,,,
S4,,32.0,5.0,0.01,16.0,404,gaussian,l2,0.04810025790243806,total,l2,16.0,32.0,1.0,5.0,0.0625,,,16.0,1e-05,0.9238875878220141,0.9187845819267344,0.9698156991015258,0.31449628661576456,0.1649932861328125,,,total,gaussian_l2,,,,,,,,,,exact Gaussian composition (mu-GDP),,,,,
S4,,32.0,5.0,0.01,16.0,505,gaussian,l2,0.04810025790243806,total,l2,16.0,32.0,1.0,5.0,0.0625,,,16.0,1e-05,0.9215456674473068,0.9120503985120662,0.9724510678490843,0.2625575439580696,0.16215801239013672,,,total,gaussian_l2,,,,,,,,,,exact Gaussian composition (mu-GDP),,,,,
S4,,64.0,10.0,0.01,2.0,101,laplace,l1,0.15625,total,l1,2.0,64.0,1.0,10.0,0.03125,0.2,0.0,2.0,0.0,0.6264637002341921,0.5850197944179159,0.6137552255514159,0.6504782039468744,0.21068334579467773,,,total,laplace_l1,,,,,,,,,,basic (pure DP),,,,,
S4,,64.0,10.0,0.01,2.0,202,laplace,l1,0.15625,total,l1,2.0,64.0,1.0,10.0,0.03125,0.2,0.0,2.0,0.0,0.5667447306791569,0.5915703182849114,0.660544681744241,0.6809575189634839,0.19771170616149902,,,total,laplace_l1,,,,,,,,,,basic (pure DP),,,,,
S4,,64.0,10.0,0.01,2.0,303,laplace,l1,0.15625,total,l1,2.0,64.0,1.0,10.0,0.03125,0.2,0.0,2.0,0.0,0.4601873536299766,0.5064893040177713,0.5156518747850016,0.9669267435540586,0.20091509819030762,,,total,laplace_l1,,,,,,,,,,basic (pure DP),,,,,
S4,,64.0,10.0,0.01,2.0,404,laplace,l1,0.15625,total,l1,2.0,64.0,1.0,10.0,0.03125,0.2,0.0,2.0,0.0,0.6206088992974239,0.4990583804143126,0.4743022394803893,1.158894271629784,0.1991269588470459,,,total,laplace_l1,,,,,,,,,,basic (pure DP),,,,,
S4,,64.0,10.0,0.01,2.0,505,laplace,l1,0.15625,total,l1,2.0,64.0,1.0,10.0,0.03125,0.2,0.0,2.0,0.0,0.6838407494145199,0.6123617451738352,0.675715543428195,0.7219082315369004,0.2054741382598877,,,total,laplace_l1,,,,,,,,,,basic (pure DP),,,,,
S4,,64.0,10.0,0.01,2.0,101,gaussian,l1,0.19703089235700746,total,l1,2.0,64.0,1.0,10.0,0.03125,,,2.0,1e-05,0.5843091334894613,0.5838653629754013,0.599814591313778,0.7840697048685328,0.19507408142089844,,,total,gaussian_l1,,,,,,,,,,exact Gaussian composition (mu-GDP),,,,,
S4,,64.0,10.0,0.01,2.0,202,gaussian,l1,0.19703089235700746,total,l1,2.0,64.0,1.0,10.0,0.03125,,,2.0,1e-05,0.3911007025761124,0.43213633951945335,0.4268714324861672,0.8581637749713263,0.22569561004638672,,,total,gaussian_l1,,,,,,,,,,exact Gaussian composition (mu-GDP),,,,,
S4,,64.0,10.0,0.01,2.0,303,gaussian,l1,0.19703089235700746,total,l1,2.0,64.0,1.0,10.0,0.03125,,,2.0,1e-05,0.6838407494145199,0.6020534886568365,0.7920915615725922,0.5736302095357949,0.21474838256835938,,,total,gaussian_l1,,,,,,,,,,exact Gaussian composition (mu-GDP),,,,,
S4,,64.0,10.0,0.01,2.0,404,gaussian,l1,0.19703089235700746,total,l1,2.0,64.0,1.0,10.0,0.03125,,,2.0,1e-05,0.4168618266978923,0.45224560237416406,0.4462868703830031,0.7979257808794278,0.22209835052490234,,,total,gaussian_l1,,,,,,,,,,exact Gaussian composition (mu-GDP),,,,,
S4,,64.0,10.0,0.01,2.0,505,gaussian,l1,0.19703089235700746,total,l1,2.0,64.0,1.0,10.0,0.03125,,,2.0,1e-05,0.6217798594847775,0.5,0.536968043238705,0.9765242145587777,0.19845199584960938,,,total,gaussian_l1,,,,,,,,,,exact Gaussian composition (mu-GDP),,,,,
S4,,64.0,10.0,0.01,2.0,101,gaussian,l2,0.19703089235700746,total,l2,2.0,64.0,1.0,10.0,0.03125,,,2.0,1e-05,0.8688524590163934,0.8624011007911936,0.9377714808790004,0.3532821939360919,0.1884465217590332,,,total,gaussian_l2,,,,,,,,,,exact Gaussian composition (mu-GDP),,,,,
S4,,64.0,10.0,0.01,2.0,202,gaussian,l2,0.19703089235700746,total,l2,2.0,64.0,1.0,10.0,0.03125,,,2.0,1e-05,0.8852459016393442,0.8828601913557572,0.9503419565863812,0.310617576645825,0.1946854591369629,,,total,gaussian_l2,,,,,,,,,,exact Gaussian composition (mu-GDP),,,,,
S4,,64.0,10.0,0.01,2.0,303,gaussian,l2,0.19703089235700746,total,l2,2.0,64.0,1.0,10.0,0.03125,,,2.0,1e-05,0.9004683840749415,0.8878248296047531,0.9655652924268132,0.2564780767244017,0.20871520042419434,,,total,gaussian_l2,,,,,,,,,,exact Gaussian composition (mu-GDP),,,,,
S4,,64.0,10.0,0.01,2.0,404,gaussian,l2,0.19703089235700746,total,l2,2.0,64.0,1.0,10.0,0.03125,,,2.0,1e-05,0.8840749414519906,0.8667593710097776,0.9512281867846751,0.2903144801108043,0.2808866500854492,,,total,gaussian_l2,,,,,,,,,,exact Gaussian composition (mu-GDP),,,,,
S4,,64.0,10.0,0.01,2.0,505,gaussian,l2,0.19703089235700746,total,l2,2.0,64.0,1.0,10.0,0.03125,,,2.0,1e-05,0.860655737704918,0.8333741465661495,0.9481730247852933,0.3206196946346779,0.21165013313293457,,,total,gaussian_l2,,,,,,,,,,exact Gaussian composition (mu-GDP),,,,,
S4,,64.0,10.0,0.01,4.0,101,laplace,l1,0.078125,total,l1,4.0,64.0,1.0,10.0,0.03125,0.4,0.0,4.0,0.0,0.6744730679156908,0.5775422271198102,0.7059814707923016,0.6203978780370694,0.20882272720336914,,,total,laplace_l1,,,,,,,,,,basic (pure DP),,,,,
S4,,64.0,10.0,0.01,4.0,202,laplace,l1,0.078125,total,l1,4.0,64.0,1.0,10.0,0.03125,0.4,0.0,4.0,0.0,0.689695550351288,0.6401118282579163,0.7480249310547888,0.5646413769351771,0.21695709228515625,,,total,laplace_l1,,,,,,,,,,basic (pure DP),,,,,
S4,,64.0,10.0,0.01,4.0,303,laplace,l1,0.078125,total,l1,4.0,64.0,1.0,10.0,0.03125,0.4,0.0,4.0,0.0,0.5292740046838408,0.5329391941135657,0.5618058106382606,0.8131807587169533,0.2127058506011963,,,total,laplace_l1,,,,,,,,,,basic (pure DP),,,,,
S4,,64.0,10.0,0.01,4.0,404,laplace,l1,0.078125,total,l1,4.0,64.0,1.0,10.0,0.03125,0.4,0.0,4.0,0.0,0.6217798594847775,0.5,0.5300939287400954,1.3440505008646726,0.21533632278442383,,,total,laplace_l1,,,,,,,,,,basic (pure DP),,,,,
S4,,64.0,10.0,0.01,4.0,505,laplace,l1,0.078125,total,l1,4.0,64.0,1.0,10.0,0.03125,0.4,0.0,4.0,0.0,0.6709601873536299,0.5741110003323363,0.7150361780156607,0.8735387987938203,0.2049579620361328,,,total,laplace_l1,,,,,,,,,,basic (pure DP),,,,,
S4,,64.0,10.0,0.01,4.0,101,gaussian,l1,0.1068416863676307,total,l1,4.0,64.0,1.0,10.0,0.03125,,,4.0,1e-05,0.6463700234192038,0.5864744946447208,0.6321969763224945,0.7688059070286873,0.2062058448791504,,,total,gaussian_l1,,,,,,,,,,exact Gaussian composition (mu-GDP),,,,,
S4,,64.0,10.0,0.01,4.0,202,gaussian,l1,0.1068416863676307,total,l1,4.0,64.0,1.0,10.0,0.03125,,,4.0,1e-05,0.6124121779859485,0.5512847422644348,0.549229504469049,0.6915139144022098,0.1859128475189209,,,total,gaussian_l1,,,,,,,,,,exact Gaussian composition (mu-GDP),,,,,
S4,,64.0,10.0,0.01,4.0,303,gaussian,l1,0.1068416863676307,total,l1,4.0,64.0,1.0,10.0,0.03125,,,4.0,1e-05,0.6627634660421545,0.559030510806761,0.8285436089392642,0.7197641598432549,0.2017669677734375,,,total,gaussian_l1,,,,,,,,,,exact Gaussian composition (mu-GDP),,,,,
S4,,64.0,10.0,0.01,4.0,404,gaussian,l1,0.1068416863676307,total,l1,4.0,64.0,1.0,10.0,0.03125,,,4.0,1e-05,0.5327868852459017,0.4811909301335759,0.509973004961723,0.7035154900093634,0.21153569221496582,,,total,gaussian_l1,,,,,,,,,,exact Gaussian composition (mu-GDP),,,,,
S4,,64.0,10.0,0.01,4.0,505,gaussian,l1,0.1068416863676307,total,l1,4.0,64.0,1.0,10.0,0.03125,,,4.0,1e-05,0.6217798594847775,0.5,0.6005259076571455,1.1865358814143387,0.252577543258667,,,total,gaussian_l1,,,,,,,,,,exact Gaussian composition (mu-GDP),,,,,
S4,,64.0,10.0,0.01,4.0,101,gaussian,l2,0.1068416863676307,total,l2,4.0,64.0,1.0,10.0,0.03125,,,4.0,1e-05,0.9074941451990632,0.9013573315142293,0.9586328733098948,0.3204162818208398,0.2163245677947998,,,total,gaussian_l2,,,,,,,,,,exact Gaussian composition (mu-GDP),,,,,
S4,,64.0,10.0,0.01,4.0,202,gaussian,l2,0.1068416863676307,total,l2,4.0,64.0,1.0,10.0,0.03125,,,4.0,1e-05,0.9133489461358314,0.9121291097467831,0.9606851958743652,0.3167056193314973,0.19155550003051758,,,total,gaussian_l2,,,,,,,,,,exact Gaussian composition (mu-GDP),,,,,
S4,,64.0,10.0,0.01,4.0,303,gaussian,l2,0.1068416863676307,total,l2,4.0,64.0,1.0,10.0,0.03125,,,4.0,1e-05,0.9121779859484778,0.9002728656136852,0.970783555765452,0.2657329362950839,0.20053577423095703,,,total,gaussian_l2,,,,,,,,,,exact Gaussian composition (mu-GDP),,,,,
S4,,64.0,10.0,0.01,4.0,404,gaussian,l2,0.1068416863676307,total,l2,4.0,64.0,1.0,10.0,0.03125,,,4.0,1e-05,0.9121779859484778,0.9033047057657437,0.963355547392909,0.2896446925491843,0.20596957206726074,,,total,gaussian_l2,,,,,,,,,,exact Gaussian composition (mu-GDP),,,,,
S4,,64.0,10.0,0.01,4.0,505,gaussian,l2,0.1068416863676307,total,l2,4.0,64.0,1.0,10.0,0.03125,,,4.0,1e-05,0.8957845433255269,0.8779946709578865,0.9616180697673062,0.2974284822641929,0.2346940040588379,,,total,gaussian_l2,,,,,,,,,,exact Gaussian composition (mu-GDP),,,,,
S4,,64.0,10.0,0.01,8.0,101,laplace,l1,0.0390625,total,l1,8.0,64.0,1.0,10.0,0.03125,0.8,0.0,8.0,0.0,0.6358313817330211,0.5185758513931888,0.8165037052584935,0.8185156903933086,0.22444391250610352,,,total,laplace_l1,,,,,,,,,,basic (pure DP),,,,,
S4,,64.0,10.0,0.01,8.0,202,laplace,l1,0.0390625,total,l1,8.0,64.0,1.0,10.0,0.03125,0.8,0.0,8.0,0.0,0.6744730679156908,0.5708721787852815,0.8388460349944318,0.7038445225339102,0.25454115867614746,,,total,laplace_l1,,,,,,,,,,basic (pure DP),,,,,
S4,,64.0,10.0,0.01,8.0,303,laplace,l1,0.0390625,total,l1,8.0,64.0,1.0,10.0,0.03125,0.8,0.0,8.0,0.0,0.6604215456674473,0.5832210969430889,0.6589471352025795,0.8093171945884116,0.2331554889678955,,,total,laplace_l1,,,,,,,,,,basic (pure DP),,,,,
S4,,64.0,10.0,0.01,8.0,404,laplace,l1,0.0390625,total,l1,8.0,64.0,1.0,10.0,0.03125,0.8,0.0,8.0,0.0,0.6217798594847775,0.5,0.6227457976946353,1.6801011251612297,0.20792865753173828,,,total,laplace_l1,,,,,,,,,,basic (pure DP),,,,,
S4,,64.0,10.0,0.01,8.0,505,laplace,l1,0.0390625,total,l1,8.0,64.0,1.0,10.0,0.03125,0.8,0.0,8.0,0.0,0.6405152224824356,0.5271932739792319,0.7841854553299166,1.2328787681693008,0.2352614402770996,,,total,laplace_l1,,,,,,,,,,basic (pure DP),,,,,
S4,,64.0,10.0,0.01,8.0,101,gaussian,l1,0.059315343312448074,total,l1,8.0,64.0,1.0,10.0,0.03125,,,8.0,1e-05,0.6311475409836066,0.5166284771416744,0.6826479625451131,1.0292213565348278,0.2039029598236084,,,total,gaussian_l1,,,,,,,,,,exact Gaussian composition (mu-GDP),,,,,
S4,,64.0,10.0,0.01,8.0,202,gaussian,l1,0.059315343312448074,total,l1,8.0,64.0,1.0,10.0,0.03125,,,8.0,1e-05,0.6264637002341921,0.5092237906164547,0.7457743727880686,0.759725611272045,0.21835637092590332,,,total,gaussian_l1,,,,,,,,,,exact Gaussian composition (mu-GDP),,,,,
S4,,64.0,10.0,0.01,8.0,303,gaussian,l1,0.059315343312448074,total,l1,8.0,64.0,1.0,10.0,0.03125,,,8.0,1e-05,0.6334894613583139,0.5160862441914024,0.8614215832036056,1.1161049453180616,0.20208215713500977,,,total,gaussian_l1,,,,,,,,,,exact Gaussian composition (mu-GDP),,,,,
S4,,64.0,10.0,0.01,8.0,404,gaussian,l1,0.059315343312448074,total,l1,8.0,64.0,1.0,10.0,0.03125,,,8.0,1e-05,0.629976580796253,0.5211441698296922,0.618821896882452,0.7571444866499272,0.19553160667419434,,,total,gaussian_l1,,,,,,,,,,exact Gaussian composition (mu-GDP),,,,,
S4,,64.0,10.0,0.01,8.0,505,gaussian,l1,0.059315343312448074,total,l1,8.0,64.0,1.0,10.0,0.03125,,,8.0,1e-05,0.6217798594847775,0.5,0.6949094237754573,1.6058574895695128,0.19361567497253418,,,total,gaussian_l1,,,,,,,,,,exact Gaussian composition (mu-GDP),,,,,
S4,,64.0,10.0,0.01,8.0,101,gaussian,l2,0.059315343312448074,total,l2,8.0,64.0,1.0,10.0,0.03125,,,8.0,1e-05,0.9168618266978923,0.9094966562301401,0.9685213365750701,0.30548478142064694,0.19344544410705566,,,total,gaussian_l2,,,,,,,,,,exact Gaussian composition (mu-GDP),,,,,
S4,,64.0,10.0,0.01,8.0,202,gaussian,l2,0.059315343312448074,total,l2,8.0,64.0,1.0,10.0,0.03125,,,8.0,1e-05,0.927400468384075,0.9258540168966783,0.9666614192510189,0.32264573399306523,0.19393134117126465,,,total,gaussian_l2,,,,,,,,,,exact Gaussian composition (mu-GDP),,,,,
S4,,64.0,10.0,0.01,8.0,303,gaussian,l2,0.059315343312448074,total,l2,8.0,64.0,1.0,10.0,0.03125,,,8.0,1e-05,0.9285714285714286,0.9201255881478372,0.9726609644749962,0.2895329312841174,0.19740819931030273,,,total,gaussian_l2,,,,,,,,,,exact Gaussian composition (mu-GDP),,,,,
S4,,64.0,10.0,0.01,8.0,404,gaussian,l2,0.059315343312448074,total,l2,8.0,64.0,1.0,10.0,0.03125,,,8.0,1e-05,0.9238875878220141,0.9163591098050876,0.96739605744171,0.318137335297431,0.19797182083129883,,,total,gaussian_l2,,,,,,,,,,exact Gaussian composition (mu-GDP),,,,,
S4,,64.0,10.0,0.01,8.0,505,gaussian,l2,0.059315343312448074,total,l2,8.0,64.0,1.0,10.0,0.03125,,,8.0,1e-05,0.9192037470725996,0.9071353191886329,0.9696466157084302,0.2793299467438642,0.22167539596557617,,,total,gaussian_l2,,,,,,,,,,exact Gaussian composition (mu-GDP),,,,,
S4,,64.0,10.0,0.01,16.0,101,laplace,l1,0.01953125,total,l1,16.0,64.0,1.0,10.0,0.03125,1.6,0.0,16.0,0.0,0.6311475409836066,0.5123839009287926,0.9153591856010915,1.1824421416214654,0.19782423973083496,,,total,laplace_l1,,,,,,,,,,basic (pure DP),,,,,
S4,,64.0,10.0,0.01,16.0,202,laplace,l1,0.01953125,total,l1,16.0,64.0,1.0,10.0,0.03125,1.6,0.0,16.0,0.0,0.6604215456674473,0.5516899593616811,0.9050975727787398,0.934406278784721,0.20248198509216309,,,total,laplace_l1,,,,,,,,,,basic (pure DP),,,,,
S4,,64.0,10.0,0.01,16.0,303,laplace,l1,0.01953125,total,l1,16.0,64.0,1.0,10.0,0.03125,1.6,0.0,16.0,0.0,0.65807962529274,0.5485939841294829,0.8234128025280882,0.9992411792126569,0.19141340255737305,,,total,laplace_l1,,,,,,,,,,basic (pure DP),,,,,
S4,,64.0,10.0,0.01,16.0,404,laplace,l1,0.01953125,total,l1,16.0,64.0,1.0,10.0,0.03125,1.6,0.0,16.0,0.0,0.6217798594847775,0.5,0.7628284736433972,1.8384581895468635,0.21762347221374512,,,total,laplace_l1,,,,,,,,,,basic (pure DP),,,,,
S4,,64.0,10.0,0.01,16.0,505,laplace,l1,0.01953125,total,l1,16.0,64.0,1.0,10.0,0.03125,1.6,0.0,16.0,0.0,0.6686182669789227,0.5643449767656096,0.8879035408394699,1.148424489798708,0.19858026504516602,,,total,laplace_l1,,,,,,,,,,basic (pure DP),,,,,
S4,,64.0,10.0,0.01,16.0,202,gaussian,l1,0.03401201853963577,total,l1,16.0,64.0,1.0,10.0,0.03125,,,16.0,1e-05,0.6229508196721312,0.5015479876160991,0.8690711491257223,1.2310968696818883,0.193572998046875,,,total,gaussian_l1,,,,,,,,,,exact Gaussian composition (mu-GDP),,,,,
S4,,64.0,10.0,0.01,16.0,101,gaussian,l1,0.03401201853963577,total,l1,16.0,64.0,1.0,10.0,0.03125,,,16.0,1e-05,0.6264637002341921,0.5061919504643962,0.7735973366450357,1.330483565663457,0.21730971336364746,,,total,gaussian_l1,,,,,,,,,,exact Gaussian composition (mu-GDP),,,,,
S4,,64.0,10.0,0.01,16.0,303,gaussian,l1,0.03401201853963577,total,l1,16.0,64.0,1.0,10.0,0.03125,,,16.0,1e-05,0.6288056206088993,0.5098942937270061,0.899867648516439,1.3360424602332381,0.1811971664428711,,,total,gaussian_l1,,,,,,,,,,exact Gaussian composition (mu-GDP),,,,,
S4,,64.0,10.0,0.01,16.0,404,gaussian,l1,0.03401201853963577,total,l1,16.0,64.0,1.0,10.0,0.03125,,,16.0,1e-05,0.6288056206088993,0.5092879256965944,0.7464565368222817,1.1996532074303503,0.19602441787719727,,,total,gaussian_l1,,,,,,,,,,exact Gaussian composition (mu-GDP),,,,,
S4,,64.0,10.0,0.01,16.0,505,gaussian,l1,0.03401201853963577,total,l1,16.0,64.0,1.0,10.0,0.03125,,,16.0,1e-05,0.6217798594847775,0.5,0.8039507209366055,1.7717636626478133,0.18800044059753418,,,total,gaussian_l1,,,,,,,,,,exact Gaussian composition (mu-GDP),,,,,
S4,,64.0,10.0,0.01,16.0,101,gaussian,l2,0.03401201853963577,total,l2,16.0,64.0,1.0,10.0,0.03125,,,16.0,1e-05,0.9250585480093677,0.9191198334820101,0.9739320051541284,0.2931502595297501,0.20723557472229004,,,total,gaussian_l2,,,,,,,,,,exact Gaussian composition (mu-GDP),,,,,
S4,,64.0,10.0,0.01,16.0,202,gaussian,l2,0.03401201853963577,total,l2,16.0,64.0,1.0,10.0,0.03125,,,16.0,1e-05,0.9262295081967213,0.9243060292805794,0.9715939899599447,0.31385248827225726,0.18525981903076172,,,total,gaussian_l2,,,,,,,,,,exact Gaussian composition (mu-GDP),,,,,
S4,,64.0,10.0,0.01,16.0,303,gaussian,l2,0.03401201853963577,total,l2,16.0,64.0,1.0,10.0,0.03125,,,16.0,1e-05,0.9250585480093677,0.9179070974211867,0.9739261746922974,0.30366270754978536,0.1946561336517334,,,total,gaussian_l2,,,,,,,,,,exact Gaussian composition (mu-GDP),,,,,
S4,,64.0,10.0,0.01,16.0,404,gaussian,l2,0.03401201853963577,total,l2,16.0,64.0,1.0,10.0,0.03125,,,16.0,1e-05,0.9215456674473068,0.9144758706337128,0.9720545964445844,0.3209584869906214,0.1956181526184082,,,total,gaussian_l2,,,,,,,,,,exact Gaussian composition (mu-GDP),,,,,
S4,,64.0,10.0,0.01,16.0,505,gaussian,l2,0.03401201853963577,total,l2,16.0,64.0,1.0,10.0,0.03125,,,16.0,1e-05,0.9262295081967213,0.9194550850372858,0.9742468500929958,0.2592782056686092,0.20258688926696777,,,total,gaussian_l2,,,,,,,,,,exact Gaussian composition (mu-GDP),,,,,
S5,,64.0,10.0,0.01,1.0,101,laplace,l1,0.0625,per_update,l1,1.0,64.0,2.0,10.0,0.0625,1.0,0.0,10.0,0.0,0.629976580796253,0.5108359133126935,0.7344924291453125,1.130261924115492,0.29973387718200684,,,per_update,laplace_l1,,,,,,,,,,,2.0,,,,
S5,,64.0,10.0,0.01,1.0,202,laplace,l1,0.0625,per_update,l1,1.0,64.0,2.0,10.0,0.0625,1.0,0.0,10.0,0.0,0.6334894613583139,0.5209371884346959,0.8736713835102878,0.7078079686176425,0.2730545997619629,,,per_update,laplace_l1,,,,,,,,,,,2.0,,,,
S5,,64.0,10.0,0.01,1.0,303,laplace,l1,0.0625,per_update,l1,1.0,64.0,2.0,10.0,0.0625,1.0,0.0,10.0,0.0,0.629976580796253,0.5108359133126935,0.8162646563234275,0.7450400959109682,0.2800776958465576,,,per_update,laplace_l1,,,,,,,,,,,2.0,,,,
S5,,64.0,10.0,0.01,1.0,404,laplace,l1,0.0625,per_update,l1,1.0,64.0,2.0,10.0,0.0625,1.0,0.0,10.0,0.0,0.6217798594847775,0.5,0.6959355850576925,1.2484366025895937,0.27346324920654297,,,per_update,laplace_l1,,,,,,,,,,,2.0,,,,
S5,,64.0,10.0,0.01,1.0,505,laplace,l1,0.0625,per_update,l1,1.0,64.0,2.0,10.0,0.0625,1.0,0.0,10.0,0.0,0.6217798594847775,0.5,0.7093456472687202,1.849695605158398,0.273205041885376,,,per_update,laplace_l1,,,,,,,,,,,2.0,,,,
S5,,64.0,10.0,0.01,1.0,101,gaussian,l1,0.2640424305829275,per_update,l1,1.0,64.0,2.0,10.0,0.0625,1.0,1.0000000000000002e-06,10.0,1e-05,0.6112412177985949,0.5188119850973396,0.5215406412341921,0.8061247310454973,0.2493596076965332,,,per_update,gaussian_l1,,,,,,,,,,,2.0,,,,
S5,,64.0,10.0,0.01,1.0,202,gaussian,l1,0.2640424305829275,per_update,l1,1.0,64.0,2.0,10.0,0.0625,1.0,1.0000000000000002e-06,10.0,1e-05,0.6545667447306791,0.5833639432579455,0.6540437168028079,0.6369405210005498,0.24291777610778809,,,per_update,gaussian_l1,,,,,,,,,,,2.0,,,,
S5,,64.0,10.0,0.01,1.0,303,gaussian,l1,0.2640424305829275,per_update,l1,1.0,64.0,2.0,10.0,0.0625,1.0,1.0000000000000002e-06,10.0,1e-05,0.6182669789227166,0.5996513383825133,0.651629905604823,0.6490884817220685,0.2619764804840088,,,per_update,gaussian_l1,,,,,,,,,,,2.0,,,,
S5,,64.0,10.0,0.01,1.0,404,gaussian,l1,0.2640424305829275,per_update,l1,1.0,64.0,2.0,10.0,0.0625,1.0,1.0000000000000002e-06,10.0,1e-05,0.6686182669789227,0.5728341291913732,0.7593768402395155,0.5973569427219265,0.2745521068572998,,,per_update,gaussian_l1,,,,,,,,,,,2.0,,,,
S5,,64.0,10.0,0.01,1.0,505,gaussian,l1,0.2640424305829275,per_update,l1,1.0,64.0,2.0,10.0,0.0625,1.0,1.0000000000000002e-06,10.0,1e-05,0.6346604215456675,0.5291552243853236,0.645420463754934,0.6722394362258283,0.23989129066467285,,,per_update,gaussian_l1,,,,,,,,,,,2.0,,,,
S5,,64.0,10.0,0.01,4.0,101,laplace,l1,0.015625,per_update,l1,4.0,64.0,2.0,10.0,0.0625,4.0,0.0,40.0,0.0,0.6978922716627635,0.601831931107263,0.9436719082518528,0.8243596940576423,0.2756638526916504,,,per_update,laplace_l1,,,,,,,,,,,2.0,,,,
S5,,64.0,10.0,0.01,4.0,202,laplace,l1,0.015625,per_update,l1,4.0,64.0,2.0,10.0,0.0625,4.0,0.0,40.0,0.0,0.8899297423887588,0.8672228927253328,0.9625101304274312,0.2917650694952492,0.32289862632751465,,,per_update,laplace_l1,,,,,,,,,,,2.0,,,,
S5,,64.0,10.0,0.01,4.0,303,laplace,l1,0.015625,per_update,l1,4.0,64.0,2.0,10.0,0.0625,4.0,0.0,40.0,0.0,0.7704918032786885,0.7020517395182873,0.9414505022942867,0.6091901152924444,0.2673516273498535,,,per_update,laplace_l1,,,,,,,,,,,2.0,,,,
S5,,64.0,10.0,0.01,4.0,404,laplace,l1,0.015625,per_update,l1,4.0,64.0,2.0,10.0,0.0625,4.0,0.0,40.0,0.0,0.6241217798594848,0.5037023432626099,0.9199419286001643,1.0164270104768944,0.28276729583740234,,,per_update,laplace_l1,,,,,,,,,,,2.0,,,,
S5,,64.0,10.0,0.01,4.0,505,laplace,l1,0.015625,per_update,l1,4.0,64.0,2.0,10.0,0.0625,4.0,0.0,40.0,0.0,0.6967213114754098,0.6014966795519874,0.9323608122999423,0.8295274615494155,0.2727928161621094,,,per_update,laplace_l1,,,,,,,,,,,2.0,,,,
S5,,64.0,10.0,0.01,4.0,101,gaussian,l1,0.07459491169737412,per_update,l1,4.0,64.0,2.0,10.0,0.0625,4.0,1.0000000000000002e-06,40.0,1e-05,0.6217798594847775,0.5,0.6295849294222595,1.5551999396440657,0.2935202121734619,,,per_update,gaussian_l1,,,,,,,,,,,2.0,,,,
S5,,64.0,10.0,0.01,4.0,202,gaussian,l1,0.07459491169737412,per_update,l1,4.0,64.0,2.0,10.0,0.0625,4.0,1.0000000000000002e-06,40.0,1e-05,0.6264637002341921,0.5061919504643962,0.8362223271705351,1.0463232647507819,0.25794196128845215,,,per_update,gaussian_l1,,,,,,,,,,,2.0,,,,
S5,,64.0,10.0,0.01,4.0,303,gaussian,l1,0.07459491169737412,per_update,l1,4.0,64.0,2.0,10.0,0.0625,4.0,1.0000000000000002e-06,40.0,1e-05,0.6229508196721312,0.5015479876160991,0.7681808376041466,1.0883828903133235,0.23651766777038574,,,per_update,gaussian_l1,,,,,,,,,,,2.0,,,,
S5,,64.0,10.0,0.01,4.0,404,gaussian,l1,0.07459491169737412,per_update,l1,4.0,64.0,2.0,10.0,0.0625,4.0,1.0000000000000002e-06,40.0,1e-05,0.6264637002341921,0.5061919504643962,0.8346364415525354,1.0547028815221844,0.29180026054382324,,,per_update,gaussian_l1,,,,,,,,,,,2.0,,,,
S5,,64.0,10.0,0.01,4.0,505,gaussian,l1,0.07459491169737412,per_update,l1,4.0,64.0,2.0,10.0,0.0625,4.0,1.0000000000000002e-06,40.0,1e-05,0.6217798594847775,0.5,0.809332237206509,1.2521972241571155,0.23946022987365723,,,per_update,gaussian_l1,,,,,,,,,,,2.0,,,,
S5,,64.0,10.0,0.01,8.0,101,laplace,l1,0.0078125,per_update,l1,8.0,64.0,2.0,10.0,0.0625,8.0,0.0,80.0,0.0,0.9063231850117096,0.9016284479893653,0.9646557403811956,0.31400075275502665,0.277721643447876,,,per_update,laplace_l1,,,,,,,,,,,2.0,,,,
S5,,64.0,10.0,0.01,8.0,202,laplace,l1,0.0078125,per_update,l1,8.0,64.0,2.0,10.0,0.0625,8.0,0.0,80.0,0.0,0.9203747072599532,0.9129278830176137,0.9684513710330996,0.3217017115222821,0.31963467597961426,,,per_update,laplace_l1,,,,,,,,,,,2.0,,,,
S5,,64.0,10.0,0.01,8.0,303,laplace,l1,0.0078125,per_update,l1,8.0,64.0,2.0,10.0,0.0625,8.0,0.0,80.0,0.0,0.9074941451990632,0.9056019077271111,0.9647781800796442,0.3528535286801881,0.27377796173095703,,,per_update,laplace_l1,,,,,,,,,,,2.0,,,,
S5,,64.0,10.0,0.01,8.0,404,laplace,l1,0.0078125,per_update,l1,8.0,64.0,2.0,10.0,0.0625,8.0,0.0,80.0,0.0,0.9004683840749415,0.895707614000105,0.9580964708214539,0.2922701483246353,0.27400684356689453,,,per_update,laplace_l1,,,,,,,,,,,2.0,,,,
S5,,64.0,10.0,0.01,8.0,505,laplace,l1,0.0078125,per_update,l1,8.0,64.0,2.0,10.0,0.0625,8.0,0.0,80.0,0.0,0.9004683840749415,0.8932821418784582,0.9647665191559823,0.29703550600052986,0.2812192440032959,,,per_update,laplace_l1,,,,,,,,,,,2.0,,,,
S5,,64.0,10.0,0.01,8.0,101,gaussian,l1,0.0408084615223885,per_update,l1,8.0,64.0,2.0,10.0,0.0625,8.0,1.0000000000000002e-06,80.0,1e-05,0.6217798594847775,0.5,0.7593185356212065,1.8537681031561801,0.23840570449829102,,,per_update,gaussian_l1,,,,,,,,,,,2.0,,,,
S5,,64.0,10.0,0.01,8.0,202,gaussian,l1,0.0408084615223885,per_update,l1,8.0,64.0,2.0,10.0,0.0625,8.0,1.0000000000000002e-06,80.0,1e-05,0.6370023419203747,0.5201238390092879,0.9148635963454665,1.0757283965751279,0.25527310371398926,,,per_update,gaussian_l1,,,,,,,,,,,2.0,,,,
S5,,64.0,10.0,0.01,8.0,303,gaussian,l1,0.0408084615223885,per_update,l1,8.0,64.0,2.0,10.0,0.0625,8.0,1.0000000000000002e-06,80.0,1e-05,0.6229508196721312,0.5015479876160991,0.8560517278573637,1.3832319524628978,0.2417163848876953,,,per_update,gaussian_l1,,,,,,,,,,,2.0,,,,
S5,,64.0,10.0,0.01,8.0,404,gaussian,l1,0.0408084615223885,per_update,l1,8.0,64.0,2.0,10.0,0.0625,8.0,1.0000000000000002e-06,80.0,1e-05,0.629976580796253,0.5108359133126935,0.8880084891524258,1.3859401298595875,0.2617619037628174,,,per_update,gaussian_l1,,,,,,,,,,,2.0,,,,
S5,,64.0,10.0,0.01,8.0,505,gaussian,l1,0.0408084615223885,per_update,l1,8.0,64.0,2.0,10.0,0.0625,8.0,1.0000000000000002e-06,80.0,1e-05,0.6217798594847775,0.5,0.8836239818556028,1.3432126920806753,0.2583935260772705,,,per_update,gaussian_l1,,,,,,,,,,,2.0,,,,
S5,,64.0,10.0,0.01,1.0,101,laplace,l1,0.125,per_update,l1,1.0,64.0,4.0,10.0,0.125,1.0,0.0,10.0,0.0,0.6217798594847775,0.5,0.584789491175596,1.11702000240947,0.4524664878845215,,,per_update,laplace_l1,,,,,,,,,,,4.0,,,,
S5,,64.0,10.0,0.01,1.0,202,laplace,l1,0.125,per_update,l1,1.0,64.0,4.0,10.0,0.125,1.0,0.0,10.0,0.0,0.629976580796253,0.5120486493735169,0.732008652405357,0.9578322583732329,0.3893249034881592,,,per_update,laplace_l1,,,,,,,,,,,4.0,,,,
S5,,64.0,10.0,0.01,1.0,404,laplace,l1,0.125,per_update,l1,1.0,64.0,4.0,10.0,0.125,1.0,0.0,10.0,0.0,0.6264637002341921,0.5061919504643962,0.6525452881122713,1.1213033108850134,0.43276000022888184,,,per_update,laplace_l1,,,,,,,,,,,4.0,,,,
S5,,64.0,10.0,0.01,1.0,303,laplace,l1,0.125,per_update,l1,1.0,64.0,4.0,10.0,0.125,1.0,0.0,10.0,0.0,0.6288056206088993,0.5092879256965944,0.7400371983464811,0.7820264713367757,0.4480588436126709,,,per_update,laplace_l1,,,,,,,,,,,4.0,,,,
S5,,64.0,10.0,0.01,1.0,101,gaussian,l1,0.528084861165855,per_update,l1,1.0,64.0,4.0,10.0,0.125,1.0,1.0000000000000002e-06,10.0,1e-05,0.6545667447306791,0.5918530956837091,0.673150140222607,0.6482282945641539,0.3567502498626709,,,per_update,gaussian_l1,,,,,,,,,,,4.0,,,,
S5,,64.0,10.0,0.01,1.0,505,laplace,l1,0.125,per_update,l1,1.0,64.0,4.0,10.0,0.125,1.0,0.0,10.0,0.0,0.6229508196721312,0.5021543556465108,0.570953805250914,1.6551524243567104,0.46384525299072266,,,per_update,laplace_l1,,,,,,,,,,,4.0,,,,
S5,,64.0,10.0,0.01,1.0,202,gaussian,l1,0.528084861165855,per_update,l1,1.0,64.0,4.0,10.0,0.125,1.0,1.0000000000000002e-06,10.0,1e-05,0.5362997658079626,0.5901301942126836,0.6603231241946675,0.7405583611725848,0.3497016429901123,,,per_update,gaussian_l1,,,,,,,,,,,4.0,,,,
S5,,64.0,10.0,0.01,1.0,303,gaussian,l1,0.528084861165855,per_update,l1,1.0,64.0,4.0,10.0,0.125,1.0,1.0000000000000002e-06,10.0,1e-05,0.6217798594847775,0.5,0.38506119069691513,1.0339239695047437,0.3412041664123535,,,per_update,gaussian_l1,,,,,,,,,,,4.0,,,,
S5,,64.0,10.0,0.01,1.0,404,gaussian,l1,0.528084861165855,per_update,l1,1.0,64.0,4.0,10.0,0.125,1.0,1.0000000000000002e-06,10.0,1e-05,0.6217798594847775,0.5854978922880482,0.6814993615644296,0.645704086838102,0.372178316116333,,,per_update,gaussian_l1,,,,,,,,,,,4.0,,,,
S5,,64.0,10.0,0.01,1.0,505,gaussian,l1,0.528084861165855,per_update,l1,1.0,64.0,4.0,10.0,0.125,1.0,1.0000000000000002e-06,10.0,1e-05,0.6007025761124122,0.49457184003544924,0.5129348795718108,0.8100830572218652,0.35007357597351074,,,per_update,gaussian_l1,,,,,,,,,,,4.0,,,,
S5,,64.0,10.0,0.01,4.0,202,laplace,l1,0.03125,per_update,l1,4.0,64.0,4.0,10.0,0.125,4.0,0.0,40.0,0.0,0.7166276346604216,0.6272061009952599,0.9125663943840991,0.9340936029912044,0.3844621181488037,,,per_update,laplace_l1,,,,,,,,,,,4.0,,,,
S5,,64.0,10.0,0.01,4.0,101,laplace,l1,0.03125,per_update,l1,4.0,64.0,4.0,10.0,0.125,4.0,0.0,40.0,0.0,0.6217798594847775,0.5,0.8220834572306471,1.6168321674028492,0.4190652370452881,,,per_update,laplace_l1,,,,,,,,,,,4.0,,,,
S5,,64.0,10.0,0.01,4.0,303,laplace,l1,0.03125,per_update,l1,4.0,64.0,4.0,10.0,0.125,4.0,0.0,40.0,0.0,0.6241217798594848,0.5030959752321982,0.8934133272696528,1.2975066295026778,0.41472935676574707,,,per_update,laplace_l1,,,,,,,,,,,4.0,,,,
S5,,64.0,10.0,0.01,4.0,404,laplace,l1,0.03125,per_update,l1,4.0,64.0,4.0,10.0,0.125,4.0,0.0,40.0,0.0,0.639344262295082,0.5232198142414861,0.8621154081614804,1.4732747869485743,0.4711272716522217,,,per_update,laplace_l1,,,,,,,,,,,4.0,,,,
S5,,64.0,10.0,0.01,4.0,505,laplace,l1,0.03125,per_update,l1,4.0,64.0,4.0,10.0,0.125,4.0,0.0,40.0,0.0,0.6381733021077284,0.5240972987470338,0.818252843807758,1.5839148967721004,0.42756032943725586,,,per_update,laplace_l1,,,,,,,,,,,4.0,,,,
S5,,64.0,10.0,0.01,4.0,101,gaussian,l1,0.14918982339474823,per_update,l1,4.0,64.0,4.0,10.0,0.125,4.0,1.0000000000000002e-06,40.0,1e-05,0.6252927400468384,0.5058566989091206,0.7561409339233761,1.021936469855088,0.36449480056762695,,,per_update,gaussian_l1,,,,,,,,,,,4.0,,,,
S5,,64.0,10.0,0.01,4.0,202,gaussian,l1,0.14918982339474823,per_update,l1,4.0,64.0,4.0,10.0,0.125,4.0,1.0000000000000002e-06,40.0,1e-05,0.6814988290398126,0.5837983126643461,0.8761376688647509,0.5420652223980336,0.35701823234558105,,,per_update,gaussian_l1,,,,,,,,,,,4.0,,,,
S5,,64.0,10.0,0.01,4.0,303,gaussian,l1,0.14918982339474823,per_update,l1,4.0,64.0,4.0,10.0,0.125,4.0,1.0000000000000002e-06,40.0,1e-05,0.6217798594847775,0.5,0.4928547690262546,1.7036035719768572,0.3295626640319824,,,per_update,gaussian_l1,,,,,,,,,,,4.0,,,,
S5,,64.0,10.0,0.01,4.0,404,gaussian,l1,0.14918982339474823,per_update,l1,4.0,64.0,4.0,10.0,0.125,4.0,1.0000000000000002e-06,40.0,1e-05,0.6791569086651054,0.578883233340913,0.8321759866599032,0.6597581077986888,0.37093663215637207,,,per_update,gaussian_l1,,,,,,,,,,,4.0,,,,
S5,,64.0,10.0,0.01,4.0,505,gaussian,l1,0.14918982339474823,per_update,l1,4.0,64.0,4.0,10.0,0.125,4.0,1.0000000000000002e-06,40.0,1e-05,0.6252927400468384,0.5046439628482973,0.6425227242249859,1.2446450658874817,0.4069523811340332,,,per_update,gaussian_l1,,,,,,,,,,,4.0,,,,
S5,,64.0,10.0,0.01,8.0,101,laplace,l1,0.015625,per_update,l1,8.0,64.0,4.0,10.0,0.125,8.0,0.0,80.0,0.0,0.7377049180327869,0.6544635100546314,0.948930984823308,0.6255727070758987,0.3767375946044922,,,per_update,laplace_l1,,,,,,,,,,,4.0,,,,
S5,,64.0,10.0,0.01,8.0,202,laplace,l1,0.015625,per_update,l1,8.0,64.0,4.0,10.0,0.125,8.0,0.0,80.0,0.0,0.8899297423887588,0.8732865730294497,0.9568137692186599,0.37626616771921023,0.3954586982727051,,,per_update,laplace_l1,,,,,,,,,,,4.0,,,,
S5,,64.0,10.0,0.01,8.0,303,laplace,l1,0.015625,per_update,l1,8.0,64.0,4.0,10.0,0.125,8.0,0.0,80.0,0.0,0.8934426229508197,0.8742923276952768,0.9572160710849907,0.3188866011387357,0.3851442337036133,,,per_update,laplace_l1,,,,,,,,,,,4.0,,,,
S5,,64.0,10.0,0.01,8.0,404,laplace,l1,0.015625,per_update,l1,8.0,64.0,4.0,10.0,0.125,8.0,0.0,80.0,0.0,0.7868852459016393,0.726149038265321,0.9312588550139057,0.6229472028821318,0.39487695693969727,,,per_update,laplace_l1,,,,,,,,,,,4.0,,,,
S5,,64.0,10.0,0.01,8.0,505,laplace,l1,0.015625,per_update,l1,8.0,64.0,4.0,10.0,0.125,8.0,0.0,80.0,0.0,0.8173302107728337,0.7754922367400722,0.9256324593471048,0.6247168299531932,0.3810737133026123,,,per_update,laplace_l1,,,,,,,,,,,4.0,,,,
S5,,64.0,10.0,0.01,8.0,101,gaussian,l1,0.081616923044777,per_update,l1,8.0,64.0,4.0,10.0,0.125,8.0,1.0000000000000002e-06,80.0,1e-05,0.6217798594847775,0.5006063680304117,0.8109181228245089,1.3277565138244611,0.37151479721069336,,,per_update,gaussian_l1,,,,,,,,,,,4.0,,,,
S5,,64.0,10.0,0.01,8.0,202,gaussian,l1,0.081616923044777,per_update,l1,8.0,64.0,4.0,10.0,0.125,8.0,1.0000000000000002e-06,80.0,1e-05,0.6358313817330211,0.5185758513931888,0.9245654848320535,0.7717153390390767,0.36377906799316406,,,per_update,gaussian_l1,,,,,,,,,,,4.0,,,,
S5,,64.0,10.0,0.01,8.0,303,gaussian,l1,0.081616923044777,per_update,l1,8.0,64.0,4.0,10.0,0.125,8.0,1.0000000000000002e-06,80.0,1e-05,0.6217798594847775,0.5,0.6505745920134334,2.1011090979007268,0.34028005599975586,,,per_update,gaussian_l1,,,,,,,,,,,4.0,,,,
S5,,64.0,10.0,0.01,8.0,404,gaussian,l1,0.081616923044777,per_update,l1,8.0,64.0,4.0,10.0,0.125,8.0,1.0000000000000002e-06,80.0,1e-05,0.6475409836065574,0.5340557275541795,0.8932500743383882,1.0434205358035518,0.4008631706237793,,,per_update,gaussian_l1,,,,,,,,,,,4.0,,,,
S5,,64.0,10.0,0.01,8.0,505,gaussian,l1,0.081616923044777,per_update,l1,8.0,64.0,4.0,10.0,0.125,8.0,1.0000000000000002e-06,80.0,1e-05,0.6217798594847775,0.5,0.7437512025327526,1.5916169848455854,0.3531160354614258,,,per_update,gaussian_l1,,,,,,,,,,,4.0,,,,
S6,,64.0,10.0,0.001,16.0,101,laplace,l1,0.001953125,per_update,l1,16.0,64.0,1.0,10.0,0.03125,16.0,0.0,160.0,0.0,0.6217798594847775,0.5,0.9007713701002256,0.9360287438174831,0.24259090423583984,,,per_update,laplace_l1,,,,,,,,,,,,,,,
S6,,64.0,10.0,0.001,16.0,202,laplace,l1,0.001953125,per_update,l1,16.0,64.0,1.0,10.0,0.03125,16.0,0.0,160.0,0.0,0.6311475409836066,0.5123839009287926,0.9401561397678309,0.7861966157013802,0.250274658203125,,,per_update,laplace_l1,,,,,,,,,,,,,,,
S6,,64.0,10.0,0.001,16.0,303,laplace,l1,0.001953125,per_update,l1,16.0,64.0,1.0,10.0,0.03125,16.0,0.0,160.0,0.0,0.6217798594847775,0.5,0.9363138654212801,0.9615974759490149,0.20713043212890625,,,per_update,laplace_l1,,,,,,,,,,,,,,,
S6,,64.0,10.0,0.01,16.0,101,laplace,l1,0.001953125,per_update,l1,16.0,64.0,1.0,10.0,0.03125,16.0,0.0,160.0,0.0,0.9309133489461359,0.9286788756537405,0.9723811023071136,0.37575951024020343,0.2562544345855713,,,per_update,laplace_l1,,,,,,,,,,,,,,,
S6,,64.0,10.0,0.01,16.0,202,laplace,l1,0.001953125,per_update,l1,16.0,64.0,1.0,10.0,0.03125,16.0,0.0,160.0,0.0,0.9297423887587822,0.9283436240984648,0.972567677085702,0.39013542574345106,0.21043133735656738,,,per_update,laplace_l1,,,,,,,,,,,,,,,
S6,,64.0,10.0,0.01,16.0,303,laplace,l1,0.001953125,per_update,l1,16.0,64.0,1.0,10.0,0.03125,16.0,0.0,160.0,0.0,0.9180327868852459,0.915289220059121,0.9739203442304665,0.37200184999667174,0.21553349494934082,,,per_update,laplace_l1,,,,,,,,,,,,,,,
S6,,64.0,10.0,0.001,32.0,101,laplace,l1,0.0009765625,per_update,l1,32.0,64.0,1.0,10.0,0.03125,32.0,0.0,320.0,0.0,0.7365339578454333,0.6559473625905907,0.9536769807536454,0.6360915915612227,0.22398853302001953,,,per_update,laplace_l1,,,,,,,,,,,,,,,
S6,,64.0,10.0,0.001,32.0,202,laplace,l1,0.0009765625,per_update,l1,32.0,64.0,1.0,10.0,0.03125,32.0,0.0,320.0,0.0,0.8489461358313818,0.8069796458577484,0.9650988554803426,0.3522004141115207,0.20530343055725098,,,per_update,laplace_l1,,,,,,,,,,,,,,,
S6,,64.0,10.0,0.001,32.0,303,laplace,l1,0.0009765625,per_update,l1,32.0,64.0,1.0,10.0,0.03125,32.0,0.0,320.0,0.0,0.711943793911007,0.6222268865916869,0.9689527907505552,0.5829481598093229,0.21769428253173828,,,per_update,laplace_l1,,,,,,,,,,,,,,,
S6,,64.0,10.0,0.01,32.0,101,laplace,l1,0.0009765625,per_update,l1,32.0,64.0,1.0,10.0,0.03125,32.0,0.0,320.0,0.0,0.9355971896955504,0.9336580900573135,0.9764099514322528,0.36478591543374805,0.21598482131958008,,,per_update,laplace_l1,,,,,,,,,,,,,,,
S6,,64.0,10.0,0.01,32.0,202,laplace,l1,0.0009765625,per_update,l1,32.0,64.0,1.0,10.0,0.03125,32.0,0.0,320.0,0.0,0.9344262295081968,0.9333228385020378,0.9771212677756205,0.37011017331153995,0.2044823169708252,,,per_update,laplace_l1,,,,,,,,,,,,,,,
S6,,64.0,10.0,0.01,32.0,303,laplace,l1,0.0009765625,per_update,l1,32.0,64.0,1.0,10.0,0.03125,32.0,0.0,320.0,0.0,0.9262295081967213,0.9236996612501676,0.9795992140537452,0.35426599114126434,0.21587133407592773,,,per_update,laplace_l1,,,,,,,,,,,,,,,
S6,,64.0,10.0,0.001,64.0,101,laplace,l1,0.00048828125,per_update,l1,64.0,64.0,1.0,10.0,0.03125,64.0,0.0,640.0,0.0,0.9262295081967213,0.9218805571589326,0.9674835143691732,0.2696105805043133,0.2424166202545166,,,per_update,laplace_l1,,,,,,,,,,,,,,,
S6,,64.0,10.0,0.001,64.0,202,laplace,l1,0.00048828125,per_update,l1,64.0,64.0,1.0,10.0,0.03125,64.0,0.0,640.0,0.0,0.9227166276346604,0.9184493303714587,0.9707077597616507,0.2628720219001945,0.22152328491210938,,,per_update,laplace_l1,,,,,,,,,,,,,,,
S6,,64.0,10.0,0.001,64.0,303,laplace,l1,0.00048828125,per_update,l1,64.0,64.0,1.0,10.0,0.03125,64.0,0.0,640.0,0.0,0.9355971896955504,0.9372962982397837,0.9750747756729811,0.215350739204524,0.21167445182800293,,,per_update,laplace_l1,,,,,,,,,,,,,,,
S6,,64.0,10.0,0.01,64.0,101,laplace,l1,0.00048828125,per_update,l1,64.0,64.0,1.0,10.0,0.03125,64.0,0.0,640.0,0.0,0.9402810304449649,0.939243672491298,0.9813949962976567,0.32372666897044194,0.21558427810668945,,,per_update,laplace_l1,,,,,,,,,,,,,,,
S6,,64.0,10.0,0.01,64.0,202,laplace,l1,0.00048828125,per_update,l1,64.0,64.0,1.0,10.0,0.03125,64.0,0.0,640.0,0.0,0.9437939110070258,0.9438876353395953,0.981899331246028,0.3084161444211127,0.212721586227417,,,per_update,laplace_l1,,,,,,,,,,,,,,,
S6,,64.0,10.0,0.01,64.0,303,laplace,l1,0.00048828125,per_update,l1,64.0,64.0,1.0,10.0,0.03125,64.0,0.0,640.0,0.0,0.9309133489461359,0.9292852436841522,0.9837388419536711,0.316061278496034,0.25249719619750977,,,per_update,laplace_l1,,,,,,,,,,,,,,,
S6,,64.0,10.0,0.001,128.0,101,laplace,l1,0.000244140625,per_update,l1,128.0,64.0,1.0,10.0,0.03125,128.0,0.0,1280.0,0.0,0.9309133489461359,0.9274661395929171,0.9729466571047092,0.28936539480663065,0.19783663749694824,,,per_update,laplace_l1,,,,,,,,,,,,,,,
S6,,64.0,10.0,0.001,128.0,202,laplace,l1,0.000244140625,per_update,l1,128.0,64.0,1.0,10.0,0.03125,128.0,0.0,1280.0,0.0,0.927400468384075,0.9228221767446199,0.9730399444940033,0.29570742158261365,0.21752572059631348,,,per_update,laplace_l1,,,,,,,,,,,,,,,
S6,,64.0,10.0,0.001,128.0,303,laplace,l1,0.000244140625,per_update,l1,128.0,64.0,1.0,10.0,0.03125,128.0,0.0,1280.0,0.0,0.9355971896955504,0.9354771941485485,0.9752147067569221,0.26482122673472536,0.2008368968963623,,,per_update,laplace_l1,,,,,,,,,,,,,,,
S6,,64.0,10.0,0.01,128.0,101,laplace,l1,0.000244140625,per_update,l1,128.0,64.0,1.0,10.0,0.03125,128.0,0.0,1280.0,0.0,0.9449648711943794,0.944222886894871,0.9850623567892813,0.29404247707718073,0.2160348892211914,,,per_update,laplace_l1,,,,,,,,,,,,,,,
S6,,64.0,10.0,0.01,128.0,202,laplace,l1,0.000244140625,per_update,l1,128.0,64.0,1.0,10.0,0.03125,128.0,0.0,1280.0,0.0,0.9449648711943794,0.9466483590165178,0.9860389591459539,0.2730074559547193,0.20830178260803223,,,per_update,laplace_l1,,,,,,,,,,,,,,,
S4,,64.0,5.0,0.01,2.0,101,laplace,l1,0.078125,total,l1,2.0,64.0,1.0,5.0,0.03125,0.4,0.0,2.0,0.0,0.47892271662763464,0.5379271542098849,0.5830578440118243,0.7576673097228293,0.10611486434936523,,,total,laplace_l1,,,,,,,,,,basic (pure DP),,,,,
S6,,64.0,10.0,0.01,128.0,303,laplace,l1,0.000244140625,per_update,l1,128.0,64.0,1.0,10.0,0.03125,128.0,0.0,1280.0,0.0,0.9391100702576113,0.9389084209360223,0.9860418743768693,0.29437659201800576,0.2068617343902588,,,per_update,laplace_l1,,,,,,,,,,,,,,,
S4,,64.0,5.0,0.01,2.0,202,laplace,l1,0.078125,total,l1,2.0,64.0,1.0,5.0,0.03125,0.4,0.0,2.0,0.0,0.6030444964871194,0.5946867001335177,0.6413916146297949,0.6533682471704572,0.11090970039367676,,,total,laplace_l1,,,,,,,,,,basic (pure DP),,,,,
S4,,64.0,5.0,0.01,2.0,303,laplace,l1,0.078125,total,l1,2.0,64.0,1.0,5.0,0.03125,0.4,0.0,2.0,0.0,0.617096018735363,0.5138181945391894,0.640202200416295,0.6439655476975751,0.10632944107055664,,,total,laplace_l1,,,,,,,,,,basic (pure DP),,,,,
S4,,64.0,5.0,0.01,2.0,404,laplace,l1,0.078125,total,l1,2.0,64.0,1.0,5.0,0.03125,0.4,0.0,2.0,0.0,0.6217798594847775,0.5,0.5452822818095422,0.797583194158791,0.10513067245483398,,,total,laplace_l1,,,,,,,,,,basic (pure DP),,,,,
S4,,64.0,5.0,0.01,2.0,505,laplace,l1,0.078125,total,l1,2.0,64.0,1.0,5.0,0.03125,0.4,0.0,2.0,0.0,0.7189695550351288,0.63818486062281,0.824159101642441,0.5425913198711891,0.10549640655517578,,,total,laplace_l1,,,,,,,,,,basic (pure DP),,,,,
S4,,64.0,5.0,0.01,2.0,101,gaussian,l1,0.13932188008887667,total,l1,2.0,64.0,1.0,5.0,0.03125,,,2.0,1e-05,0.6217798594847775,0.5576049628891104,0.6021700978934541,0.6654425888844165,0.09381723403930664,,,total,gaussian_l1,,,,,,,,,,exact Gaussian composition (mu-GDP),,,,,
S4,,64.0,5.0,0.01,2.0,202,gaussian,l1,0.13932188008887667,total,l1,2.0,64.0,1.0,5.0,0.03125,,,2.0,1e-05,0.38173302107728335,0.5016121226962388,0.38863526379924557,0.9186768925623996,0.09487462043762207,,,total,gaussian_l1,,,,,,,,,,exact Gaussian composition (mu-GDP),,,,,
S4,,64.0,5.0,0.01,2.0,303,gaussian,l1,0.13932188008887667,total,l1,2.0,64.0,1.0,5.0,0.03125,,,2.0,1e-05,0.5515222482435597,0.6211686577693819,0.7003783969728241,0.7257232514909128,0.09367227554321289,,,total,gaussian_l1,,,,,,,,,,exact Gaussian composition (mu-GDP),,,,,
S4,,64.0,5.0,0.01,2.0,404,gaussian,l1,0.13932188008887667,total,l1,2.0,64.0,1.0,5.0,0.03125,,,2.0,1e-05,0.42505854800936765,0.5073463819069108,0.5077690903896497,0.8044936913126808,0.09535408020019531,,,total,gaussian_l1,,,,,,,,,,exact Gaussian composition (mu-GDP),,,,,
S4,,64.0,5.0,0.01,2.0,505,gaussian,l1,0.13932188008887667,total,l1,2.0,64.0,1.0,5.0,0.03125,,,2.0,1e-05,0.5784543325526932,0.47486196381615386,0.4097881793216841,0.7876971882811475,0.09346508979797363,,,total,gaussian_l1,,,,,,,,,,exact Gaussian composition (mu-GDP),,,,,
S4,,64.0,5.0,0.01,2.0,101,gaussian,l2,0.13932188008887667,total,l2,2.0,64.0,1.0,5.0,0.03125,,,2.0,1e-05,0.8899297423887588,0.8793502533335665,0.9485053611096533,0.2848409077648275,0.1002962589263916,,,total,gaussian_l2,,,,,,,,,,exact Gaussian composition (mu-GDP),,,,,
S4,,64.0,5.0,0.01,2.0,202,gaussian,l2,0.13932188008887667,total,l2,2.0,64.0,1.0,5.0,0.03125,,,2.0,1e-05,0.8735362997658079,0.8613166348906497,0.9486103094226094,0.28093179480092034,0.09498167037963867,,,total,gaussian_l2,,,,,,,,,,exact Gaussian composition (mu-GDP),,,,,
S4,,64.0,5.0,0.01,2.0,303,gaussian,l2,0.13932188008887667,total,l2,2.0,64.0,1.0,5.0,0.03125,,,2.0,1e-05,0.9028103044496487,0.9012290613539499,0.9677866983843791,0.2316704229424704,0.10361528396606445,,,total,gaussian_l2,,,,,,,,,,exact Gaussian composition (mu-GDP),,,,,
S4,,64.0,5.0,0.01,2.0,404,gaussian,l2,0.13932188008887667,total,l2,2.0,64.0,1.0,5.0,0.03125,,,2.0,1e-05,0.870023419203747,0.8524280958294707,0.9431063534542572,0.3000431227278415,0.09777569770812988,,,total,gaussian_l2,,,,,,,,,,exact Gaussian composition (mu-GDP),,,,,
S4,,64.0,5.0,0.01,2.0,505,gaussian,l2,0.13932188008887667,total,l2,2.0,64.0,1.0,5.0,0.03125,,,2.0,1e-05,0.8430913348946136,0.807122492172605,0.9459399579040656,0.3369129218125235,0.10780477523803711,,,total,gaussian_l2,,,,,,,,,,exact Gaussian composition (mu-GDP),,,,,
S4,,64.0,5.0,0.01,4.0,101,laplace,l1,0.0390625,total,l1,4.0,64.0,1.0,5.0,0.03125,0.8,0.0,4.0,0.0,0.6440281030444965,0.6167287610851655,0.6582649711683662,0.6345286950670251,0.11051321029663086,,,total,laplace_l1,,,,,,,,,,basic (pure DP),,,,,
S4,,64.0,5.0,0.01,4.0,202,laplace,l1,0.0390625,total,l1,4.0,64.0,1.0,5.0,0.03125,0.8,0.0,4.0,0.0,0.7037470725995316,0.6332202223738143,0.7211290106289319,0.593479909898439,0.10928940773010254,,,total,laplace_l1,,,,,,,,,,basic (pure DP),,,,,
S4,,64.0,5.0,0.01,4.0,303,laplace,l1,0.0390625,total,l1,4.0,64.0,1.0,5.0,0.03125,0.8,0.0,4.0,0.0,0.6194379391100703,0.4981167608286252,0.6828461982473631,0.7035055465263312,0.10267400741577148,,,total,laplace_l1,,,,,,,,,,basic (pure DP),,,,,
S4,,64.0,5.0,0.01,4.0,404,laplace,l1,0.0390625,total,l1,4.0,64.0,1.0,5.0,0.03125,0.8,0.0,4.0,0.0,0.6217798594847775,0.5,0.595867368654271,0.9010805871831794,0.10199475288391113,,,total,laplace_l1,,,,,,,,,,basic (pure DP),,,,,
S4,,64.0,5.0,0.01,4.0,505,laplace,l1,0.0390625,total,l1,4.0,64.0,1.0,5.0,0.03125,0.8,0.0,4.0,0.0,0.6686182669789227,0.5619195046439629,0.867362823809274,0.5672250900149258,0.10859560966491699,,,total,laplace_l1,,,,,,,,,,basic (pure DP),,,,,
S4,,64.0,5.0,0.01,4.0,101,gaussian,l1,0.07554848094395797,total,l1,4.0,64.0,1.0,5.0,0.03125,,,4.0,1e-05,0.6440281030444965,0.5348690769795876,0.6261974310985172,0.689066297296139,0.09505963325500488,,,total,gaussian_l1,,,,,,,,,,exact Gaussian composition (mu-GDP),,,,,
S4,,64.0,5.0,0.01,4.0,202,gaussian,l1,0.07554848094395797,total,l1,4.0,64.0,1.0,5.0,0.03125,,,4.0,1e-05,0.45081967213114754,0.5141155480925644,0.46290368660101566,0.7784154760536247,0.1065208911895752,,,total,gaussian_l1,,,,,,,,,,exact Gaussian composition (mu-GDP),,,,,
S4,,64.0,5.0,0.01,4.0,303,gaussian,l1,0.07554848094395797,total,l1,4.0,64.0,1.0,5.0,0.03125,,,4.0,1e-05,0.6662763466042154,0.6782780314028674,0.7499198311498253,0.6138910516635105,0.12191605567932129,,,total,gaussian_l1,,,,,,,,,,exact Gaussian composition (mu-GDP),,,,,
S4,,64.0,5.0,0.01,4.0,404,gaussian,l1,0.07554848094395797,total,l1,4.0,64.0,1.0,5.0,0.03125,,,4.0,1e-05,0.47423887587822017,0.4898958096470821,0.5345717234262126,0.7203795834292547,0.10671019554138184,,,total,gaussian_l1,,,,,,,,,,exact Gaussian composition (mu-GDP),,,,,
S4,,64.0,5.0,0.01,4.0,101,gaussian,l2,0.07554848094395797,total,l2,4.0,64.0,1.0,5.0,0.03125,,,4.0,1e-05,0.927400468384075,0.9216094406837966,0.967442701136357,0.2395831844759655,0.09373354911804199,,,total,gaussian_l2,,,,,,,,,,exact Gaussian composition (mu-GDP),,,,,
S4,,64.0,5.0,0.01,4.0,505,gaussian,l1,0.07554848094395797,total,l1,4.0,64.0,1.0,5.0,0.03125,,,4.0,1e-05,0.6182669789227166,0.5002069813949963,0.4711537900917132,0.8253899774591039,0.11002588272094727,,,total,gaussian_l1,,,,,,,,,,exact Gaussian composition (mu-GDP),,,,,
S4,,64.0,5.0,0.01,4.0,202,gaussian,l2,0.07554848094395797,total,l2,4.0,64.0,1.0,5.0,0.03125,,,4.0,1e-05,0.9133489461358314,0.9090972695947246,0.9655478010413205,0.24641118133248754,0.1034095287322998,,,total,gaussian_l2,,,,,,,,,,exact Gaussian composition (mu-GDP),,,,,
S4,,64.0,5.0,0.01,4.0,303,gaussian,l2,0.07554848094395797,total,l2,4.0,64.0,1.0,5.0,0.03125,,,4.0,1e-05,0.9262295081967213,0.926731501402226,0.9727017777078123,0.2193534447075576,0.10133957862854004,,,total,gaussian_l2,,,,,,,,,,exact Gaussian composition (mu-GDP),,,,,
S4,,64.0,5.0,0.01,4.0,505,gaussian,l2,0.07554848094395797,total,l2,4.0,64.0,1.0,5.0,0.03125,,,4.0,1e-05,0.9168618266978923,0.9101030242605517,0.9642126252820487,0.24218026613185928,0.09883356094360352,,,total,gaussian_l2,,,,,,,,,,exact Gaussian composition (mu-GDP),,,,,
S4,,64.0,5.0,0.01,4.0,404,gaussian,l2,0.07554848094395797,total,l2,4.0,64.0,1.0,5.0,0.03125,,,4.0,1e-05,0.9063231850117096,0.9046602881414236,0.9626733833586958,0.27411778060579284,0.11489677429199219,,,total,gaussian_l2,,,,,,,,,,exact Gaussian composition (mu-GDP),,,,,
S4,,64.0,5.0,0.01,8.0,101,laplace,l1,0.01953125,total,l1,8.0,64.0,1.0,5.0,0.03125,1.6,0.0,8.0,0.0,0.6545667447306791,0.543343653250774,0.7981202591057237,0.6105629289564938,0.10561990737915039,,,total,laplace_l1,,,,,,,,,,basic (pure DP),,,,,
S4,,64.0,5.0,0.01,8.0,202,laplace,l1,0.01953125,total,l1,8.0,64.0,1.0,5.0,0.03125,1.6,0.0,8.0,0.0,0.6381733021077284,0.5222781946557987,0.8232087363640074,0.7325062558198181,0.13400840759277344,,,total,laplace_l1,,,,,,,,,,basic (pure DP),,,,,
S4,,64.0,5.0,0.01,8.0,303,laplace,l1,0.01953125,total,l1,8.0,64.0,1.0,5.0,0.03125,1.6,0.0,8.0,0.0,0.6217798594847775,0.5,0.7550389766373394,1.00090399608375,0.1110076904296875,,,total,laplace_l1,,,,,,,,,,basic (pure DP),,,,,
S4,,64.0,5.0,0.01,8.0,404,laplace,l1,0.01953125,total,l1,8.0,64.0,1.0,5.0,0.03125,1.6,0.0,8.0,0.0,0.6217798594847775,0.5,0.6929970322949282,1.1898563119657632,0.1328434944152832,,,total,laplace_l1,,,,,,,,,,basic (pure DP),,,,,
S4,,64.0,5.0,0.01,8.0,505,laplace,l1,0.01953125,total,l1,8.0,64.0,1.0,5.0,0.03125,1.6,0.0,8.0,0.0,0.629976580796253,0.5108359133126935,0.8995819558867257,0.8306368842002531,0.14040327072143555,,,total,laplace_l1,,,,,,,,,,basic (pure DP),,,,,
S4,,64.0,5.0,0.01,8.0,101,gaussian,l1,0.041942281484640166,total,l1,8.0,64.0,1.0,5.0,0.03125,,,8.0,1e-05,0.6217798594847775,0.5,0.664188720388542,0.8231007156090382,0.10769915580749512,,,total,gaussian_l1,,,,,,,,,,exact Gaussian composition (mu-GDP),,,,,
S4,,64.0,5.0,0.01,8.0,202,gaussian,l1,0.041942281484640166,total,l1,8.0,64.0,1.0,5.0,0.03125,,,8.0,1e-05,0.6311475409836066,0.5408831983581419,0.6772431244278859,0.6208665455994494,0.11971521377563477,,,total,gaussian_l1,,,,,,,,,,exact Gaussian composition (mu-GDP),,,,,
S4,,64.0,5.0,0.01,8.0,303,gaussian,l1,0.041942281484640166,total,l1,8.0,64.0,1.0,5.0,0.03125,,,8.0,1e-05,0.7306791569086651,0.6585156810270941,0.8275990741226613,0.5304021754820024,0.1080617904663086,,,total,gaussian_l1,,,,,,,,,,exact Gaussian composition (mu-GDP),,,,,
S4,,64.0,5.0,0.01,8.0,404,gaussian,l1,0.041942281484640166,total,l1,8.0,64.0,1.0,5.0,0.03125,,,8.0,1e-05,0.6206088992974239,0.5487805589080711,0.5868184918927428,0.6582301549467965,0.10425519943237305,,,total,gaussian_l1,,,,,,,,,,exact Gaussian composition (mu-GDP),,,,,
S4,,64.0,5.0,0.01,8.0,505,gaussian,l1,0.041942281484640166,total,l1,8.0,64.0,1.0,5.0,0.03125,,,8.0,1e-05,0.6229508196721312,0.5015479876160991,0.5784925923982438,0.9940306420360723,0.09864091873168945,,,total,gaussian_l1,,,,,,,,,,exact Gaussian composition (mu-GDP),,,,,
S4,,64.0,5.0,0.01,8.0,101,gaussian,l2,0.041942281484640166,total,l2,8.0,64.0,1.0,5.0,0.03125,,,8.0,1e-05,0.9227166276346604,0.9154174902194003,0.9733198066618857,0.2412632892479329,0.09669995307922363,,,total,gaussian_l2,,,,,,,,,,exact Gaussian composition (mu-GDP),,,,,
S4,,64.0,5.0,0.01,8.0,202,gaussian,l2,0.041942281484640166,total,l2,8.0,64.0,1.0,5.0,0.03125,,,8.0,1e-05,0.9250585480093677,0.9203325695428335,0.9705794896013713,0.25736772410744263,0.09657692909240723,,,total,gaussian_l2,,,,,,,,,,exact Gaussian composition (mu-GDP),,,,,
S4,,64.0,5.0,0.01,8.0,303,gaussian,l2,0.041942281484640166,total,l2,8.0,64.0,1.0,5.0,0.03125,,,8.0,1e-05,0.927400468384075,0.9252476488662666,0.975179723985937,0.2356481428697125,0.09510564804077148,,,total,gaussian_l2,,,,,,,,,,exact Gaussian composition (mu-GDP),,,,,
S4,,64.0,5.0,0.01,8.0,404,gaussian,l2,0.041942281484640166,total,l2,8.0,64.0,1.0,5.0,0.03125,,,8.0,1e-05,0.9203747072599532,0.9202042993825541,0.9693376012313936,0.2897441246591373,0.09409546852111816,,,total,gaussian_l2,,,,,,,,,,exact Gaussian composition (mu-GDP),,,,,
S4,,64.0,5.0,0.01,8.0,505,gaussian,l2,0.041942281484640166,total,l2,8.0,64.0,1.0,5.0,0.03125,,,8.0,1e-05,0.9250585480093677,0.9185134654515984,0.9689003165940774,0.2570100956490747,0.10080075263977051,,,total,gaussian_l2,,,,,,,,,,exact Gaussian composition (mu-GDP),,,,,
S4,,64.0,5.0,0.01,16.0,101,laplace,l1,0.009765625,total,l1,16.0,64.0,1.0,5.0,0.03125,3.2,0.0,16.0,0.0,0.6217798594847775,0.5,0.9265011981599063,1.0450415383079632,0.12636566162109375,,,total,laplace_l1,,,,,,,,,,basic (pure DP),,,,,
S4,,64.0,5.0,0.01,16.0,202,laplace,l1,0.009765625,total,l1,16.0,64.0,1.0,5.0,0.03125,3.2,0.0,16.0,0.0,0.6451990632318502,0.5315661203523931,0.9058905155877397,0.9505104643691423,0.10662245750427246,,,total,laplace_l1,,,,,,,,,,basic (pure DP),,,,,
S4,,64.0,5.0,0.01,16.0,303,laplace,l1,0.009765625,total,l1,16.0,64.0,1.0,5.0,0.03125,3.2,0.0,16.0,0.0,0.6217798594847775,0.5,0.8666106942330901,1.3405898065811457,0.10698890686035156,,,total,laplace_l1,,,,,,,,,,basic (pure DP),,,,,
S4,,64.0,5.0,0.01,16.0,404,laplace,l1,0.009765625,total,l1,16.0,64.0,1.0,5.0,0.03125,3.2,0.0,16.0,0.0,0.6217798594847775,0.5,0.8459300461189532,1.3410426484432227,0.0996696949005127,,,total,laplace_l1,,,,,,,,,,basic (pure DP),,,,,
S4,,64.0,5.0,0.01,16.0,505,laplace,l1,0.009765625,total,l1,16.0,64.0,1.0,5.0,0.03125,3.2,0.0,16.0,0.0,0.6475409836065574,0.5346620955845912,0.9397888206724856,0.9639244554274391,0.10253477096557617,,,total,laplace_l1,,,,,,,,,,basic (pure DP),,,,,
S4,,64.0,5.0,0.01,16.0,101,gaussian,l1,0.02405012895121903,total,l1,16.0,64.0,1.0,5.0,0.03125,,,16.0,1e-05,0.6217798594847775,0.5,0.7254318914601227,1.1493800701924695,0.09444761276245117,,,total,gaussian_l1,,,,,,,,,,exact Gaussian composition (mu-GDP),,,,,
S4,,64.0,5.0,0.01,16.0,202,gaussian,l1,0.02405012895121903,total,l1,16.0,64.0,1.0,5.0,0.03125,,,16.0,1e-05,0.6241217798594848,0.5030959752321982,0.8435920309247695,0.742957995851421,0.09678840637207031,,,total,gaussian_l1,,,,,,,,,,exact Gaussian composition (mu-GDP),,,,,
S4,,64.0,5.0,0.01,16.0,303,gaussian,l1,0.02405012895121903,total,l1,16.0,64.0,1.0,5.0,0.03125,,,16.0,1e-05,0.6288056206088993,0.5092879256965944,0.9023047815617474,0.6954260709473773,0.0950155258178711,,,total,gaussian_l1,,,,,,,,,,exact Gaussian composition (mu-GDP),,,,,
S4,,64.0,5.0,0.01,16.0,404,gaussian,l1,0.02405012895121903,total,l1,16.0,64.0,1.0,5.0,0.03125,,,16.0,1e-05,0.6498829039812647,0.5377580708167894,0.6719374041617837,0.8131707642095954,0.1010441780090332,,,total,gaussian_l1,,,,,,,,,,exact Gaussian composition (mu-GDP),,,,,
S4,,64.0,5.0,0.01,16.0,505,gaussian,l1,0.02405012895121903,total,l1,16.0,64.0,1.0,5.0,0.03125,,,16.0,1e-05,0.6217798594847775,0.5,0.717327549515197,1.4250427397134127,0.09951996803283691,,,total,gaussian_l1,,,,,,,,,,exact Gaussian composition (mu-GDP),,,,,
S4,,64.0,5.0,0.01,16.0,101,gaussian,l2,0.02405012895121903,total,l2,16.0,64.0,1.0,5.0,0.03125,,,16.0,1e-05,0.927400468384075,0.9203967046229732,0.9763691381994367,0.2478551501695403,0.09605717658996582,,,total,gaussian_l2,,,,,,,,,,exact Gaussian composition (mu-GDP),,,,,
S4,,64.0,5.0,0.01,16.0,202,gaussian,l2,0.02405012895121903,total,l2,16.0,64.0,1.0,5.0,0.03125,,,16.0,1e-05,0.9250585480093677,0.9191198334820101,0.9738737005358195,0.2673937402410518,0.09636950492858887,,,total,gaussian_l2,,,,,,,,,,exact Gaussian composition (mu-GDP),,,,,
S4,,64.0,5.0,0.01,16.0,303,gaussian,l2,0.02405012895121903,total,l2,16.0,64.0,1.0,5.0,0.03125,,,16.0,1e-05,0.9355971896955504,0.9312326179356667,0.9777159748823705,0.24213729839109793,0.09676313400268555,,,total,gaussian_l2,,,,,,,,,,exact Gaussian composition (mu-GDP),,,,,
S4,,64.0,5.0,0.01,16.0,404,gaussian,l2,0.02405012895121903,total,l2,16.0,64.0,1.0,5.0,0.03125,,,16.0,1e-05,0.9285714285714286,0.9292211086040125,0.9729058438718932,0.2970376400821802,0.09389972686767578,,,total,gaussian_l2,,,,,,,,,,exact Gaussian composition (mu-GDP),,,,,
S4,,64.0,5.0,0.01,16.0,505,gaussian,l2,0.02405012895121903,total,l2,16.0,64.0,1.0,5.0,0.03125,,,16.0,1e-05,0.9309133489461359,0.9244342994408588,0.9734947205168122,0.2550100589985599,0.09712791442871094,,,total,gaussian_l2,,,,,,,,,,exact Gaussian composition (mu-GDP),,,,,
S4,,32.0,2.0,0.01,2.0,101,laplace,l1,0.0625,total,l1,2.0,32.0,1.0,2.0,0.0625,1.0,0.0,2.0,0.0,0.4718969555035129,0.5322774366957607,0.5817634814853685,0.7300832243444263,0.07093644142150879,,,total,laplace_l1,,,,,,,,,,basic (pure DP),,,,,
S4,,32.0,2.0,0.01,2.0,202,laplace,l1,0.0625,total,l1,2.0,32.0,1.0,2.0,0.0625,1.0,0.0,2.0,0.0,0.6592505854800936,0.614416982969221,0.7163363710039472,0.5992193762057975,0.07123661041259766,,,total,laplace_l1,,,,,,,,,,basic (pure DP),,,,,
S4,,32.0,2.0,0.01,2.0,303,laplace,l1,0.0625,total,l1,2.0,32.0,1.0,2.0,0.0625,1.0,0.0,2.0,0.0,0.6042154566744731,0.49375849061004123,0.5769650113985529,0.6608246965364486,0.07089567184448242,,,total,laplace_l1,,,,,,,,,,basic (pure DP),,,,,
S4,,32.0,2.0,0.01,2.0,404,laplace,l1,0.0625,total,l1,2.0,32.0,1.0,2.0,0.0625,1.0,0.0,2.0,0.0,0.6217798594847775,0.5,0.5323678088541393,0.7887417571087366,0.07482695579528809,,,total,laplace_l1,,,,,,,,,,basic (pure DP),,,,,
S4,,32.0,2.0,0.01,2.0,505,laplace,l1,0.0625,total,l1,2.0,32.0,1.0,2.0,0.0625,1.0,0.0,2.0,0.0,0.6592505854800936,0.5513547078064054,0.8316162623241388,0.5647887497399047,0.07238197326660156,,,total,laplace_l1,,,,,,,,,,basic (pure DP),,,,,
S4,,32.0,2.0,0.01,2.0,101,gaussian,l1,0.17622978759108499,total,l1,2.0,32.0,1.0,2.0,0.0625,,,2.0,1e-05,0.617096018735363,0.4962335216572505,0.5644703316949735,0.7016268431304052,0.06650543212890625,,,total,gaussian_l1,,,,,,,,,,exact Gaussian composition (mu-GDP),,,,,
S4,,32.0,2.0,0.01,2.0,202,gaussian,l1,0.17622978759108499,total,l1,2.0,32.0,1.0,2.0,0.0625,,,2.0,1e-05,0.38524590163934425,0.5056497175141242,0.4254837825704174,0.8949450557014821,0.06717634201049805,,,total,gaussian_l1,,,,,,,,,,exact Gaussian composition (mu-GDP),,,,,
S4,,32.0,2.0,0.01,2.0,303,gaussian,l1,0.17622978759108499,total,l1,2.0,32.0,1.0,2.0,0.0625,,,2.0,1e-05,0.6007025761124122,0.6085690297528468,0.6687423110784606,0.6611483672622004,0.0662844181060791,,,total,gaussian_l1,,,,,,,,,,exact Gaussian composition (mu-GDP),,,,,
S4,,32.0,2.0,0.01,2.0,404,gaussian,l1,0.17622978759108499,total,l1,2.0,32.0,1.0,2.0,0.0625,,,2.0,1e-05,0.4379391100702576,0.5061832047716499,0.47943304589156505,0.8062084215393237,0.06634831428527832,,,total,gaussian_l1,,,,,,,,,,exact Gaussian composition (mu-GDP),,,,,
S4,,32.0,2.0,0.01,2.0,505,gaussian,l1,0.17622978759108499,total,l1,2.0,32.0,1.0,2.0,0.0625,,,2.0,1e-05,0.5960187353629977,0.48656078547981785,0.41336808288584537,0.7171143629873713,0.06604695320129395,,,total,gaussian_l1,,,,,,,,,,exact Gaussian composition (mu-GDP),,,,,
S4,,32.0,2.0,0.01,2.0,101,gaussian,l2,0.17622978759108499,total,l2,2.0,32.0,1.0,2.0,0.0625,,,2.0,1e-05,0.6463700234192038,0.5325077399380805,0.8985791164518142,0.620628381611908,0.06655645370483398,,,total,gaussian_l2,,,,,,,,,,exact Gaussian composition (mu-GDP),,,,,
S4,,32.0,2.0,0.01,2.0,202,gaussian,l2,0.17622978759108499,total,l2,2.0,32.0,1.0,2.0,0.0625,,,2.0,1e-05,0.775175644028103,0.7137010022563888,0.9341974077766699,0.40550269704700337,0.06503868103027344,,,total,gaussian_l2,,,,,,,,,,exact Gaussian composition (mu-GDP),,,,,
S4,,32.0,2.0,0.01,2.0,303,gaussian,l2,0.17622978759108499,total,l2,2.0,32.0,1.0,2.0,0.0625,,,2.0,1e-05,0.6955503512880562,0.6011614279967116,0.9564347891996524,0.4561762436002505,0.06745290756225586,,,total,gaussian_l2,,,,,,,,,,exact Gaussian composition (mu-GDP),,,,,
S4,,32.0,2.0,0.01,2.0,404,gaussian,l2,0.17622978759108499,total,l2,2.0,32.0,1.0,2.0,0.0625,,,2.0,1e-05,0.7283372365339579,0.6426859771562505,0.8939030860634471,0.5235428066929451,0.06920695304870605,,,total,gaussian_l2,,,,,,,,,,exact Gaussian composition (mu-GDP),,,,,
S4,,32.0,2.0,0.01,2.0,505,gaussian,l2,0.17622978759108499,total,l2,2.0,32.0,1.0,2.0,0.0625,,,2.0,1e-05,0.6381733021077284,0.5222781946557987,0.920455009241282,0.624235082171004,0.06928038597106934,,,total,gaussian_l2,,,,,,,,,,exact Gaussian composition (mu-GDP),,,,,
S4,,32.0,2.0,0.01,4.0,101,laplace,l1,0.03125,total,l1,4.0,32.0,1.0,2.0,0.0625,2.0,0.0,4.0,0.0,0.6709601873536299,0.6377796435255636,0.6728003125127541,0.6370679288881991,0.07204699516296387,,,total,laplace_l1,,,,,,,,,,basic (pure DP),,,,,
S4,,32.0,2.0,0.01,4.0,202,laplace,l1,0.03125,total,l1,4.0,32.0,1.0,2.0,0.0625,2.0,0.0,4.0,0.0,0.65807962529274,0.5570831365552465,0.7784774331974835,0.5776585573441206,0.0782318115234375,,,total,laplace_l1,,,,,,,,,,basic (pure DP),,,,,
S4,,32.0,2.0,0.01,4.0,303,laplace,l1,0.03125,total,l1,4.0,32.0,1.0,2.0,0.0625,2.0,0.0,4.0,0.0,0.6217798594847775,0.5,0.6467614699760368,0.698551801759823,0.07438945770263672,,,total,laplace_l1,,,,,,,,,,basic (pure DP),,,,,
S4,,32.0,2.0,0.01,4.0,404,laplace,l1,0.03125,total,l1,4.0,32.0,1.0,2.0,0.0625,2.0,0.0,4.0,0.0,0.6217798594847775,0.5,0.6010739710692485,0.89222024697135,0.07090926170349121,,,total,laplace_l1,,,,,,,,,,basic (pure DP),,,,,
S4,,32.0,2.0,0.01,4.0,505,laplace,l1,0.03125,total,l1,4.0,32.0,1.0,2.0,0.0625,2.0,0.0,4.0,0.0,0.629976580796253,0.5108359133126935,0.869374333140928,0.5972000153958297,0.07184982299804688,,,total,laplace_l1,,,,,,,,,,basic (pure DP),,,,,
S4,,32.0,2.0,0.01,4.0,101,gaussian,l1,0.09556210941949392,total,l1,4.0,32.0,1.0,2.0,0.0625,,,4.0,1e-05,0.6217798594847775,0.5,0.5882352941176471,0.7238202880040956,0.06440401077270508,,,total,gaussian_l1,,,,,,,,,,exact Gaussian composition (mu-GDP),,,,,
S4,,32.0,2.0,0.01,4.0,202,gaussian,l1,0.09556210941949392,total,l1,4.0,32.0,1.0,2.0,0.0625,,,4.0,1e-05,0.405152224824356,0.5143808341058695,0.4618716948569497,0.8151498843231829,0.0707082748413086,,,total,gaussian_l1,,,,,,,,,,exact Gaussian composition (mu-GDP),,,,,
S4,,32.0,2.0,0.01,4.0,303,gaussian,l1,0.09556210941949392,total,l1,4.0,32.0,1.0,2.0,0.0625,,,4.0,1e-05,0.6709601873536299,0.6129185542786844,0.7191233317591087,0.6208384397095771,0.07192659378051758,,,total,gaussian_l1,,,,,,,,,,exact Gaussian composition (mu-GDP),,,,,
S4,,32.0,2.0,0.01,4.0,404,gaussian,l1,0.09556210941949392,total,l1,4.0,32.0,1.0,2.0,0.0625,,,4.0,1e-05,0.46252927400468385,0.49139423833761875,0.4971751412429378,0.7531511808597944,0.06585478782653809,,,total,gaussian_l1,,,,,,,,,,exact Gaussian composition (mu-GDP),,,,,
S4,,32.0,2.0,0.01,4.0,505,gaussian,l1,0.09556210941949392,total,l1,4.0,32.0,1.0,2.0,0.0625,,,4.0,1e-05,0.6206088992974239,0.500271116475136,0.45962113659022935,0.7245894315129628,0.06589651107788086,,,total,gaussian_l1,,,,,,,,,,exact Gaussian composition (mu-GDP),,,,,
S4,,32.0,2.0,0.01,4.0,101,gaussian,l2,0.09556210941949392,total,l2,4.0,32.0,1.0,2.0,0.0625,,,4.0,1e-05,0.8946135831381733,0.875233947280964,0.9604286555538064,0.2615304913625486,0.07129478454589844,,,total,gaussian_l2,,,,,,,,,,exact Gaussian composition (mu-GDP),,,,,
S4,,32.0,2.0,0.01,4.0,202,gaussian,l2,0.09556210941949392,total,l2,4.0,32.0,1.0,2.0,0.0625,,,4.0,1e-05,0.9039812646370023,0.914298041547871,0.9587028388518655,0.26462052027249156,0.08165574073791504,,,total,gaussian_l2,,,,,,,,,,exact Gaussian composition (mu-GDP),,,,,
S4,,32.0,2.0,0.01,4.0,303,gaussian,l2,0.09556210941949392,total,l2,4.0,32.0,1.0,2.0,0.0625,,,4.0,1e-05,0.9098360655737705,0.9050596747768391,0.9680957128614157,0.22211357150361824,0.06706881523132324,,,total,gaussian_l2,,,,,,,,,,exact Gaussian composition (mu-GDP),,,,,
S4,,32.0,2.0,0.01,4.0,404,gaussian,l2,0.09556210941949392,total,l2,4.0,32.0,1.0,2.0,0.0625,,,4.0,1e-05,0.8911007025761124,0.882110977010489,0.9558459125547336,0.26135364248785886,0.07625460624694824,,,total,gaussian_l2,,,,,,,,,,exact Gaussian composition (mu-GDP),,,,,
S4,,32.0,2.0,0.01,4.0,505,gaussian,l2,0.09556210941949392,total,l2,4.0,32.0,1.0,2.0,0.0625,,,4.0,1e-05,0.8934426229508197,0.8767177998169235,0.9645799443773941,0.2522496077156195,0.08108639717102051,,,total,gaussian_l2,,,,,,,,,,exact Gaussian composition (mu-GDP),,,,,
S4,,32.0,2.0,0.01,8.0,101,laplace,l1,0.015625,total,l1,8.0,32.0,1.0,2.0,0.0625,4.0,0.0,8.0,0.0,0.6440281030444965,0.5294117647058824,0.8057581641041787,0.5901920890523391,0.08208751678466797,,,total,laplace_l1,,,,,,,,,,basic (pure DP),,,,,
S4,,32.0,2.0,0.01,8.0,202,laplace,l1,0.015625,total,l1,8.0,32.0,1.0,2.0,0.0625,4.0,0.0,8.0,0.0,0.6264637002341921,0.5061919504643962,0.8547340434835843,0.7451840819126001,0.08267784118652344,,,total,laplace_l1,,,,,,,,,,basic (pure DP),,,,,
S4,,32.0,2.0,0.01,8.0,303,laplace,l1,0.015625,total,l1,8.0,32.0,1.0,2.0,0.0625,4.0,0.0,8.0,0.0,0.6217798594847775,0.5,0.7504795554855901,0.9467875867689948,0.07327771186828613,,,total,laplace_l1,,,,,,,,,,basic (pure DP),,,,,
S4,,32.0,2.0,0.01,8.0,404,laplace,l1,0.015625,total,l1,8.0,32.0,1.0,2.0,0.0625,4.0,0.0,8.0,0.0,0.6217798594847775,0.5,0.7212572807892113,1.2117361426802942,0.07709813117980957,,,total,laplace_l1,,,,,,,,,,basic (pure DP),,,,,
S4,,32.0,2.0,0.01,8.0,505,laplace,l1,0.015625,total,l1,8.0,32.0,1.0,2.0,0.0625,4.0,0.0,8.0,0.0,0.6217798594847775,0.5,0.8936173934337339,0.8586632823824751,0.07317805290222168,,,total,laplace_l1,,,,,,,,,,basic (pure DP),,,,,
S4,,32.0,2.0,0.01,8.0,202,gaussian,l1,0.05305325590214858,total,l1,8.0,32.0,1.0,2.0,0.0625,,,8.0,1e-05,0.5362997658079626,0.554354480418394,0.5666859071907087,0.6984329054068948,0.06540298461914062,,,total,gaussian_l1,,,,,,,,,,exact Gaussian composition (mu-GDP),,,,,
S4,,32.0,2.0,0.01,8.0,101,gaussian,l1,0.05305325590214858,total,l1,8.0,32.0,1.0,2.0,0.0625,,,8.0,1e-05,0.6217798594847775,0.5,0.6312757633532153,0.7895124654475151,0.06775856018066406,,,total,gaussian_l1,,,,,,,,,,exact Gaussian composition (mu-GDP),,,,,
S4,,32.0,2.0,0.01,8.0,303,gaussian,l1,0.05305325590214858,total,l1,8.0,32.0,1.0,2.0,0.0625,,,8.0,1e-05,0.6381733021077284,0.521671826625387,0.7932518234769376,0.5940820311610194,0.0794382095336914,,,total,gaussian_l1,,,,,,,,,,exact Gaussian composition (mu-GDP),,,,,
S4,,32.0,2.0,0.01,8.0,404,gaussian,l1,0.05305325590214858,total,l1,8.0,32.0,1.0,2.0,0.0625,,,8.0,1e-05,0.5433255269320844,0.5072501792867012,0.5312716820299336,0.6914280390292695,0.08085441589355469,,,total,gaussian_l1,,,,,,,,,,exact Gaussian composition (mu-GDP),,,,,
S4,,32.0,2.0,0.01,8.0,505,gaussian,l1,0.05305325590214858,total,l1,8.0,32.0,1.0,2.0,0.0625,,,8.0,1e-05,0.6217798594847775,0.5,0.5318663891366835,0.7862087368522196,0.06995892524719238,,,total,gaussian_l1,,,,,,,,,,exact Gaussian composition (mu-GDP),,,,,
S4,,32.0,2.0,0.01,8.0,101,gaussian,l2,0.05305325590214858,total,l2,8.0,32.0,1.0,2.0,0.0625,,,8.0,1e-05,0.9192037470725996,0.9095607913102797,0.9724452373872535,0.21688508331661396,0.07121491432189941,,,total,gaussian_l2,,,,,,,,,,exact Gaussian composition (mu-GDP),,,,,
S4,,32.0,2.0,0.01,8.0,202,gaussian,l2,0.05305325590214858,total,l2,8.0,32.0,1.0,2.0,0.0625,,,8.0,1e-05,0.9215456674473068,0.9272095992723584,0.9694017363115334,0.2379291366351855,0.06844353675842285,,,total,gaussian_l2,,,,,,,,,,exact Gaussian composition (mu-GDP),,,,,
S4,,32.0,2.0,0.01,8.0,303,gaussian,l2,0.05305325590214858,total,l2,8.0,32.0,1.0,2.0,0.0625,,,8.0,1e-05,0.9238875878220141,0.9193909499571461,0.9727892346352756,0.21746940456665065,0.07797527313232422,,,total,gaussian_l2,,,,,,,,,,exact Gaussian composition (mu-GDP),,,,,
S4,,32.0,2.0,0.01,8.0,404,gaussian,l2,0.05305325590214858,total,l2,8.0,32.0,1.0,2.0,0.0625,,,8.0,1e-05,0.9168618266978923,0.9137412324430219,0.9676234454531144,0.2516362572983091,0.07044434547424316,,,total,gaussian_l2,,,,,,,,,,exact Gaussian composition (mu-GDP),,,,,
S4,,32.0,2.0,0.01,8.0,505,gaussian,l2,0.05305325590214858,total,l2,8.0,32.0,1.0,2.0,0.0625,,,8.0,1e-05,0.9250585480093677,0.9215453056036569,0.9700955612694081,0.2173049623084206,0.06972408294677734,,,total,gaussian_l2,,,,,,,,,,exact Gaussian composition (mu-GDP),,,,,
S4,,32.0,2.0,0.01,16.0,101,laplace,l1,0.0078125,total,l1,16.0,32.0,1.0,2.0,0.0625,8.0,0.0,16.0,0.0,0.6241217798594848,0.5030959752321982,0.9159538927078414,0.9279906613822098,0.07272720336914062,,,total,laplace_l1,,,,,,,,,,basic (pure DP),,,,,
S4,,32.0,2.0,0.01,16.0,202,laplace,l1,0.0078125,total,l1,16.0,32.0,1.0,2.0,0.0625,8.0,0.0,16.0,0.0,0.6346604215456675,0.5170278637770898,0.9277314256062223,1.0249258350465307,0.07710695266723633,,,total,laplace_l1,,,,,,,,,,basic (pure DP),,,,,
S4,,32.0,2.0,0.01,16.0,303,laplace,l1,0.0078125,total,l1,16.0,32.0,1.0,2.0,0.0625,8.0,0.0,16.0,0.0,0.6217798594847775,0.5,0.8745459527849202,1.3914204426318906,0.07477378845214844,,,total,laplace_l1,,,,,,,,,,basic (pure DP),,,,,
S4,,32.0,2.0,0.01,16.0,404,laplace,l1,0.0078125,total,l1,16.0,32.0,1.0,2.0,0.0625,8.0,0.0,16.0,0.0,0.6217798594847775,0.5,0.867858413064899,1.4788998480251174,0.06897830963134766,,,total,laplace_l1,,,,,,,,,,basic (pure DP),,,,,
S4,,32.0,2.0,0.01,16.0,505,laplace,l1,0.0078125,total,l1,16.0,32.0,1.0,2.0,0.0625,8.0,0.0,16.0,0.0,0.6264637002341921,0.5061919504643962,0.9329263670975377,1.0706672896565264,0.07491898536682129,,,total,laplace_l1,,,,,,,,,,basic (pure DP),,,,,
S4,,32.0,2.0,0.01,16.0,101,gaussian,l1,0.030421274202643487,total,l1,16.0,32.0,1.0,2.0,0.0625,,,16.0,1e-05,0.6217798594847775,0.5,0.6890673010209138,0.9622056630583342,0.06337928771972656,,,total,gaussian_l1,,,,,,,,,,exact Gaussian composition (mu-GDP),,,,,
S4,,32.0,2.0,0.01,16.0,202,gaussian,l1,0.030421274202643487,total,l1,16.0,32.0,1.0,2.0,0.0625,,,16.0,1e-05,0.6370023419203747,0.5207302070396996,0.7860803554249532,0.5971321917236894,0.06859159469604492,,,total,gaussian_l1,,,,,,,,,,exact Gaussian composition (mu-GDP),,,,,
S4,,32.0,2.0,0.01,16.0,303,gaussian,l1,0.030421274202643487,total,l1,16.0,32.0,1.0,2.0,0.0625,,,16.0,1e-05,0.6217798594847775,0.5,0.8654096190959286,0.6639768440875393,0.06384444236755371,,,total,gaussian_l1,,,,,,,,,,exact Gaussian composition (mu-GDP),,,,,
S4,,32.0,2.0,0.01,16.0,404,gaussian,l1,0.030421274202643487,total,l1,16.0,32.0,1.0,2.0,0.0625,,,16.0,1e-05,0.6440281030444965,0.5403263892532928,0.5980829441500061,0.6809832411513395,0.07053494453430176,,,total,gaussian_l1,,,,,,,,,,exact Gaussian composition (mu-GDP),,,,,
S4,,32.0,2.0,0.01,16.0,505,gaussian,l1,0.030421274202643487,total,l1,16.0,32.0,1.0,2.0,0.0625,,,16.0,1e-05,0.6217798594847775,0.5,0.6289435786208625,0.9963755377795078,0.06675910949707031,,,total,gaussian_l1,,,,,,,,,,exact Gaussian composition (mu-GDP),,,,,
S4,,32.0,2.0,0.01,16.0,101,gaussian,l2,0.030421274202643487,total,l2,16.0,32.0,1.0,2.0,0.0625,,,16.0,1e-05,0.927400468384075,0.9210030726533849,0.9766723222146425,0.2132834524645228,0.06978106498718262,,,total,gaussian_l2,,,,,,,,,,exact Gaussian composition (mu-GDP),,,,,
S4,,32.0,2.0,0.01,16.0,202,gaussian,l2,0.030421274202643487,total,l2,16.0,32.0,1.0,2.0,0.0625,,,16.0,1e-05,0.9320843091334895,0.9344714394827214,0.9730282835703415,0.2376900625038241,0.06487607955932617,,,total,gaussian_l2,,,,,,,,,,exact Gaussian composition (mu-GDP),,,,,
S4,,32.0,2.0,0.01,16.0,303,gaussian,l2,0.030421274202643487,total,l2,16.0,32.0,1.0,2.0,0.0625,,,16.0,1e-05,0.9285714285714286,0.9249765323911308,0.9752846722988929,0.2300090424399534,0.07295012474060059,,,total,gaussian_l2,,,,,,,,,,exact Gaussian composition (mu-GDP),,,,,
S4,,32.0,2.0,0.01,16.0,404,gaussian,l2,0.030421274202643487,total,l2,16.0,32.0,1.0,2.0,0.0625,,,16.0,1e-05,0.9250585480093677,0.9245771457557153,0.9730282835703415,0.25390910472404526,0.07108616828918457,,,total,gaussian_l2,,,,,,,,,,exact Gaussian composition (mu-GDP),,,,,
S4,,32.0,1.0,0.01,2.0,101,laplace,l1,0.03125,total,l1,2.0,32.0,1.0,1.0,0.0625,2.0,0.0,2.0,0.0,0.6217798594847775,0.68312314518433,0.8307475235113373,0.6543746822591398,0.046689748764038086,,,total,laplace_l1,,,,,,,,,,basic (pure DP),,,,,
S4,,32.0,2.0,0.01,16.0,505,gaussian,l2,0.030421274202643487,total,l2,16.0,32.0,1.0,2.0,0.0625,,,16.0,1e-05,0.9320843091334895,0.9302268632698396,0.9726201512421798,0.23293262624194433,0.06701540946960449,,,total,gaussian_l2,,,,,,,,,,exact Gaussian composition (mu-GDP),,,,,
S4,,32.0,1.0,0.01,2.0,202,laplace,l1,0.03125,total,l1,2.0,32.0,1.0,1.0,0.0625,2.0,0.0,2.0,0.0,0.6241217798594848,0.5358398488744294,0.5998087608519471,0.6531906133368868,0.03868746757507324,,,total,laplace_l1,,,,,,,,,,basic (pure DP),,,,,
S4,,32.0,1.0,0.01,2.0,303,laplace,l1,0.03125,total,l1,2.0,32.0,1.0,1.0,0.0625,2.0,0.0,2.0,0.0,0.6592505854800936,0.5695457487187561,0.7002151440415596,0.6332262758986111,0.038124799728393555,,,total,laplace_l1,,,,,,,,,,basic (pure DP),,,,,
S4,,32.0,1.0,0.01,2.0,404,laplace,l1,0.03125,total,l1,2.0,32.0,1.0,1.0,0.0625,2.0,0.0,2.0,0.0,0.6241217798594848,0.5037023432626099,0.5970451219441092,0.6541971815840196,0.04067683219909668,,,total,laplace_l1,,,,,,,,,,basic (pure DP),,,,,
S4,,32.0,1.0,0.01,2.0,505,laplace,l1,0.03125,total,l1,2.0,32.0,1.0,1.0,0.0625,2.0,0.0,2.0,0.0,0.6323185011709602,0.5157509926361268,0.7466722639100244,0.6244561662102956,0.037925004959106445,,,total,laplace_l1,,,,,,,,,,basic (pure DP),,,,,
S4,,32.0,1.0,0.01,2.0,101,gaussian,l1,0.12461327785272107,total,l1,2.0,32.0,1.0,1.0,0.0625,,,2.0,1e-05,0.6229508196721312,0.5015479876160991,0.7089258540168968,0.6304572546586361,0.03728151321411133,,,total,gaussian_l1,,,,,,,,,,exact Gaussian composition (mu-GDP),,,,,
S4,,32.0,1.0,0.01,2.0,202,gaussian,l1,0.12461327785272107,total,l1,2.0,32.0,1.0,1.0,0.0625,,,2.0,1e-05,0.6159250585480094,0.6299056048229581,0.6757738480465038,0.6697627534547833,0.038698434829711914,,,total,gaussian_l1,,,,,,,,,,exact Gaussian composition (mu-GDP),,,,,
S4,,32.0,1.0,0.01,2.0,303,gaussian,l1,0.12461327785272107,total,l1,2.0,32.0,1.0,1.0,0.0625,,,2.0,1e-05,0.5901639344262295,0.5303621299843161,0.5233131016307802,0.6805754275621507,0.0365450382232666,,,total,gaussian_l1,,,,,,,,,,exact Gaussian composition (mu-GDP),,,,,
S4,,32.0,1.0,0.01,2.0,404,gaussian,l1,0.12461327785272107,total,l1,2.0,32.0,1.0,1.0,0.0625,,,2.0,1e-05,0.563231850117096,0.5499379055815011,0.5854891465953018,0.6755563486569366,0.03622078895568848,,,total,gaussian_l1,,,,,,,,,,exact Gaussian composition (mu-GDP),,,,,
S4,,32.0,1.0,0.01,2.0,505,gaussian,l1,0.12461327785272107,total,l1,2.0,32.0,1.0,1.0,0.0625,,,2.0,1e-05,0.5257611241217799,0.4894876773189204,0.49244080623626196,0.6918661747573948,0.03922629356384277,,,total,gaussian_l1,,,,,,,,,,exact Gaussian composition (mu-GDP),,,,,
S4,,32.0,1.0,0.01,2.0,101,gaussian,l2,0.12461327785272107,total,l2,2.0,32.0,1.0,1.0,0.0625,,,2.0,1e-05,0.6217798594847775,0.5,0.876767358742486,0.6955309526922128,0.03519392013549805,,,total,gaussian_l2,,,,,,,,,,exact Gaussian composition (mu-GDP),,,,,
S4,,32.0,1.0,0.01,2.0,202,gaussian,l2,0.12461327785272107,total,l2,2.0,32.0,1.0,1.0,0.0625,,,2.0,1e-05,0.689695550351288,0.5909960177945695,0.9153825074484149,0.516937976383073,0.03674030303955078,,,total,gaussian_l2,,,,,,,,,,exact Gaussian composition (mu-GDP),,,,,
S4,,32.0,1.0,0.01,2.0,303,gaussian,l2,0.12461327785272107,total,l2,2.0,32.0,1.0,1.0,0.0625,,,2.0,1e-05,0.6217798594847775,0.5,0.9227871939736347,0.6582737810873289,0.035706520080566406,,,total,gaussian_l2,,,,,,,,,,exact Gaussian composition (mu-GDP),,,,,
S4,,32.0,1.0,0.01,2.0,404,gaussian,l2,0.12461327785272107,total,l2,2.0,32.0,1.0,1.0,0.0625,,,2.0,1e-05,0.6288056206088993,0.5092879256965944,0.854990583804143,0.6618012712985801,0.03654670715332031,,,total,gaussian_l2,,,,,,,,,,exact Gaussian composition (mu-GDP),,,,,
S4,,32.0,1.0,0.01,2.0,505,gaussian,l2,0.12461327785272107,total,l2,2.0,32.0,1.0,1.0,0.0625,,,2.0,1e-05,0.6217798594847775,0.5,0.8713566901634278,0.6817036560335034,0.0365445613861084,,,total,gaussian_l2,,,,,,,,,,exact Gaussian composition (mu-GDP),,,,,
S4,,32.0,1.0,0.01,4.0,101,laplace,l1,0.015625,total,l1,4.0,32.0,1.0,1.0,0.0625,4.0,0.0,4.0,0.0,0.7693208430913349,0.7102056403887752,0.8778110114102138,0.5817508362519419,0.03802776336669922,,,total,laplace_l1,,,,,,,,,,basic (pure DP),,,,,
S4,,32.0,1.0,0.01,4.0,202,laplace,l1,0.015625,total,l1,4.0,32.0,1.0,1.0,0.0625,4.0,0.0,4.0,0.0,0.6252927400468384,0.5064630669395324,0.7065586865135587,0.6298170740510789,0.03864645957946777,,,total,laplace_l1,,,,,,,,,,basic (pure DP),,,,,
S4,,32.0,1.0,0.01,4.0,303,laplace,l1,0.015625,total,l1,4.0,32.0,1.0,1.0,0.0625,4.0,0.0,4.0,0.0,0.6229508196721312,0.5015479876160991,0.8003649869106132,0.6092629458273846,0.03876924514770508,,,total,laplace_l1,,,,,,,,,,basic (pure DP),,,,,
S4,,32.0,1.0,0.01,4.0,404,laplace,l1,0.015625,total,l1,4.0,32.0,1.0,1.0,0.0625,4.0,0.0,4.0,0.0,0.6217798594847775,0.5,0.677977762618577,0.6648438249235072,0.036524295806884766,,,total,laplace_l1,,,,,,,,,,basic (pure DP),,,,,
S4,,32.0,1.0,0.01,4.0,505,laplace,l1,0.015625,total,l1,4.0,32.0,1.0,1.0,0.0625,4.0,0.0,4.0,0.0,0.6217798594847775,0.5,0.8351961658883,0.6090013852578623,0.037709712982177734,,,total,laplace_l1,,,,,,,,,,basic (pure DP),,,,,
S4,,32.0,1.0,0.01,4.0,101,gaussian,l1,0.067572615595015,total,l1,4.0,32.0,1.0,1.0,0.0625,,,4.0,1e-05,0.6217798594847775,0.5,0.7249363022044976,0.6276888953495448,0.035526275634765625,,,total,gaussian_l1,,,,,,,,,,exact Gaussian composition (mu-GDP),,,,,
S4,,32.0,1.0,0.01,4.0,202,gaussian,l1,0.067572615595015,total,l1,4.0,32.0,1.0,1.0,0.0625,,,4.0,1e-05,0.6873536299765808,0.6473241095427169,0.7116894929247346,0.6423607509843166,0.03683209419250488,,,total,gaussian_l1,,,,,,,,,,exact Gaussian composition (mu-GDP),,,,,
S4,,32.0,1.0,0.01,4.0,303,gaussian,l1,0.067572615595015,total,l1,4.0,32.0,1.0,1.0,0.0625,,,4.0,1e-05,0.6405152224824356,0.5393206345874657,0.5629019374624664,0.6626974915766386,0.03623700141906738,,,total,gaussian_l1,,,,,,,,,,exact Gaussian composition (mu-GDP),,,,,
S4,,32.0,1.0,0.01,4.0,404,gaussian,l1,0.067572615595015,total,l1,4.0,32.0,1.0,1.0,0.0625,,,4.0,1e-05,0.6463700234192038,0.5791980782797805,0.5946371412079552,0.6606793554389477,0.03630661964416504,,,total,gaussian_l1,,,,,,,,,,exact Gaussian composition (mu-GDP),,,,,
S4,,32.0,1.0,0.01,4.0,505,gaussian,l1,0.067572615595015,total,l1,4.0,32.0,1.0,1.0,0.0625,,,4.0,1e-05,0.6135831381733021,0.5067487595692455,0.5394226676695061,0.6696420270979349,0.038085222244262695,,,total,gaussian_l1,,,,,,,,,,exact Gaussian composition (mu-GDP),,,,,
S4,,32.0,1.0,0.01,4.0,101,gaussian,l2,0.067572615595015,total,l2,4.0,32.0,1.0,1.0,0.0625,,,4.0,1e-05,0.7634660421545667,0.6933701818521045,0.9434620116259409,0.43937325961440843,0.03790998458862305,,,total,gaussian_l2,,,,,,,,,,exact Gaussian composition (mu-GDP),,,,,
S4,,32.0,1.0,0.01,4.0,202,gaussian,l2,0.067572615595015,total,l2,4.0,32.0,1.0,1.0,0.0625,,,4.0,1e-05,0.870023419203747,0.8512153597686474,0.9514497443342488,0.295583740240927,0.03511857986450195,,,total,gaussian_l2,,,,,,,,,,exact Gaussian composition (mu-GDP),,,,,
S4,,32.0,1.0,0.01,4.0,303,gaussian,l2,0.067572615595015,total,l2,4.0,32.0,1.0,1.0,0.0625,,,4.0,1e-05,0.7822014051522248,0.7157125115880429,0.9689061470559085,0.38685784170603194,0.03607583045959473,,,total,gaussian_l2,,,,,,,,,,exact Gaussian composition (mu-GDP),,,,,
S4,,32.0,1.0,0.01,4.0,404,gaussian,l2,0.067572615595015,total,l2,4.0,32.0,1.0,1.0,0.0625,,,4.0,1e-05,0.8009367681498829,0.738661209354393,0.94537440310647,0.3988890617840867,0.03570675849914551,,,total,gaussian_l2,,,,,,,,,,exact Gaussian composition (mu-GDP),,,,,
S4,,32.0,1.0,0.01,4.0,505,gaussian,l2,0.067572615595015,total,l2,4.0,32.0,1.0,1.0,0.0625,,,4.0,1e-05,0.7505854800936768,0.6757359500446031,0.9454268772629479,0.43719339200072505,0.0366671085357666,,,total,gaussian_l2,,,,,,,,,,exact Gaussian composition (mu-GDP),,,,,
S4,,32.0,1.0,0.01,8.0,101,laplace,l1,0.0078125,total,l1,8.0,32.0,1.0,1.0,0.0625,8.0,0.0,8.0,0.0,0.6241217798594848,0.5030959752321982,0.8915184271746165,0.5707413214600474,0.0489954948425293,,,total,laplace_l1,,,,,,,,,,basic (pure DP),,,,,
S4,,32.0,1.0,0.01,8.0,202,laplace,l1,0.0078125,total,l1,8.0,32.0,1.0,1.0,0.0625,8.0,0.0,8.0,0.0,0.6217798594847775,0.5,0.8258557660352277,0.7328699978974038,0.03864121437072754,,,total,laplace_l1,,,,,,,,,,basic (pure DP),,,,,
S4,,32.0,1.0,0.01,8.0,303,laplace,l1,0.0078125,total,l1,8.0,32.0,1.0,1.0,0.0625,8.0,0.0,8.0,0.0,0.6217798594847775,0.5,0.8829476482832206,0.7055679450963525,0.04897260665893555,,,total,laplace_l1,,,,,,,,,,basic (pure DP),,,,,
S4,,32.0,1.0,0.01,8.0,404,laplace,l1,0.0078125,total,l1,8.0,32.0,1.0,1.0,0.0625,8.0,0.0,8.0,0.0,0.6217798594847775,0.5,0.7814859515022183,0.8292007315872778,0.040081024169921875,,,total,laplace_l1,,,,,,,,,,basic (pure DP),,,,,
S4,,32.0,1.0,0.01,8.0,505,laplace,l1,0.0078125,total,l1,8.0,32.0,1.0,1.0,0.0625,8.0,0.0,8.0,0.0,0.6217798594847775,0.5,0.8896410184650727,0.7146435279495383,0.0368351936340332,,,total,laplace_l1,,,,,,,,,,basic (pure DP),,,,,
S4,,32.0,1.0,0.01,8.0,202,gaussian,l1,0.03751431701243448,total,l1,8.0,32.0,1.0,1.0,0.0625,,,8.0,1e-05,0.6779859484777517,0.5846116620897541,0.7557269711333834,0.6080963908902725,0.03657841682434082,,,total,gaussian_l1,,,,,,,,,,exact Gaussian composition (mu-GDP),,,,,
S4,,32.0,1.0,0.01,8.0,101,gaussian,l1,0.03751431701243448,total,l1,8.0,32.0,1.0,1.0,0.0625,,,8.0,1e-05,0.6217798594847775,0.5,0.7423402307696794,0.6353997119414271,0.040357112884521484,,,total,gaussian_l1,,,,,,,,,,exact Gaussian composition (mu-GDP),,,,,
S4,,32.0,1.0,0.01,8.0,303,gaussian,l1,0.03751431701243448,total,l1,8.0,32.0,1.0,1.0,0.0625,,,8.0,1e-05,0.6229508196721312,0.5015479876160991,0.6350597330814574,0.6444888206466657,0.03761935234069824,,,total,gaussian_l1,,,,,,,,,,exact Gaussian composition (mu-GDP),,,,,
S4,,32.0,1.0,0.01,8.0,404,gaussian,l1,0.03751431701243448,total,l1,8.0,32.0,1.0,1.0,0.0625,,,8.0,1e-05,0.6487119437939111,0.5392419233527488,0.6106359284718943,0.6457287415205788,0.036125898361206055,,,total,gaussian_l1,,,,,,,,,,exact Gaussian composition (mu-GDP),,,,,
S4,,32.0,1.0,0.01,8.0,505,gaussian,l1,0.03751431701243448,total,l1,8.0,32.0,1.0,1.0,0.0625,,,8.0,1e-05,0.6217798594847775,0.5,0.5993423239054765,0.6522566534826667,0.036254167556762695,,,total,gaussian_l1,,,,,,,,,,exact Gaussian composition (mu-GDP),,,,,
S4,,32.0,1.0,0.01,8.0,101,gaussian,l2,0.03751431701243448,total,l2,8.0,32.0,1.0,1.0,0.0625,,,8.0,1e-05,0.9203747072599532,0.9141406190784372,0.9642709299003576,0.23139091612488658,0.035543203353881836,,,total,gaussian_l2,,,,,,,,,,exact Gaussian composition (mu-GDP),,,,,
S4,,32.0,1.0,0.01,8.0,202,gaussian,l2,0.03751431701243448,total,l2,8.0,32.0,1.0,1.0,0.0625,,,8.0,1e-05,0.9156908665105387,0.9152250849789811,0.9689469602887244,0.2188689354546222,0.03559112548828125,,,total,gaussian_l2,,,,,,,,,,exact Gaussian composition (mu-GDP),,,,,
S4,,32.0,1.0,0.01,8.0,303,gaussian,l2,0.03751431701243448,total,l2,8.0,32.0,1.0,1.0,0.0625,,,8.0,1e-05,0.9215456674473068,0.9102312944208311,0.9745733559555253,0.20070915208450946,0.03497314453125,,,total,gaussian_l2,,,,,,,,,,exact Gaussian composition (mu-GDP),,,,,
S4,,32.0,1.0,0.01,8.0,404,gaussian,l2,0.03751431701243448,total,l2,8.0,32.0,1.0,1.0,0.0625,,,8.0,1e-05,0.9074941451990632,0.8995382274229942,0.96660311463271,0.22838789632186232,0.03550910949707031,,,total,gaussian_l2,,,,,,,,,,exact Gaussian composition (mu-GDP),,,,,
S4,,32.0,1.0,0.01,8.0,505,gaussian,l2,0.03751431701243448,total,l2,8.0,32.0,1.0,1.0,0.0625,,,8.0,1e-05,0.9063231850117096,0.9064793922326588,0.9635071394005119,0.2329991926446408,0.03615880012512207,,,total,gaussian_l2,,,,,,,,,,exact Gaussian composition (mu-GDP),,,,,
S4,,32.0,1.0,0.01,16.0,202,laplace,l1,0.00390625,total,l1,16.0,32.0,1.0,1.0,0.0625,16.0,0.0,16.0,0.0,0.6217798594847775,0.5,0.9212246302029583,1.1012520393829592,0.03760218620300293,,,total,laplace_l1,,,,,,,,,,basic (pure DP),,,,,
S4,,32.0,1.0,0.01,16.0,101,laplace,l1,0.00390625,total,l1,16.0,32.0,1.0,1.0,0.0625,16.0,0.0,16.0,0.0,0.6217798594847775,0.5,0.9050450986222619,1.0227801522826099,0.04007411003112793,,,total,laplace_l1,,,,,,,,,,basic (pure DP),,,,,
S4,,32.0,1.0,0.01,16.0,303,laplace,l1,0.00390625,total,l1,16.0,32.0,1.0,1.0,0.0625,16.0,0.0,16.0,0.0,0.6217798594847775,0.5,0.9255391719578109,1.1528843075552428,0.03975653648376465,,,total,laplace_l1,,,,,,,,,,basic (pure DP),,,,,
S4,,32.0,1.0,0.01,16.0,404,laplace,l1,0.00390625,total,l1,16.0,32.0,1.0,1.0,0.0625,16.0,0.0,16.0,0.0,0.6217798594847775,0.5,0.8939963734527412,1.2886198995037252,0.03974032402038574,,,total,laplace_l1,,,,,,,,,,basic (pure DP),,,,,
S4,,32.0,1.0,0.01,16.0,505,laplace,l1,0.00390625,total,l1,16.0,32.0,1.0,1.0,0.0625,16.0,0.0,16.0,0.0,0.6217798594847775,0.5,0.9341274422346992,1.0396544655962607,0.039258718490600586,,,total,laplace_l1,,,,,,,,,,basic (pure DP),,,,,
S4,,32.0,1.0,0.01,16.0,101,gaussian,l1,0.02151108928102459,total,l1,16.0,32.0,1.0,1.0,0.0625,,,16.0,1e-05,0.6217798594847775,0.5,0.764618425425478,0.678151125238608,0.036031246185302734,,,total,gaussian_l1,,,,,,,,,,exact Gaussian composition (mu-GDP),,,,,
S4,,32.0,1.0,0.01,16.0,202,gaussian,l1,0.02151108928102459,total,l1,16.0,32.0,1.0,1.0,0.0625,,,16.0,1e-05,0.6217798594847775,0.5012127360608234,0.8088249870272225,0.5972925402109054,0.04673576354980469,,,total,gaussian_l1,,,,,,,,,,exact Gaussian composition (mu-GDP),,,,,
S4,,32.0,1.0,0.01,16.0,303,gaussian,l1,0.02151108928102459,total,l1,16.0,32.0,1.0,1.0,0.0625,,,16.0,1e-05,0.6217798594847775,0.5,0.7265630010553137,0.6471634280028246,0.0351412296295166,,,total,gaussian_l1,,,,,,,,,,exact Gaussian composition (mu-GDP),,,,,
S4,,32.0,1.0,0.01,16.0,505,gaussian,l1,0.02151108928102459,total,l1,16.0,32.0,1.0,1.0,0.0625,,,16.0,1e-05,0.6217798594847775,0.5,0.6509244197232862,0.6791398648615126,0.03475451469421387,,,total,gaussian_l1,,,,,,,,,,exact Gaussian composition (mu-GDP),,,,,
S4,,32.0,1.0,0.01,16.0,404,gaussian,l1,0.02151108928102459,total,l1,16.0,32.0,1.0,1.0,0.0625,,,16.0,1e-05,0.6217798594847775,0.5,0.6455662253007061,0.6516046085521682,0.050766706466674805,,,total,gaussian_l1,,,,,,,,,,exact Gaussian composition (mu-GDP),,,,,
S4,,32.0,1.0,0.01,16.0,101,gaussian,l2,0.02151108928102459,total,l2,16.0,32.0,1.0,1.0,0.0625,,,16.0,1e-05,0.927400468384075,0.9197903365925615,0.9712150099409375,0.22829885746674908,0.033458709716796875,,,total,gaussian_l2,,,,,,,,,,exact Gaussian composition (mu-GDP),,,,,
S4,,32.0,1.0,0.01,16.0,202,gaussian,l2,0.02151108928102459,total,l2,16.0,32.0,1.0,1.0,0.0625,,,16.0,1e-05,0.9332552693208431,0.931168482855527,0.9740544448525769,0.21118263649109756,0.03537631034851074,,,total,gaussian_l2,,,,,,,,,,exact Gaussian composition (mu-GDP),,,,,
S4,,32.0,1.0,0.01,16.0,303,gaussian,l2,0.02151108928102459,total,l2,16.0,32.0,1.0,1.0,0.0625,,,16.0,1e-05,0.9168618266978923,0.9010075038043763,0.9758560575583193,0.224062287320897,0.03560471534729004,,,total,gaussian_l2,,,,,,,,,,exact Gaussian composition (mu-GDP),,,,,
S4,,32.0,1.0,0.01,16.0,404,gaussian,l2,0.02151108928102459,total,l2,16.0,32.0,1.0,1.0,0.0625,,,16.0,1e-05,0.9238875878220141,0.9169654778354994,0.9715240244179741,0.2278628520245621,0.039405107498168945,,,total,gaussian_l2,,,,,,,,,,exact Gaussian composition (mu-GDP),,,,,
S4,,32.0,1.0,0.01,16.0,505,gaussian,l2,0.02151108928102459,total,l2,16.0,32.0,1.0,1.0,0.0625,,,16.0,1e-05,0.9250585480093677,0.9288217219685971,0.9698681732580038,0.22743653007540895,0.035451412200927734,,,total,gaussian_l2,,,,,,,,,,exact Gaussian composition (mu-GDP),,,,,
S4,,64.0,2.0,0.01,2.0,101,laplace,l1,0.03125,total,l1,2.0,64.0,1.0,2.0,0.03125,1.0,0.0,2.0,0.0,0.6311475409836066,0.6900497338394174,0.8324150355949694,0.653237056432651,0.046773672103881836,,,total,laplace_l1,,,,,,,,,,basic (pure DP),,,,,
S4,,64.0,2.0,0.01,2.0,202,laplace,l1,0.03125,total,l1,2.0,64.0,1.0,2.0,0.03125,1.0,0.0,2.0,0.0,0.6288056206088993,0.5396063272171789,0.6012080716913587,0.652525055265598,0.042656898498535156,,,total,laplace_l1,,,,,,,,,,basic (pure DP),,,,,
S4,,64.0,2.0,0.01,2.0,303,laplace,l1,0.03125,total,l1,2.0,64.0,1.0,2.0,0.03125,1.0,0.0,2.0,0.0,0.6592505854800936,0.5671202765971093,0.6974748269810451,0.6337275100961753,0.04401731491088867,,,total,laplace_l1,,,,,,,,,,basic (pure DP),,,,,
S4,,64.0,2.0,0.01,2.0,404,laplace,l1,0.03125,total,l1,2.0,64.0,1.0,2.0,0.03125,1.0,0.0,2.0,0.0,0.6241217798594848,0.5037023432626099,0.5968876994746753,0.6542953337897441,0.043515682220458984,,,total,laplace_l1,,,,,,,,,,basic (pure DP),,,,,
S4,,64.0,2.0,0.01,2.0,505,laplace,l1,0.03125,total,l1,2.0,64.0,1.0,2.0,0.03125,1.0,0.0,2.0,0.0,0.629976580796253,0.5120486493735169,0.7482581495280242,0.6231771191505374,0.04692530632019043,,,total,laplace_l1,,,,,,,,,,basic (pure DP),,,,,
S4,,64.0,2.0,0.01,2.0,101,gaussian,l1,0.08811489379554249,total,l1,2.0,64.0,1.0,2.0,0.03125,,,2.0,1e-05,0.6217798594847775,0.5,0.7171526356602707,0.6282492216188008,0.041281938552856445,,,total,gaussian_l1,,,,,,,,,,exact Gaussian composition (mu-GDP),,,,,
S4,,64.0,2.0,0.01,2.0,202,gaussian,l1,0.08811489379554249,total,l1,2.0,64.0,1.0,2.0,0.03125,,,2.0,1e-05,0.6604215456674473,0.6432515319538461,0.6919067359325531,0.6555963851242835,0.041028738021850586,,,total,gaussian_l1,,,,,,,,,,exact Gaussian composition (mu-GDP),,,,,
S4,,64.0,2.0,0.01,2.0,303,gaussian,l1,0.08811489379554249,total,l1,2.0,64.0,1.0,2.0,0.03125,,,2.0,1e-05,0.6334894613583139,0.5542874301073388,0.5434748386419689,0.6708571582597095,0.040595054626464844,,,total,gaussian_l1,,,,,,,,,,exact Gaussian composition (mu-GDP),,,,,
S4,,64.0,2.0,0.01,2.0,404,gaussian,l1,0.08811489379554249,total,l1,2.0,64.0,1.0,2.0,0.03125,,,2.0,1e-05,0.5983606557377049,0.5593890842093602,0.5913779130444923,0.6679872812972761,0.04554271697998047,,,total,gaussian_l1,,,,,,,,,,exact Gaussian composition (mu-GDP),,,,,
S4,,64.0,2.0,0.01,2.0,505,gaussian,l1,0.08811489379554249,total,l1,2.0,64.0,1.0,2.0,0.03125,,,2.0,1e-05,0.607728337236534,0.5208380705835709,0.5199372642306997,0.6779464226712187,0.05990457534790039,,,total,gaussian_l1,,,,,,,,,,exact Gaussian composition (mu-GDP),,,,,
S4,,64.0,2.0,0.01,2.0,101,gaussian,l2,0.08811489379554249,total,l2,2.0,64.0,1.0,2.0,0.03125,,,2.0,1e-05,0.6604215456674473,0.5522963273920927,0.9193705433407381,0.5493992955533519,0.0409853458404541,,,total,gaussian_l2,,,,,,,,,,exact Gaussian composition (mu-GDP),,,,,
S4,,64.0,2.0,0.01,2.0,202,gaussian,l2,0.08811489379554249,total,l2,2.0,64.0,1.0,2.0,0.03125,,,2.0,1e-05,0.7997658079625293,0.7456023741640576,0.9368910811425374,0.3903322724964843,0.0615239143371582,,,total,gaussian_l2,,,,,,,,,,exact Gaussian composition (mu-GDP),,,,,
S4,,64.0,2.0,0.01,2.0,303,gaussian,l2,0.08811489379554249,total,l2,2.0,64.0,1.0,2.0,0.03125,,,2.0,1e-05,0.6475409836065574,0.5340557275541795,0.9554436106884027,0.5548518038155952,0.040168046951293945,,,total,gaussian_l2,,,,,,,,,,exact Gaussian composition (mu-GDP),,,,,
S4,,64.0,2.0,0.01,2.0,505,gaussian,l2,0.08811489379554249,total,l2,2.0,64.0,1.0,2.0,0.03125,,,2.0,1e-05,0.6475409836065574,0.5340557275541795,0.920058537836782,0.5605065717303587,0.04034161567687988,,,total,gaussian_l2,,,,,,,,,,exact Gaussian composition (mu-GDP),,,,,
S4,,64.0,2.0,0.01,2.0,404,gaussian,l2,0.08811489379554249,total,l2,2.0,64.0,1.0,2.0,0.03125,,,2.0,1e-05,0.6978922716627635,0.6012255630768513,0.9246062980648698,0.5056630401662057,0.05183553695678711,,,total,gaussian_l2,,,,,,,,,,exact Gaussian composition (mu-GDP),,,,,
S4,,64.0,2.0,0.01,4.0,101,laplace,l1,0.015625,total,l1,4.0,64.0,1.0,2.0,0.03125,2.0,0.0,4.0,0.0,0.7587822014051522,0.6944546477526485,0.8776885717117653,0.5810541496127286,0.045540809631347656,,,total,laplace_l1,,,,,,,,,,basic (pure DP),,,,,
S4,,64.0,2.0,0.01,4.0,202,laplace,l1,0.015625,total,l1,4.0,64.0,1.0,2.0,0.03125,2.0,0.0,4.0,0.0,0.6252927400468384,0.5064630669395324,0.7029029869455959,0.6339509301113427,0.0408320426940918,,,total,laplace_l1,,,,,,,,,,basic (pure DP),,,,,
S4,,64.0,2.0,0.01,4.0,303,laplace,l1,0.015625,total,l1,4.0,64.0,1.0,2.0,0.03125,2.0,0.0,4.0,0.0,0.6217798594847775,0.5,0.7964119337892754,0.6116541643000104,0.04381966590881348,,,total,laplace_l1,,,,,,,,,,basic (pure DP),,,,,
S4,,64.0,2.0,0.01,4.0,404,laplace,l1,0.015625,total,l1,4.0,64.0,1.0,2.0,0.03125,2.0,0.0,4.0,0.0,0.6217798594847775,0.5,0.6776629176797093,0.6650760103264496,0.04138684272766113,,,total,laplace_l1,,,,,,,,,,basic (pure DP),,,,,
S4,,64.0,2.0,0.01,4.0,505,laplace,l1,0.015625,total,l1,4.0,64.0,1.0,2.0,0.03125,2.0,0.0,4.0,0.0,0.6217798594847775,0.5,0.833860990129028,0.614830365958846,0.04406285285949707,,,total,laplace_l1,,,,,,,,,,basic (pure DP),,,,,
S4,,64.0,2.0,0.01,4.0,101,gaussian,l1,0.04778105470974696,total,l1,4.0,64.0,1.0,2.0,0.03125,,,4.0,1e-05,0.6217798594847775,0.5,0.7364223120113343,0.6301885718576893,0.03916811943054199,,,total,gaussian_l1,,,,,,,,,,exact Gaussian composition (mu-GDP),,,,,
S4,,64.0,2.0,0.01,4.0,202,gaussian,l1,0.04778105470974696,total,l1,4.0,64.0,1.0,2.0,0.03125,,,4.0,1e-05,0.6850117096018735,0.608452420516229,0.7327899342906952,0.6219142021359289,0.0412755012512207,,,total,gaussian_l1,,,,,,,,,,exact Gaussian composition (mu-GDP),,,,,
S4,,64.0,2.0,0.01,4.0,303,gaussian,l1,0.04778105470974696,total,l1,4.0,64.0,1.0,2.0,0.03125,,,4.0,1e-05,0.6370023419203747,0.521942943100523,0.6036976788931451,0.6506635608009049,0.039939165115356445,,,total,gaussian_l1,,,,,,,,,,exact Gaussian composition (mu-GDP),,,,,
S4,,64.0,2.0,0.01,4.0,404,gaussian,l1,0.04778105470974696,total,l1,4.0,64.0,1.0,2.0,0.03125,,,4.0,1e-05,0.6498829039812647,0.5553427436987284,0.6043681820036965,0.6510025832818099,0.04313325881958008,,,total,gaussian_l1,,,,,,,,,,exact Gaussian composition (mu-GDP),,,,,
S4,,64.0,2.0,0.01,4.0,505,gaussian,l1,0.04778105470974696,total,l1,4.0,64.0,1.0,2.0,0.03125,,,4.0,1e-05,0.6229508196721312,0.5027607236769225,0.5773731437267146,0.6564901681314931,0.04313993453979492,,,total,gaussian_l1,,,,,,,,,,exact Gaussian composition (mu-GDP),,,,,
S4,,64.0,2.0,0.01,4.0,101,gaussian,l2,0.04778105470974696,total,l2,4.0,64.0,1.0,2.0,0.03125,,,4.0,1e-05,0.8957845433255269,0.8804201430795333,0.9572219015468215,0.2659960543975483,0.04115152359008789,,,total,gaussian_l2,,,,,,,,,,exact Gaussian composition (mu-GDP),,,,,
S4,,64.0,2.0,0.01,4.0,202,gaussian,l2,0.04778105470974696,total,l2,4.0,64.0,1.0,2.0,0.03125,,,4.0,1e-05,0.8934426229508197,0.8900578964859807,0.9618337968550489,0.24207519473383823,0.04236960411071777,,,total,gaussian_l2,,,,,,,,,,exact Gaussian composition (mu-GDP),,,,,
S4,,64.0,2.0,0.01,4.0,303,gaussian,l2,0.04778105470974696,total,l2,4.0,64.0,1.0,2.0,0.03125,,,4.0,1e-05,0.9086651053864169,0.8901715904916828,0.9736987866808929,0.2225861031031079,0.042391300201416016,,,total,gaussian_l2,,,,,,,,,,exact Gaussian composition (mu-GDP),,,,,
S4,,64.0,2.0,0.01,4.0,404,gaussian,l2,0.04778105470974696,total,l2,4.0,64.0,1.0,2.0,0.03125,,,4.0,1e-05,0.9004683840749415,0.8920694058176348,0.963897780343181,0.24136158194963978,0.041671037673950195,,,total,gaussian_l2,,,,,,,,,,exact Gaussian composition (mu-GDP),,,,,
S4,,64.0,2.0,0.01,4.0,505,gaussian,l2,0.04778105470974696,total,l2,4.0,64.0,1.0,2.0,0.03125,,,4.0,1e-05,0.8758782201405152,0.8547107216362608,0.9558750648638878,0.2823611388453037,0.04245281219482422,,,total,gaussian_l2,,,,,,,,,,exact Gaussian composition (mu-GDP),,,,,
S4,,64.0,2.0,0.01,8.0,101,laplace,l1,0.0078125,total,l1,8.0,64.0,1.0,2.0,0.03125,4.0,0.0,8.0,0.0,0.6229508196721312,0.5015479876160991,0.8957163596928513,0.5814314078913618,0.04313921928405762,,,total,laplace_l1,,,,,,,,,,basic (pure DP),,,,,
S4,,64.0,2.0,0.01,8.0,303,laplace,l1,0.0078125,total,l1,8.0,64.0,1.0,2.0,0.03125,4.0,0.0,8.0,0.0,0.6217798594847775,0.5,0.877461183700361,0.7239201974146627,0.04619574546813965,,,total,laplace_l1,,,,,,,,,,basic (pure DP),,,,,
S4,,64.0,2.0,0.01,8.0,202,laplace,l1,0.0078125,total,l1,8.0,64.0,1.0,2.0,0.03125,4.0,0.0,8.0,0.0,0.6217798594847775,0.5,0.8234244634517499,0.7649419006984001,0.0632476806640625,,,total,laplace_l1,,,,,,,,,,basic (pure DP),,,,,
S4,,64.0,2.0,0.01,8.0,404,laplace,l1,0.0078125,total,l1,8.0,64.0,1.0,2.0,0.03125,4.0,0.0,8.0,0.0,0.6217798594847775,0.5,0.7819232361395345,0.8455484519994548,0.046952009201049805,,,total,laplace_l1,,,,,,,,,,basic (pure DP),,,,,
S4,,64.0,2.0,0.01,8.0,505,laplace,l1,0.0078125,total,l1,8.0,64.0,1.0,2.0,0.03125,4.0,0.0,8.0,0.0,0.6217798594847775,0.5,0.8886206876446683,0.7439246712058875,0.05116462707519531,,,total,laplace_l1,,,,,,,,,,basic (pure DP),,,,,
S4,,64.0,2.0,0.01,8.0,101,gaussian,l1,0.02652662795107429,total,l1,8.0,64.0,1.0,2.0,0.03125,,,8.0,1e-05,0.6217798594847775,0.5,0.7578259373925009,0.6570666389871798,0.04237937927246094,,,total,gaussian_l1,,,,,,,,,,exact Gaussian composition (mu-GDP),,,,,
S4,,64.0,2.0,0.01,8.0,202,gaussian,l1,0.02652662795107429,total,l1,8.0,64.0,1.0,2.0,0.03125,,,8.0,1e-05,0.6288056206088993,0.5111070297878295,0.7859928984974901,0.5956251999475144,0.0409088134765625,,,total,gaussian_l1,,,,,,,,,,exact Gaussian composition (mu-GDP),,,,,
S4,,64.0,2.0,0.01,8.0,303,gaussian,l1,0.02652662795107429,total,l1,8.0,64.0,1.0,2.0,0.03125,,,8.0,1e-05,0.6217798594847775,0.5,0.6918251094669209,0.6427006705970134,0.04200100898742676,,,total,gaussian_l1,,,,,,,,,,exact Gaussian composition (mu-GDP),,,,,
S4,,64.0,2.0,0.01,8.0,404,gaussian,l1,0.02652662795107429,total,l1,8.0,64.0,1.0,2.0,0.03125,,,8.0,1e-05,0.6288056206088993,0.5098942937270061,0.6312990852005388,0.6425948060278373,0.03964567184448242,,,total,gaussian_l1,,,,,,,,,,exact Gaussian composition (mu-GDP),,,,,
S4,,64.0,2.0,0.01,8.0,505,gaussian,l1,0.02652662795107429,total,l1,8.0,64.0,1.0,2.0,0.03125,,,8.0,1e-05,0.6217798594847775,0.5,0.6330540542116342,0.6600387534029977,0.040863752365112305,,,total,gaussian_l1,,,,,,,,,,exact Gaussian composition (mu-GDP),,,,,
S4,,64.0,2.0,0.01,8.0,101,gaussian,l2,0.02652662795107429,total,l2,8.0,64.0,1.0,2.0,0.03125,,,8.0,1e-05,0.9203747072599532,0.9123215149872022,0.9676059540676216,0.2382187102799716,0.039640188217163086,,,total,gaussian_l2,,,,,,,,,,exact Gaussian composition (mu-GDP),,,,,
S4,,64.0,2.0,0.01,8.0,202,gaussian,l2,0.02652662795107429,total,l2,8.0,64.0,1.0,2.0,0.03125,,,8.0,1e-05,0.9227166276346604,0.9220875385539289,0.9727717432497829,0.2125877470133821,0.05621051788330078,,,total,gaussian_l2,,,,,,,,,,exact Gaussian composition (mu-GDP),,,,,
S4,,64.0,2.0,0.01,8.0,303,gaussian,l2,0.02652662795107429,total,l2,8.0,64.0,1.0,2.0,0.03125,,,8.0,1e-05,0.927400468384075,0.9167584964405031,0.9756578218560693,0.2068129158681504,0.052503108978271484,,,total,gaussian_l2,,,,,,,,,,exact Gaussian composition (mu-GDP),,,,,
S4,,64.0,2.0,0.01,8.0,404,gaussian,l2,0.02652662795107429,total,l2,8.0,64.0,1.0,2.0,0.03125,,,8.0,1e-05,0.9250585480093677,0.9209389375732452,0.9712558231737535,0.21774881408401375,0.04652047157287598,,,total,gaussian_l2,,,,,,,,,,exact Gaussian composition (mu-GDP),,,,,
S4,,64.0,2.0,0.01,8.0,505,gaussian,l2,0.02652662795107429,total,l2,8.0,64.0,1.0,2.0,0.03125,,,8.0,1e-05,0.9203747072599532,0.9226297715042009,0.9670054164990408,0.2288520240770722,0.04127073287963867,,,total,gaussian_l2,,,,,,,,,,exact Gaussian composition (mu-GDP),,,,,
S4,,64.0,2.0,0.01,16.0,202,laplace,l1,0.00390625,total,l1,16.0,64.0,1.0,2.0,0.03125,8.0,0.0,16.0,0.0,0.6217798594847775,0.5,0.9219417770081568,1.1421338884783352,0.04151487350463867,,,total,laplace_l1,,,,,,,,,,basic (pure DP),,,,,
S4,,64.0,2.0,0.01,16.0,101,laplace,l1,0.00390625,total,l1,16.0,64.0,1.0,2.0,0.03125,8.0,0.0,16.0,0.0,0.6217798594847775,0.5,0.9099951607166804,1.0374381011029625,0.04336285591125488,,,total,laplace_l1,,,,,,,,,,basic (pure DP),,,,,
S4,,64.0,2.0,0.01,16.0,303,laplace,l1,0.00390625,total,l1,16.0,64.0,1.0,2.0,0.03125,8.0,0.0,16.0,0.0,0.6217798594847775,0.5,0.9225889582713848,1.1954192510439334,0.04256558418273926,,,total,laplace_l1,,,,,,,,,,basic (pure DP),,,,,
S4,,64.0,2.0,0.01,16.0,404,laplace,l1,0.00390625,total,l1,16.0,64.0,1.0,2.0,0.03125,8.0,0.0,16.0,0.0,0.6217798594847775,0.5,0.8985324727571671,1.2984808419530809,0.04726457595825195,,,total,laplace_l1,,,,,,,,,,basic (pure DP),,,,,
S4,,64.0,2.0,0.01,16.0,505,laplace,l1,0.00390625,total,l1,16.0,64.0,1.0,2.0,0.03125,8.0,0.0,16.0,0.0,0.6217798594847775,0.5,0.9336959880592142,1.0743633371782824,0.04294228553771973,,,total,laplace_l1,,,,,,,,,,basic (pure DP),,,,,
S4,,64.0,2.0,0.01,16.0,101,gaussian,l1,0.015210637101321743,total,l1,16.0,64.0,1.0,2.0,0.03125,,,16.0,1e-05,0.6217798594847775,0.5,0.7804189769871672,0.7618940762247174,0.04112410545349121,,,total,gaussian_l1,,,,,,,,,,exact Gaussian composition (mu-GDP),,,,,
S4,,64.0,2.0,0.01,16.0,202,gaussian,l1,0.015210637101321743,total,l1,16.0,64.0,1.0,2.0,0.03125,,,16.0,1e-05,0.6217798594847775,0.5,0.8443383300391224,0.6595180574480314,0.04077458381652832,,,total,gaussian_l1,,,,,,,,,,exact Gaussian composition (mu-GDP),,,,,
S4,,64.0,2.0,0.01,16.0,303,gaussian,l1,0.015210637101321743,total,l1,16.0,64.0,1.0,2.0,0.03125,,,16.0,1e-05,0.6217798594847775,0.5,0.783287564207961,0.6925504220233558,0.042051076889038086,,,total,gaussian_l1,,,,,,,,,,exact Gaussian composition (mu-GDP),,,,,
S4,,64.0,2.0,0.01,16.0,404,gaussian,l1,0.015210637101321743,total,l1,16.0,64.0,1.0,2.0,0.03125,,,16.0,1e-05,0.6217798594847775,0.5,0.6850034691247893,0.6881034297497313,0.038980722427368164,,,total,gaussian_l1,,,,,,,,,,exact Gaussian composition (mu-GDP),,,,,
S4,,64.0,2.0,0.01,16.0,505,gaussian,l1,0.015210637101321743,total,l1,16.0,64.0,1.0,2.0,0.03125,,,16.0,1e-05,0.6217798594847775,0.5,0.6921749371767738,0.7595794422576033,0.04204511642456055,,,total,gaussian_l1,,,,,,,,,,exact Gaussian composition (mu-GDP),,,,,
S4,,64.0,2.0,0.01,16.0,101,gaussian,l2,0.015210637101321743,total,l2,16.0,64.0,1.0,2.0,0.03125,,,16.0,1e-05,0.9309133489461359,0.9256470355016821,0.9730457749558342,0.23668193470768936,0.04874897003173828,,,total,gaussian_l2,,,,,,,,,,exact Gaussian composition (mu-GDP),,,,,
S4,,64.0,2.0,0.01,16.0,202,gaussian,l2,0.015210637101321743,total,l2,16.0,64.0,1.0,2.0,0.03125,,,16.0,1e-05,0.9344262295081968,0.9363546786540962,0.9755412126194516,0.2170839786045595,0.04348874092102051,,,total,gaussian_l2,,,,,,,,,,exact Gaussian composition (mu-GDP),,,,,
S4,,64.0,2.0,0.01,16.0,303,gaussian,l2,0.015210637101321743,total,l2,16.0,64.0,1.0,2.0,0.03125,,,16.0,1e-05,0.9309133489461359,0.9226151953496237,0.9773136730160397,0.21781529502167182,0.04211783409118652,,,total,gaussian_l2,,,,,,,,,,exact Gaussian composition (mu-GDP),,,,,
S4,,64.0,2.0,0.01,16.0,404,gaussian,l2,0.015210637101321743,total,l2,16.0,64.0,1.0,2.0,0.03125,,,16.0,1e-05,0.9320843091334895,0.9290141272090162,0.97414190178004,0.22249203142775317,0.04081559181213379,,,total,gaussian_l2,,,,,,,,,,exact Gaussian composition (mu-GDP),,,,,
S4,,64.0,1.0,0.01,2.0,101,laplace,l1,0.015625,total,l1,2.0,64.0,1.0,1.0,0.03125,2.0,0.0,2.0,0.0,0.6885245901639344,0.631287424276877,0.7012121530146402,0.6488174003632,0.022943973541259766,,,total,laplace_l1,,,,,,,,,,basic (pure DP),,,,,
S4,,64.0,2.0,0.01,16.0,505,gaussian,l2,0.015210637101321743,total,l2,16.0,64.0,1.0,2.0,0.03125,,,16.0,1e-05,0.9250585480093677,0.923364409694892,0.9714249065668492,0.23687318526184273,0.03964805603027344,,,total,gaussian_l2,,,,,,,,,,exact Gaussian composition (mu-GDP),,,,,
S4,,64.0,1.0,0.01,2.0,202,laplace,l1,0.015625,total,l1,2.0,64.0,1.0,1.0,0.03125,2.0,0.0,2.0,0.0,0.6358313817330211,0.5258522677581291,0.5778629025205086,0.6565847220085343,0.024255752563476562,,,total,laplace_l1,,,,,,,,,,basic (pure DP),,,,,
S4,,64.0,1.0,0.01,2.0,303,laplace,l1,0.015625,total,l1,2.0,64.0,1.0,1.0,0.03125,2.0,0.0,2.0,0.0,0.6264637002341921,0.5061919504643962,0.7669564406196615,0.6331414283166652,0.026763200759887695,,,total,laplace_l1,,,,,,,,,,basic (pure DP),,,,,
S4,,64.0,1.0,0.01,2.0,404,laplace,l1,0.015625,total,l1,2.0,64.0,1.0,1.0,0.03125,2.0,0.0,2.0,0.0,0.6241217798594848,0.5037023432626099,0.6257251636902159,0.6482910931543896,0.023219823837280273,,,total,laplace_l1,,,,,,,,,,basic (pure DP),,,,,
S4,,64.0,1.0,0.01,2.0,505,laplace,l1,0.015625,total,l1,2.0,64.0,1.0,1.0,0.03125,2.0,0.0,2.0,0.0,0.6217798594847775,0.5,0.6932710640009795,0.6429174238246915,0.02418231964111328,,,total,laplace_l1,,,,,,,,,,basic (pure DP),,,,,
S4,,64.0,1.0,0.01,2.0,101,gaussian,l1,0.062306638926360534,total,l1,2.0,64.0,1.0,1.0,0.03125,,,2.0,1e-05,0.6908665105386417,0.6028522619276673,0.7019642825908241,0.6438220463973974,0.023350000381469727,,,total,gaussian_l1,,,,,,,,,,exact Gaussian composition (mu-GDP),,,,,
S4,,64.0,1.0,0.01,2.0,202,gaussian,l1,0.062306638926360534,total,l1,2.0,64.0,1.0,1.0,0.03125,,,2.0,1e-05,0.7142857142857143,0.668374991983115,0.7385737524269298,0.6564148562756996,0.032372474670410156,,,total,gaussian_l1,,,,,,,,,,exact Gaussian composition (mu-GDP),,,,,
S4,,64.0,1.0,0.01,2.0,303,gaussian,l1,0.062306638926360534,total,l1,2.0,64.0,1.0,1.0,0.03125,,,2.0,1e-05,0.6135831381733021,0.531003480785713,0.5680618961827967,0.6709563365416876,0.0224459171295166,,,total,gaussian_l1,,,,,,,,,,exact Gaussian composition (mu-GDP),,,,,
S4,,64.0,1.0,0.01,2.0,404,gaussian,l1,0.062306638926360534,total,l1,2.0,64.0,1.0,1.0,0.03125,,,2.0,1e-05,0.5702576112412178,0.560438567338919,0.5694961897931935,0.6846860275125753,0.02336573600769043,,,total,gaussian_l1,,,,,,,,,,exact Gaussian composition (mu-GDP),,,,,
S4,,64.0,1.0,0.01,2.0,505,gaussian,l1,0.062306638926360534,total,l1,2.0,64.0,1.0,1.0,0.03125,,,2.0,1e-05,0.5257611241217799,0.4743284765586282,0.47424976532391133,0.6908975445967663,0.022457361221313477,,,total,gaussian_l1,,,,,,,,,,exact Gaussian composition (mu-GDP),,,,,
S4,,64.0,1.0,0.01,2.0,101,gaussian,l2,0.062306638926360534,total,l2,2.0,64.0,1.0,1.0,0.03125,,,2.0,1e-05,0.6217798594847775,0.5,0.8383038020441599,0.6832747149933052,0.024863719940185547,,,total,gaussian_l2,,,,,,,,,,exact Gaussian composition (mu-GDP),,,,,
S4,,64.0,1.0,0.01,2.0,202,gaussian,l2,0.062306638926360534,total,l2,2.0,64.0,1.0,1.0,0.03125,,,2.0,1e-05,0.6334894613583139,0.5154798761609907,0.9280987447015678,0.5757593551833269,0.02452564239501953,,,total,gaussian_l2,,,,,,,,,,exact Gaussian composition (mu-GDP),,,,,
S4,,64.0,1.0,0.01,2.0,303,gaussian,l2,0.062306638926360534,total,l2,2.0,64.0,1.0,1.0,0.03125,,,2.0,1e-05,0.6217798594847775,0.5,0.9069108464081439,0.6348108449470038,0.024390220642089844,,,total,gaussian_l2,,,,,,,,,,exact Gaussian composition (mu-GDP),,,,,
S4,,64.0,1.0,0.01,2.0,404,gaussian,l2,0.062306638926360534,total,l2,2.0,64.0,1.0,1.0,0.03125,,,2.0,1e-05,0.6217798594847775,0.5,0.8673103496527961,0.6705732512841613,0.024487018585205078,,,total,gaussian_l2,,,,,,,,,,exact Gaussian composition (mu-GDP),,,,,
S4,,64.0,1.0,0.01,4.0,101,laplace,l1,0.0078125,total,l1,4.0,64.0,1.0,1.0,0.03125,4.0,0.0,4.0,0.0,0.6241217798594848,0.5037023432626099,0.7660235667267205,0.6147521580927795,0.022972583770751953,,,total,laplace_l1,,,,,,,,,,basic (pure DP),,,,,
S4,,64.0,1.0,0.01,2.0,505,gaussian,l2,0.062306638926360534,total,l2,2.0,64.0,1.0,1.0,0.03125,,,2.0,1e-05,0.6217798594847775,0.5,0.8916233754875724,0.672900470923375,0.024378061294555664,,,total,gaussian_l2,,,,,,,,,,exact Gaussian composition (mu-GDP),,,,,
S4,,64.0,1.0,0.01,4.0,202,laplace,l1,0.0078125,total,l1,4.0,64.0,1.0,1.0,0.03125,4.0,0.0,4.0,0.0,0.6229508196721312,0.5015479876160991,0.705859031093853,0.6315006234624777,0.023354530334472656,,,total,laplace_l1,,,,,,,,,,basic (pure DP),,,,,
S4,,64.0,1.0,0.01,4.0,404,laplace,l1,0.0078125,total,l1,4.0,64.0,1.0,1.0,0.03125,4.0,0.0,4.0,0.0,0.6217798594847775,0.5,0.712657349588661,0.6424498725327887,0.025416851043701172,,,total,laplace_l1,,,,,,,,,,basic (pure DP),,,,,
S4,,64.0,1.0,0.01,4.0,303,laplace,l1,0.0078125,total,l1,4.0,64.0,1.0,1.0,0.03125,4.0,0.0,4.0,0.0,0.6217798594847775,0.5,0.810270941561281,0.6286422778613661,0.026723861694335938,,,total,laplace_l1,,,,,,,,,,basic (pure DP),,,,,
S4,,64.0,1.0,0.01,4.0,505,laplace,l1,0.0078125,total,l1,4.0,64.0,1.0,1.0,0.03125,4.0,0.0,4.0,0.0,0.6217798594847775,0.5,0.8008081020097602,0.625862304242699,0.023264408111572266,,,total,laplace_l1,,,,,,,,,,basic (pure DP),,,,,
S4,,64.0,1.0,0.01,4.0,101,gaussian,l1,0.0337863077975075,total,l1,4.0,64.0,1.0,1.0,0.03125,,,4.0,1e-05,0.6252927400468384,0.5052503308787089,0.7211523324762554,0.632551766377113,0.02318120002746582,,,total,gaussian_l1,,,,,,,,,,exact Gaussian composition (mu-GDP),,,,,
S4,,64.0,1.0,0.01,4.0,202,gaussian,l1,0.0337863077975075,total,l1,4.0,64.0,1.0,1.0,0.03125,,,4.0,1e-05,0.6557377049180327,0.5551998973838718,0.7708803414318448,0.6344563923468176,0.024538516998291016,,,total,gaussian_l1,,,,,,,,,,exact Gaussian composition (mu-GDP),,,,,
S4,,64.0,1.0,0.01,4.0,303,gaussian,l1,0.0337863077975075,total,l1,4.0,64.0,1.0,1.0,0.03125,,,4.0,1e-05,0.6264637002341921,0.5074046865252196,0.6203086646493269,0.655569680800502,0.025888442993164062,,,total,gaussian_l1,,,,,,,,,,exact Gaussian composition (mu-GDP),,,,,
S4,,64.0,1.0,0.01,4.0,404,gaussian,l1,0.0337863077975075,total,l1,4.0,64.0,1.0,1.0,0.03125,,,4.0,1e-05,0.6112412177985949,0.5351839219184551,0.5854191810533312,0.6692383711431377,0.0238339900970459,,,total,gaussian_l1,,,,,,,,,,exact Gaussian composition (mu-GDP),,,,,
S4,,64.0,1.0,0.01,4.0,505,gaussian,l1,0.0337863077975075,total,l1,4.0,64.0,1.0,1.0,0.03125,,,4.0,1e-05,0.6229508196721312,0.5015479876160991,0.5637939981225912,0.6680727878527032,0.023126602172851562,,,total,gaussian_l1,,,,,,,,,,exact Gaussian composition (mu-GDP),,,,,
S4,,64.0,1.0,0.01,4.0,101,gaussian,l2,0.0337863077975075,total,l2,4.0,64.0,1.0,1.0,0.03125,,,4.0,1e-05,0.689695550351288,0.5916023858249813,0.9335094132806259,0.5225300534949122,0.022388219833374023,,,total,gaussian_l2,,,,,,,,,,exact Gaussian composition (mu-GDP),,,,,
S4,,64.0,1.0,0.01,4.0,202,gaussian,l2,0.0337863077975075,total,l2,4.0,64.0,1.0,1.0,0.03125,,,4.0,1e-05,0.8501170960187353,0.8121658416563176,0.9549363605091159,0.33036468600769936,0.02184772491455078,,,total,gaussian_l2,,,,,,,,,,exact Gaussian composition (mu-GDP),,,,,
S4,,64.0,1.0,0.01,4.0,303,gaussian,l2,0.0337863077975075,total,l2,4.0,64.0,1.0,1.0,0.03125,,,4.0,1e-05,0.7505854800936768,0.6745232139837797,0.9588952440922845,0.4207545503057077,0.022058963775634766,,,total,gaussian_l2,,,,,,,,,,exact Gaussian composition (mu-GDP),,,,,
S4,,64.0,1.0,0.01,4.0,505,gaussian,l2,0.0337863077975075,total,l2,4.0,64.0,1.0,1.0,0.03125,,,4.0,1e-05,0.6697892271662763,0.5640738602904736,0.9505810055214474,0.4773083640536761,0.023240327835083008,,,total,gaussian_l2,,,,,,,,,,exact Gaussian composition (mu-GDP),,,,,
S4,,64.0,1.0,0.01,4.0,404,gaussian,l2,0.0337863077975075,total,l2,4.0,64.0,1.0,1.0,0.03125,,,4.0,1e-05,0.7740046838407494,0.7024511261537026,0.9448263396943672,0.42125754748636046,0.023081302642822266,,,total,gaussian_l2,,,,,,,,,,exact Gaussian composition (mu-GDP),,,,,
S4,,64.0,1.0,0.01,8.0,101,laplace,l1,0.00390625,total,l1,8.0,64.0,1.0,1.0,0.03125,8.0,0.0,8.0,0.0,0.6217798594847775,0.5,0.8248645875239777,0.6392702684417928,0.024103879928588867,,,total,laplace_l1,,,,,,,,,,basic (pure DP),,,,,
S4,,64.0,1.0,0.01,8.0,202,laplace,l1,0.00390625,total,l1,8.0,64.0,1.0,1.0,0.03125,8.0,0.0,8.0,0.0,0.6217798594847775,0.5,0.8429973238180197,0.6986932560694685,0.02379751205444336,,,total,laplace_l1,,,,,,,,,,basic (pure DP),,,,,
S4,,64.0,1.0,0.01,8.0,303,laplace,l1,0.00390625,total,l1,8.0,64.0,1.0,1.0,0.03125,8.0,0.0,8.0,0.0,0.6217798594847775,0.5,0.8439127063254681,0.7233938480274961,0.023967504501342773,,,total,laplace_l1,,,,,,,,,,basic (pure DP),,,,,
S4,,64.0,1.0,0.01,8.0,404,laplace,l1,0.00390625,total,l1,8.0,64.0,1.0,1.0,0.03125,8.0,0.0,8.0,0.0,0.6217798594847775,0.5,0.808994070420318,0.774341963559958,0.023267269134521484,,,total,laplace_l1,,,,,,,,,,basic (pure DP),,,,,
S4,,64.0,1.0,0.01,8.0,505,laplace,l1,0.00390625,total,l1,8.0,64.0,1.0,1.0,0.03125,8.0,0.0,8.0,0.0,0.6217798594847775,0.5,0.8843294677371396,0.6766760054089959,0.024836301803588867,,,total,laplace_l1,,,,,,,,,,basic (pure DP),,,,,
S4,,64.0,1.0,0.01,8.0,101,gaussian,l1,0.01875715850621724,total,l1,8.0,64.0,1.0,1.0,0.03125,,,8.0,1e-05,0.6217798594847775,0.5,0.7410691900905471,0.622370608601268,0.02203965187072754,,,total,gaussian_l1,,,,,,,,,,exact Gaussian composition (mu-GDP),,,,,
S4,,64.0,1.0,0.01,8.0,202,gaussian,l1,0.01875715850621724,total,l1,8.0,64.0,1.0,1.0,0.03125,,,8.0,1e-05,0.6229508196721312,0.5015479876160991,0.8058281296461492,0.6093612358153502,0.023466825485229492,,,total,gaussian_l1,,,,,,,,,,exact Gaussian composition (mu-GDP),,,,,
S4,,64.0,1.0,0.01,8.0,303,gaussian,l1,0.01875715850621724,total,l1,8.0,64.0,1.0,1.0,0.03125,,,8.0,1e-05,0.6217798594847775,0.5,0.6804382175112091,0.6420472744799787,0.02176523208618164,,,total,gaussian_l1,,,,,,,,,,exact Gaussian composition (mu-GDP),,,,,
S4,,64.0,1.0,0.01,8.0,404,gaussian,l1,0.01875715850621724,total,l1,8.0,64.0,1.0,1.0,0.03125,,,8.0,1e-05,0.6229508196721312,0.5045798277681576,0.610157830601762,0.6521094124290995,0.024216651916503906,,,total,gaussian_l1,,,,,,,,,,exact Gaussian composition (mu-GDP),,,,,
S4,,64.0,1.0,0.01,8.0,505,gaussian,l1,0.01875715850621724,total,l1,8.0,64.0,1.0,1.0,0.03125,,,8.0,1e-05,0.6217798594847775,0.5,0.6580200917714691,0.6473877182951571,0.02200913429260254,,,total,gaussian_l1,,,,,,,,,,exact Gaussian composition (mu-GDP),,,,,
S4,,64.0,1.0,0.01,8.0,101,gaussian,l2,0.01875715850621724,total,l2,8.0,64.0,1.0,1.0,0.03125,,,8.0,1e-05,0.9039812646370023,0.8906496883618151,0.9626850442823578,0.2435713919652615,0.03625941276550293,,,total,gaussian_l2,,,,,,,,,,exact Gaussian composition (mu-GDP),,,,,
S4,,64.0,1.0,0.01,8.0,202,gaussian,l2,0.01875715850621724,total,l2,8.0,64.0,1.0,1.0,0.03125,,,8.0,1e-05,0.9086651053864169,0.9095753674648569,0.9668829768005924,0.23038864324471817,0.022548675537109375,,,total,gaussian_l2,,,,,,,,,,exact Gaussian composition (mu-GDP),,,,,
S4,,64.0,1.0,0.01,8.0,303,gaussian,l2,0.01875715850621724,total,l2,8.0,64.0,1.0,1.0,0.03125,,,8.0,1e-05,0.9121779859484778,0.9178575384956242,0.9695066846244891,0.2284743692926796,0.022908449172973633,,,total,gaussian_l2,,,,,,,,,,exact Gaussian composition (mu-GDP),,,,,
S4,,64.0,1.0,0.01,8.0,404,gaussian,l2,0.01875715850621724,total,l2,8.0,64.0,1.0,1.0,0.03125,,,8.0,1e-05,0.8957845433255269,0.8937602397485904,0.9646265880720412,0.2336296761675636,0.022203922271728516,,,total,gaussian_l2,,,,,,,,,,exact Gaussian composition (mu-GDP),,,,,
S4,,64.0,1.0,0.01,16.0,101,laplace,l1,0.001953125,total,l1,16.0,64.0,1.0,1.0,0.03125,16.0,0.0,16.0,0.0,0.6217798594847775,0.5,0.8815075242109927,1.0196503533203263,0.022618770599365234,,,total,laplace_l1,,,,,,,,,,basic (pure DP),,,,,
S4,,64.0,1.0,0.01,8.0,505,gaussian,l2,0.01875715850621724,total,l2,8.0,64.0,1.0,1.0,0.03125,,,8.0,1e-05,0.9133489461358314,0.904246325351431,0.9657810195145557,0.2651276424393385,0.022660255432128906,,,total,gaussian_l2,,,,,,,,,,exact Gaussian composition (mu-GDP),,,,,
S4,,64.0,1.0,0.01,16.0,202,laplace,l1,0.001953125,total,l1,16.0,64.0,1.0,1.0,0.03125,16.0,0.0,16.0,0.0,0.6217798594847775,0.5,0.9242739617405094,1.019321615600646,0.024468183517456055,,,total,laplace_l1,,,,,,,,,,basic (pure DP),,,,,
S4,,64.0,1.0,0.01,16.0,303,laplace,l1,0.001953125,total,l1,16.0,64.0,1.0,1.0,0.03125,16.0,0.0,16.0,0.0,0.6217798594847775,0.5,0.8954598193722925,1.1035659904212214,0.023357391357421875,,,total,laplace_l1,,,,,,,,,,basic (pure DP),,,,,
S4,,64.0,1.0,0.01,16.0,404,laplace,l1,0.001953125,total,l1,16.0,64.0,1.0,1.0,0.03125,16.0,0.0,16.0,0.0,0.6217798594847775,0.5,0.888982176278183,1.232704793079889,0.03209424018859863,,,total,laplace_l1,,,,,,,,,,basic (pure DP),,,,,
S4,,64.0,1.0,0.01,16.0,505,laplace,l1,0.001953125,total,l1,16.0,64.0,1.0,1.0,0.03125,16.0,0.0,16.0,0.0,0.6217798594847775,0.5,0.9301394063423765,1.017295452180504,0.023853540420532227,,,total,laplace_l1,,,,,,,,,,basic (pure DP),,,,,
S4,,64.0,1.0,0.01,16.0,101,gaussian,l1,0.010755544640512295,total,l1,16.0,64.0,1.0,1.0,0.03125,,,16.0,1e-05,0.6217798594847775,0.5,0.7576568539994053,0.6291733899539746,0.02218937873840332,,,total,gaussian_l1,,,,,,,,,,exact Gaussian composition (mu-GDP),,,,,
S4,,64.0,1.0,0.01,16.0,202,gaussian,l1,0.010755544640512295,total,l1,16.0,64.0,1.0,1.0,0.03125,,,16.0,1e-05,0.6217798594847775,0.5,0.843370473375196,0.6060803856306,0.022601842880249023,,,total,gaussian_l1,,,,,,,,,,exact Gaussian composition (mu-GDP),,,,,
S4,,64.0,1.0,0.01,16.0,303,gaussian,l1,0.010755544640512295,total,l1,16.0,64.0,1.0,1.0,0.03125,,,16.0,1e-05,0.6217798594847775,0.5,0.7515406995388104,0.64191136508833,0.022999286651611328,,,total,gaussian_l1,,,,,,,,,,exact Gaussian composition (mu-GDP),,,,,
S4,,64.0,1.0,0.01,16.0,404,gaussian,l1,0.010755544640512295,total,l1,16.0,64.0,1.0,1.0,0.03125,,,16.0,1e-05,0.6217798594847775,0.5,0.6550290648522269,0.6476962573826286,0.022876262664794922,,,total,gaussian_l1,,,,,,,,,,exact Gaussian composition (mu-GDP),,,,,
S4,,64.0,1.0,0.01,16.0,505,gaussian,l1,0.010755544640512295,total,l1,16.0,64.0,1.0,1.0,0.03125,,,16.0,1e-05,0.6217798594847775,0.5,0.7215546343425864,0.6550207791075109,0.022213459014892578,,,total,gaussian_l1,,,,,,,,,,exact Gaussian composition (mu-GDP),,,,,
S4,,64.0,1.0,0.01,16.0,101,gaussian,l2,0.010755544640512295,total,l2,16.0,64.0,1.0,1.0,0.03125,,,16.0,1e-05,0.9344262295081968,0.9327164704716261,0.9693201098459009,0.21284132140899797,0.023238420486450195,,,total,gaussian_l2,,,,,,,,,,exact Gaussian composition (mu-GDP),,,,,
S4,,64.0,1.0,0.01,16.0,202,gaussian,l2,0.010755544640512295,total,l2,16.0,64.0,1.0,1.0,0.03125,,,16.0,1e-05,0.9215456674473068,0.9169013427553596,0.9720371050590917,0.2270885780196648,0.024071216583251953,,,total,gaussian_l2,,,,,,,,,,exact Gaussian composition (mu-GDP),,,,,
S4,,64.0,1.0,0.01,16.0,303,gaussian,l2,0.010755544640512295,total,l2,16.0,64.0,1.0,1.0,0.03125,,,16.0,1e-05,0.9285714285714286,0.9292211086040125,0.9736871257572313,0.21428549322441884,0.024488210678100586,,,total,gaussian_l2,,,,,,,,,,exact Gaussian composition (mu-GDP),,,,,
S4,,64.0,1.0,0.01,16.0,404,gaussian,l2,0.010755544640512295,total,l2,16.0,64.0,1.0,1.0,0.03125,,,16.0,1e-05,0.9203747072599532,0.9189915633217307,0.9704628803647537,0.22181782108570122,0.022911787033081055,,,total,gaussian_l2,,,,,,,,,,exact Gaussian composition (mu-GDP),,,,,
S4,,64.0,1.0,0.01,16.0,505,gaussian,l2,0.010755544640512295,total,l2,16.0,64.0,1.0,1.0,0.03125,,,16.0,1e-05,0.914519906323185,0.9227726178190574,0.970596980986864,0.22220539743531595,0.02330470085144043,,,total,gaussian_l2,,,,,,,,,,exact Gaussian composition (mu-GDP),,,,,
S7,,,,,0.2,101,laplace,,5.0,,,,,,,,,,,,0.5456908665105387,0.545319072023695,0.5467356118778168,,,,,,,,,,,,,,,,,,7.0710678118654755,200.0,0.9672131147540983,0.9942978083293977
S7,,,,,0.2,101,gaussian,,16.304133420877157,,,,,,,,,,,,0.511668618266979,0.5121179589885315,0.516560814632127,,,,,,,,,,,,,,,,,,16.304133420877157,200.0,0.9672131147540983,0.9942978083293977
S7,,,,,0.3,101,laplace,,3.3333333333333335,,,,,,,,,,,,0.5658723653395783,0.5651709345647269,0.5686610927451563,,,,,,,,,,,,,,,,,,4.714045207910317,200.0,0.9672131147540983,0.9942978083293977
S7,,,,,0.3,101,gaussian,,11.238044464492786,,,,,,,,,,,,0.5152868852459016,0.515206442077277,0.5234287779935048,,,,,,,,,,,,,,,,,,11.238044464492786,200.0,0.9672131147540983,0.9942978083293977
S7,,,,,0.4,101,laplace,,2.5,,,,,,,,,,,,0.5853454332552692,0.5853020324989943,0.5918741144986095,,,,,,,,,,,,,,,,,,3.5355339059327378,200.0,0.9672131147540983,0.9942978083293977
S7,,,,,0.4,101,gaussian,,8.629573588246668,,,,,,,,,,,,0.5211065573770491,0.5207473340213279,0.5298978503087229,,,,,,,,,,,,,,,,,,8.629573588246668,200.0,0.9672131147540983,0.9942978083293977
S7,,,,,0.5,101,laplace,,2.0,,,,,,,,,,,,0.6035538641686182,0.602584949828876,0.6116951484727104,,,,,,,,,,,,,,,,,,2.8284271247461903,200.0,0.9672131147540983,0.9942978083293977
S7,,,,,0.5,101,gaussian,,7.031826675582501,,,,,,,,,,,,0.5275878220140515,0.527438736422312,0.5376159824619708,,,,,,,,,,,,,,,,,,7.031826675582501,200.0,0.9672131147540983,0.9942978083293977
S7,,,,,1.0,101,laplace,,1.0,,,,,,,,,,,,0.6844613583138173,0.6830357757137944,0.7074936010681406,,,,,,,,,,,,,,,,,,1.4142135623730951,200.0,0.9672131147540983,0.9942978083293977
S7,,,,,1.0,101,gaussian,,3.730631634815936,,,,,,,,,,,,0.5494262295081966,0.549059575658988,0.5703658323275786,,,,,,,,,,,,,,,,,,3.730631634815936,200.0,0.9672131147540983,0.9942978083293977
S7,,,,,2.0,101,laplace,,0.5,,,,,,,,,,,,0.7946252927400468,0.7925309160238583,0.8397073982730173,,,,,,,,,,,,,,,,,,0.7071067811865476,200.0,0.9672131147540983,0.9942978083293977
S7,,,,,2.0,101,gaussian,,1.993812445643537,,,,,,,,,,,,0.5904976580796253,0.5903031694390513,0.6270038422743466,,,,,,,,,,,,,,,,,,1.993812445643537,200.0,0.9672131147540983,0.9942978083293977
S7,,,,,4.0,101,laplace,,0.25,,,,,,,,,,,,0.9036299765807962,0.9004814212333758,0.9436189676584283,,,,,,,,,,,,,,,,,,0.3535533905932738,200.0,0.9672131147540983,0.9942978083293977
S7,,,,,4.0,101,gaussian,,1.08116184952024,,,,,,,,,,,,0.66596018735363,0.664911085457079,0.7257915434981603,,,,,,,,,,,,,,,,,,1.08116184952024,200.0,0.9672131147540983,0.9942978083293977
S7,,,,,6.0,101,laplace,,0.16666666666666666,,,,,,,,,,,,0.9444496487119437,0.9412193827873105,0.9680798248529265,,,,,,,,,,,,,,,,,,0.23570226039551584,200.0,0.9672131147540983,0.9942978083293977
S7,,,,,6.0,101,gaussian,,0.7636351799316785,,,,,,,,,,,,0.7271077283372367,0.7253396827062671,0.7993850028860785,,,,,,,,,,,,,,,,,,0.7636351799316785,200.0,0.9672131147540983,0.9942978083293977
S7,,,,,8.0,101,laplace,,0.125,,,,,,,,,,,,0.9589754098360654,0.9558380268551072,0.9742581903412569,,,,,,,,,,,,,,,,,,0.1767766952966369,200.0,0.9672131147540983,0.9942978083293977
S7,,,,,8.0,101,gaussian,,0.6002290721989517,,,,,,,,,,,,0.7780913348946135,0.7765278142181643,0.8551899564464501,,,,,,,,,,,,,,,,,,0.6002290721989517,200.0,0.9672131147540983,0.9942978083293977
S7,,,,,0.2,202,laplace,,5.0,,,,,,,,,,,,0.5441627634660422,0.543987175899203,0.546844962189455,,,,,,,,,,,,,,,,,,7.0710678118654755,200.0,0.9695550351288056,0.9948458717415006
S7,,,,,0.2,202,gaussian,,16.304133420877157,,,,,,,,,,,,0.5123536299765808,0.5126051378029653,0.5173185706039775,,,,,,,,,,,,,,,,,,16.304133420877157,200.0,0.9695550351288056,0.9948458717415006
S7,,,,,0.3,202,laplace,,3.3333333333333335,,,,,,,,,,,,0.5645491803278688,0.5639037711427122,0.5691839102575315,,,,,,,,,,,,,,,,,,4.714045207910317,200.0,0.9695550351288056,0.9948458717415006
S7,,,,,0.3,202,gaussian,,11.238044464492786,,,,,,,,,,,,0.5173360655737705,0.5171544285272837,0.5228729600671669,,,,,,,,,,,,,,,,,,11.238044464492786,200.0,0.9695550351288056,0.9948458717415006
S7,,,,,0.4,202,laplace,,2.5,,,,,,,,,,,,0.583612412177986,0.5832323351582679,0.5906675295750177,,,,,,,,,,,,,,,,,,3.5355339059327378,200.0,0.9695550351288056,0.9948458717415006
S7,,,,,0.4,202,gaussian,,8.629573588246668,,,,,,,,,,,,0.5210011709601874,0.5201653664736784,0.529064502399235,,,,,,,,,,,,,,,,,,8.629573588246668,200.0,0.9695550351288056,0.9948458717415006
S7,,,,,0.5,202,laplace,,2.0,,,,,,,,,,,,0.6047716627634661,0.6041281564662736,0.6147501938628559,,,,,,,,,,,,,,,,,,2.8284271247461903,200.0,0.9695550351288056,0.9948458717415006
S7,,,,,0.5,202,gaussian,,7.031826675582501,,,,,,,,,,,,0.5281557377049181,0.5282319561782489,0.5393391171514695,,,,,,,,,,,,,,,,,,7.031826675582501,200.0,0.9695550351288056,0.9948458717415006
S7,,,,,1.0,202,laplace,,1.0,,,,,,,,,,,,0.6829332552693208,0.6810884160384344,0.7057424801618537,,,,,,,,,,,,,,,,,,1.4142135623730951,200.0,0.9695550351288056,0.9948458717415006
S7,,,,,1.0,202,gaussian,,3.730631634815936,,,,,,,,,,,,0.5506850117096018,0.5503598415280474,0.5702150274323229,,,,,,,,,,,,,,,,,,3.730631634815936,200.0,0.9695550351288056,0.9948458717415006
S7,,,,,2.0,202,laplace,,0.5,,,,,,,,,,,,0.7964110070257611,0.7938971535685342,0.8402162518293074,,,,,,,,,,,,,,,,,,0.7071067811865476,200.0,0.9695550351288056,0.9948458717415006
S7,,,,,2.0,202,gaussian,,1.993812445643537,,,,,,,,,,,,0.5923419203747072,0.5914436223493262,0.6278241882539516,,,,,,,,,,,,,,,,,,1.993812445643537,200.0,0.9695550351288056,0.9948458717415006
S7,,,,,4.0,202,laplace,,0.25,,,,,,,,,,,,0.9054800936768149,0.9020207214613469,0.9445622489257375,,,,,,,,,,,,,,,,,,0.3535533905932738,200.0,0.9695550351288056,0.9948458717415006
S7,,,,,4.0,202,gaussian,,1.08116184952024,,,,,,,,,,,,0.6676405152224825,0.6659409345064222,0.7270897249771154,,,,,,,,,,,,,,,,,,1.08116184952024,200.0,0.9695550351288056,0.9948458717415006
S7,,,,,6.0,202,laplace,,0.16666666666666666,,,,,,,,,,,,0.9446779859484777,0.9409937001859916,0.9689744509162571,,,,,,,,,,,,,,,,,,0.23570226039551584,200.0,0.9695550351288056,0.9948458717415006
S7,,,,,6.0,202,gaussian,,0.7636351799316785,,,,,,,,,,,,0.726112412177986,0.7242725041250517,0.7988894136304536,,,,,,,,,,,,,,,,,,0.7636351799316785,200.0,0.9695550351288056,0.9948458717415006
S7,,,,,8.0,202,laplace,,0.125,,,,,,,,,,,,0.9600644028103043,0.9562468296863794,0.9751300484511378,,,,,,,,,,,,,,,,,,0.1767766952966369,200.0,0.9695550351288056,0.9948458717415006
S7,,,,,8.0,202,gaussian,,0.6002290721989517,,,,,,,,,,,,0.7796604215456674,0.7769164144991925,0.854852897448007,,,,,,,,,,,,,,,,,,0.6002290721989517,200.0,0.9695550351288056,0.9948458717415006
S7,,,,,0.2,303,laplace,,5.0,,,,,,,,,,,,0.5435889929742389,0.5437562021537726,0.5460521359896917,,,,,,,,,,,,,,,,,,7.0710678118654755,200.0,0.9707259953161592,0.9965658579816108
S7,,,,,0.2,303,gaussian,,16.304133420877157,,,,,,,,,,,,0.5100878220140516,0.5105648114137121,0.5151032866313341,,,,,,,,,,,,,,,,,,16.304133420877157,200.0,0.9707259953161592,0.9965658579816108
S7,,,,,0.3,303,laplace,,3.3333333333333335,,,,,,,,,,,,0.5663524590163934,0.564947598724295,0.5693346276958597,,,,,,,,,,,,,,,,,,4.714045207910317,200.0,0.9707259953161592,0.9965658579816108
S7,,,,,0.3,303,gaussian,,11.238044464492786,,,,,,,,,,,,0.5144906323185012,0.5146389049226588,0.5219686554371973,,,,,,,,,,,,,,,,,,11.238044464492786,200.0,0.9707259953161592,0.9965658579816108
S7,,,,,0.4,303,laplace,,2.5,,,,,,,,,,,,0.584923887587822,0.5842505670124131,0.5906867117944412,,,,,,,,,,,,,,,,,,3.5355339059327378,200.0,0.9707259953161592,0.9965658579816108
S7,,,,,0.4,303,gaussian,,8.629573588246668,,,,,,,,,,,,0.5219730679156909,0.5222415064747279,0.5326389253292753,,,,,,,,,,,,,,,,,,8.629573588246668,200.0,0.9707259953161592,0.9965658579816108
S7,,,,,0.5,303,laplace,,2.0,,,,,,,,,,,,0.6016744730679157,0.6010706185536957,0.6100972521033391,,,,,,,,,,,,,,,,,,2.8284271247461903,200.0,0.9707259953161592,0.9965658579816108
S7,,,,,0.5,303,gaussian,,7.031826675582501,,,,,,,,,,,,0.5261065573770491,0.5260414225160776,0.5381046043157078,,,,,,,,,,,,,,,,,,7.031826675582501,200.0,0.9707259953161592,0.9965658579816108
S7,,,,,1.0,303,laplace,,1.0,,,,,,,,,,,,0.6859367681498828,0.6850408132328161,0.7109036924314773,,,,,,,,,,,,,,,,,,1.4142135623730951,200.0,0.9707259953161592,0.9965658579816108
S7,,,,,1.0,303,gaussian,,3.730631634815936,,,,,,,,,,,,0.5501873536299765,0.5504993207511967,0.5698280888329164,,,,,,,,,,,,,,,,,,3.730631634815936,200.0,0.9707259953161592,0.9965658579816108
S7,,,,,2.0,303,laplace,,0.5,,,,,,,,,,,,0.7955913348946138,0.794274909190557,0.8410941153148741,,,,,,,,,,,,,,,,,,0.7071067811865476,200.0,0.9707259953161592,0.9965658579816108
S7,,,,,2.0,303,gaussian,,1.993812445643537,,,,,,,,,,,,0.5931733021077283,0.5924396109915867,0.6305924040743267,,,,,,,,,,,,,,,,,,1.993812445643537,200.0,0.9707259953161592,0.9965658579816108
S7,,,,,4.0,303,laplace,,0.25,,,,,,,,,,,,0.906639344262295,0.9048447931060619,0.9471054380717496,,,,,,,,,,,,,,,,,,0.3535533905932738,200.0,0.9707259953161592,0.9965658579816108
S7,,,,,4.0,303,gaussian,,1.08116184952024,,,,,,,,,,,,0.6667974238875878,0.6662089025321697,0.7268269460623976,,,,,,,,,,,,,,,,,,1.08116184952024,200.0,0.9707259953161592,0.9965658579816108
S7,,,,,6.0,303,laplace,,0.16666666666666666,,,,,,,,,,,,0.9468384074941452,0.9449533271530437,0.9708621503909325,,,,,,,,,,,,,,,,,,0.23570226039551584,200.0,0.9707259953161592,0.9965658579816108
S7,,,,,6.0,303,gaussian,,0.7636351799316785,,,,,,,,,,,,0.7285889929742387,0.7276010710558384,0.8018420761108487,,,,,,,,,,,,,,,,,,0.7636351799316785,200.0,0.9707259953161592,0.9965658579816108
S7,,,,,8.0,303,laplace,,0.125,,,,,,,,,,,,0.9617037470725995,0.9598965821832748,0.9769017508876878,,,,,,,,,,,,,,,,,,0.1767766952966369,200.0,0.9707259953161592,0.9965658579816108
S7,,,,,8.0,303,gaussian,,0.6002290721989517,,,,,,,,,,,,0.77826112412178,0.7768068455452357,0.8559537177939864,,,,,,,,,,,,,,,,,,0.6002290721989517,200.0,0.9707259953161592,0.9965658579816108
S7,,,,,0.2,404,laplace,,5.0,,,,,,,,,,,,0.5446370023419204,0.5445292193594655,0.5476822165083697,,,,,,,,,,,,,,,,,,7.0710678118654755,200.0,0.9648711943793911,0.9940762507798242
S7,,,,,0.2,404,gaussian,,16.304133420877157,,,,,,,,,,,,0.5117798594847776,0.5116920000233219,0.5159249153125418,,,,,,,,,,,,,,,,,,16.304133420877157,200.0,0.9648711943793911,0.9940762507798242
S7,,,,,0.3,404,laplace,,3.3333333333333335,,,,,,,,,,,,0.5649180327868852,0.5637577326500032,0.567935083637975,,,,,,,,,,,,,,,,,,4.714045207910317,200.0,0.9648711943793911,0.9940762507798242
S7,,,,,0.3,404,gaussian,,11.238044464492786,,,,,,,,,,,,0.5152341920374708,0.5150549229504469,0.5214388122183158,,,,,,,,,,,,,,,,,,11.238044464492786,200.0,0.9648711943793911,0.9940762507798242
S7,,,,,0.4,404,laplace,,2.5,,,,,,,,,,,,0.5805737704918034,0.5797094972392763,0.5862304315124801,,,,,,,,,,,,,,,,,,3.5355339059327378,200.0,0.9648711943793911,0.9940762507798242
S7,,,,,0.4,404,gaussian,,8.629573588246668,,,,,,,,,,,,0.519976580796253,0.5200751546530001,0.5277389760542932,,,,,,,,,,,,,,,,,,8.629573588246668,200.0,0.9648711943793911,0.9940762507798242
S7,,,,,0.5,404,laplace,,2.0,,,,,,,,,,,,0.6010831381733022,0.5999432550302309,0.6087901500177829,,,,,,,,,,,,,,,,,,2.8284271247461903,200.0,0.9648711943793911,0.9940762507798242
S7,,,,,0.5,404,gaussian,,7.031826675582501,,,,,,,,,,,,0.5246896955503513,0.5244048410324582,0.5356317596916851,,,,,,,,,,,,,,,,,,7.031826675582501,200.0,0.9648711943793911,0.9940762507798242
S7,,,,,1.0,404,laplace,,1.0,,,,,,,,,,,,0.6836358313817331,0.681920189723228,0.7074920851480647,,,,,,,,,,,,,,,,,,1.4142135623730951,200.0,0.9648711943793911,0.9940762507798242
S7,,,,,1.0,404,gaussian,,3.730631634815936,,,,,,,,,,,,0.5494086651053864,0.5485664206211774,0.5686286753773767,,,,,,,,,,,,,,,,,,3.730631634815936,200.0,0.9648711943793911,0.9940762507798242
S7,,,,,2.0,404,laplace,,0.5,,,,,,,,,,,,0.7929332552693208,0.7895421775608845,0.8350636977955024,,,,,,,,,,,,,,,,,,0.7071067811865476,200.0,0.9648711943793911,0.9940762507798242
S7,,,,,2.0,404,gaussian,,1.993812445643537,,,,,,,,,,,,0.591844262295082,0.5907190271291389,0.6276179939713025,,,,,,,,,,,,,,,,,,1.993812445643537,200.0,0.9648711943793911,0.9940762507798242
S7,,,,,4.0,404,laplace,,0.25,,,,,,,,,,,,0.9009543325526931,0.8967017223184248,0.9405745045565059,,,,,,,,,,,,,,,,,,0.3535533905932738,200.0,0.9648711943793911,0.9940762507798242
S7,,,,,4.0,404,gaussian,,1.08116184952024,,,,,,,,,,,,0.6662997658079624,0.6645535323853002,0.725293009859311,,,,,,,,,,,,,,,,,,1.08116184952024,200.0,0.9648711943793911,0.9940762507798242
S7,,,,,6.0,404,laplace,,0.16666666666666666,,,,,,,,,,,,0.9406674473067916,0.935882848530432,0.9655257035909816,,,,,,,,,,,,,,,,,,0.23570226039551584,200.0,0.9648711943793911,0.9940762507798242
S7,,,,,6.0,404,gaussian,,0.7636351799316785,,,,,,,,,,,,0.7263231850117096,0.7240296653897955,0.7957182837452556,,,,,,,,,,,,,,,,,,0.7636351799316785,200.0,0.9648711943793911,0.9940762507798242
S7,,,,,8.0,404,laplace,,0.125,,,,,,,,,,,,0.9551170960187352,0.9501431669902572,0.9715902293120638,,,,,,,,,,,,,,,,,,0.1767766952966369,200.0,0.9648711943793911,0.9940762507798242
S7,,,,,8.0,404,gaussian,,0.6002290721989517,,,,,,,,,,,,0.7758782201405152,0.7728562849463306,0.8509286759604229,,,,,,,,,,,,,,,,,,0.6002290721989517,200.0,0.9648711943793911,0.9940762507798242
S7,,,,,0.2,505,laplace,,5.0,,,,,,,,,,,,0.5444028103044496,0.5444409461673458,0.5465102062234349,,,,,,,,,,,,,,,,,,7.0710678118654755,200.0,0.9637002341920374,0.9954464093100814
S7,,,,,0.2,505,gaussian,,16.304133420877157,,,,,,,,,,,,0.511112412177986,0.5106186411525657,0.5149975220537218,,,,,,,,,,,,,,,,,,16.304133420877157,200.0,0.9637002341920374,0.9954464093100814
S7,,,,,0.3,505,laplace,,3.3333333333333335,,,,,,,,,,,,0.5641861826697891,0.5637513337181438,0.5676866185070519,,,,,,,,,,,,,,,,,,4.714045207910317,200.0,0.9637002341920374,0.9954464093100814
S7,,,,,0.3,505,gaussian,,11.238044464492786,,,,,,,,,,,,0.5171077283372365,0.5164402406814643,0.5242764105344784,,,,,,,,,,,,,,,,,,11.238044464492786,200.0,0.9637002341920374,0.9954464093100814
S7,,,,,0.4,505,laplace,,2.5,,,,,,,,,,,,0.5838348946135831,0.583283905593162,0.589973383941742,,,,,,,,,,,,,,,,,,3.5355339059327378,200.0,0.9637002341920374,0.9954464093100814
S7,,,,,0.4,505,gaussian,,8.629573588246668,,,,,,,,,,,,0.520480093676815,0.5200283068921889,0.5298830117833633,,,,,,,,,,,,,,,,,,8.629573588246668,200.0,0.9637002341920374,0.9954464093100814
S7,,,,,0.5,505,laplace,,2.0,,,,,,,,,,,,0.604139344262295,0.6035135674846805,0.6130878417379441,,,,,,,,,,,,,,,,,,2.8284271247461903,200.0,0.9637002341920374,0.9954464093100814
S7,,,,,0.5,505,gaussian,,7.031826675582501,,,,,,,,,,,,0.5285011709601873,0.5285067021158746,0.5402093427320378,,,,,,,,,,,,,,,,,,7.031826675582501,200.0,0.9637002341920374,0.9954464093100814
S7,,,,,1.0,505,laplace,,1.0,,,,,,,,,,,,0.6822248243559719,0.6810129261338791,0.7070168733565384,,,,,,,,,,,,,,,,,,1.4142135623730951,200.0,0.9637002341920374,0.9954464093100814
S7,,,,,1.0,505,gaussian,,3.730631634815936,,,,,,,,,,,,0.5501814988290398,0.5498124486190551,0.5705123809856978,,,,,,,,,,,,,,,,,,3.730631634815936,200.0,0.9637002341920374,0.9954464093100814
S7,,,,,2.0,505,laplace,,0.5,,,,,,,,,,,,0.7943852459016394,0.7925319217785242,0.8398754613352923,,,,,,,,,,,,,,,,,,0.7071067811865476,200.0,0.9637002341920374,0.9954464093100814
S7,,,,,2.0,505,gaussian,,1.993812445643537,,,,,,,,,,,,0.591943793911007,0.591202299534146,0.6271294304221837,,,,,,,,,,,,,,,,,,1.993812445643537,200.0,0.9637002341920374,0.9954464093100814
S7,,,,,4.0,505,laplace,,0.25,,,,,,,,,,,,0.9021896955503513,0.899717368362748,0.9430086640662807,,,,,,,,,,,,,,,,,,0.3535533905932738,200.0,0.9637002341920374,0.9954464093100814
S7,,,,,4.0,505,gaussian,,1.08116184952024,,,,,,,,,,,,0.6644262295081966,0.6631409280929143,0.7233235964620758,,,,,,,,,,,,,,,,,,1.08116184952024,200.0,0.9637002341920374,0.9954464093100814
S7,,,,,6.0,505,laplace,,0.16666666666666666,,,,,,,,,,,,0.9421604215456674,0.9392602747313614,0.9673907808737531,,,,,,,,,,,,,,,,,,0.23570226039551584,200.0,0.9637002341920374,0.9954464093100814
S7,,,,,6.0,505,gaussian,,0.7636351799316785,,,,,,,,,,,,0.7283489461358313,0.7267501297277758,0.8001975360468303,,,,,,,,,,,,,,,,,,0.7636351799316785,200.0,0.9637002341920374,0.9954464093100814
S7,,,,,8.0,505,laplace,,0.125,,,,,,,,,,,,0.9568735362997657,0.9540629281745407,0.9728052684053103,,,,,,,,,,,,,,,,,,0.1767766952966369,200.0,0.9637002341920374,0.9954464093100814
S7,,,,,8.0,505,gaussian,,0.6002290721989517,,,,,,,,,,,,0.7776990632318501,0.7754513797787923,0.8535408103175854,,,,,,,,,,,,,,,,,,0.6002290721989517,200.0,0.9637002341920374,0.9954464093100814
